Date,Description,Amount,Transaction Type,Category,Account Name
01-01-2020,Rent/ Mortgage,1400,debit,Mortgage & Rent,Savings
01-01-2020,Eversource Electricity,77.75,debit,Utilities,Checking
01-01-2020,National Grid Gas,77.61,debit,Utilities,Checking
01-01-2020,Heating fuel,195.29,debit,Utilities,Checking
01-01-2020,Dominos,53.21,debit,Restaurants,Credit Card
01-01-2020,Boston Shawarma,53.59,debit,Restaurants,Credit Card
01-01-2020,Boston Halal,35.06,debit,Restaurants,Credit Card
01-01-2020,Credit Transaction,12.08,credit,Cashback Rewards,Savings
01-01-2020,Ace Hardware,236.27,debit,Grocery shopping,Credit Card
01-02-2020,Dominos,25.98,debit,Restaurants,Credit Card
01-02-2020,Boston Halal,78.16,debit,Restaurants,Credit Card
01-02-2020,Mama-cita,28.57,debit,Restaurants,Credit Card
01-03-2020,Trader Joes,161.49,debit,Grocery shopping,Credit Card
01-03-2020,Boston Halal,74.36,debit,Restaurants,Credit Card
01-04-2020,Stop and Shop,239.07,debit,Grocery shopping,Credit Card
01-04-2020,Dominos,51.25,debit,Restaurants,Credit Card
01-04-2020,Credit Transaction,12.08,credit,Cashback Rewards,Savings
01-05-2020,Market Basket,246.45,debit,Grocery shopping,Credit Card
01-05-2020,Stop and Shop,187.77,debit,Grocery shopping,Credit Card
01-06-2020,Amazon,73.07,debit,Shopping,Credit Card
01-06-2020,MBTA,18.48,debit,Travel expenses,Credit Card
01-06-2020,Temu,77.82,debit,Shopping,Credit Card
01-06-2020,Stop and Shop,232.32,debit,Grocery shopping,Credit Card
01-07-2020,Karaoke,21.36,debit,Entertainment,Credit Card
01-07-2020,StandUp show,69.05,debit,Entertainment,Credit Card
01-07-2020,Dominos,76.68,debit,Restaurants,Credit Card
01-08-2020,Trader Joes,199.37,debit,Grocery shopping,Credit Card
01-08-2020,Boston Shawarma,69.08,debit,Restaurants,Credit Card
01-08-2020,Mama-cita,78.35,debit,Restaurants,Credit Card
01-08-2020,Market Basket,231.61,debit,Grocery shopping,Credit Card
01-09-2020,Ace Hardware,185.44,debit,Grocery shopping,Credit Card
01-10-2020,StandUp show,38.22,debit,Entertainment,Credit Card
01-10-2020,Mall,46.02,debit,Shopping,Credit Card
01-11-2020,Trader Joes,160.76,debit,Grocery shopping,Credit Card
01-11-2020,Market Basket,161.21,debit,Grocery shopping,Credit Card
01-11-2020,Stop and Shop,229.57,debit,Grocery shopping,Credit Card
01-12-2020,Boston Shawarma,28.37,debit,Restaurants,Credit Card
01-12-2020,Ace Hardware,151.56,debit,Grocery shopping,Credit Card
01-12-2020,Dominos,48.67,debit,Restaurants,Credit Card
01-13-2020,Dominos,51.91,debit,Restaurants,Credit Card
01-13-2020,Monthly direct deposit - Salary,6000,credit,Salary,Savings
01-13-2020,Amazon,41.12,debit,Shopping,Credit Card
01-15-2020,Market Basket,172.34,debit,Grocery shopping,Credit Card
01-15-2020,Dominos,36.74,debit,Restaurants,Credit Card
01-15-2020,Mall,50.17,debit,Shopping,Credit Card
01-15-2020,Stop and Shop,183.58,debit,Grocery shopping,Credit Card
01-16-2020,Amazon,37.38,debit,Shopping,Credit Card
01-16-2020,Lyft,24.22,debit,Travel expenses,Credit Card
01-16-2020,MBTA,22.81,debit,Travel expenses,Credit Card
01-17-2020,Mall,73.74,debit,Shopping,Credit Card
01-17-2020,Lyft,12.34,debit,Travel expenses,Credit Card
01-17-2020,Ace Hardware,175.43,debit,Grocery shopping,Credit Card
01-17-2020,Stop and Shop,175.53,debit,Grocery shopping,Credit Card
01-18-2020,Lyft,14.34,debit,Travel expenses,Credit Card
01-18-2020,Boston Halal,72.69,debit,Restaurants,Credit Card
01-20-2020,Boston Shawarma,64.36,debit,Restaurants,Credit Card
01-21-2020,Uber,13.35,debit,Travel expenses,Credit Card
01-21-2020,Market Basket,233.51,debit,Grocery shopping,Credit Card
01-21-2020,MBTA,13.6,debit,Travel expenses,Credit Card
01-22-2020,Market Basket,169.2,debit,Grocery shopping,Credit Card
01-22-2020,Trader Joes,211.07,debit,Grocery shopping,Credit Card
01-22-2020,Lyft,14.92,debit,Travel expenses,Credit Card
01-22-2020,Boston Shawarma,59.26,debit,Restaurants,Credit Card
01-22-2020,Mall,55.53,debit,Shopping,Credit Card
01-22-2020,Uber,12.49,debit,Travel expenses,Credit Card
01-22-2020,Dominos,60.84,debit,Restaurants,Credit Card
01-23-2020,Mall,45.18,debit,Shopping,Credit Card
01-23-2020,Market Basket,221.2,debit,Grocery shopping,Credit Card
01-24-2020,Dominos,41.7,debit,Restaurants,Credit Card
01-24-2020,Mama-cita,69.2,debit,Restaurants,Credit Card
01-24-2020,Stop and Shop,215.48,debit,Grocery shopping,Credit Card
01-24-2020,Boston Halal,62.59,debit,Restaurants,Credit Card
01-24-2020,Boston Shawarma,33.6,debit,Restaurants,Credit Card
01-25-2020,Boston Shawarma,45.82,debit,Restaurants,Credit Card
01-25-2020,Trader Joes,200.44,debit,Grocery shopping,Credit Card
01-26-2020,Market Basket,210.84,debit,Grocery shopping,Credit Card
01-29-2020,Dominos,65.94,debit,Restaurants,Credit Card
01-29-2020,Uber,11.26,debit,Travel expenses,Credit Card
01-29-2020,Boston Halal,34.61,debit,Restaurants,Credit Card
01-29-2020,Mama-cita,43.69,debit,Restaurants,Credit Card
01-30-2020,StandUp show,37.11,debit,Entertainment,Credit Card
01-30-2020,Dominos,27.17,debit,Restaurants,Credit Card
02-01-2020,Stop and Shop,233.46,debit,Grocery shopping,Credit Card
02-01-2020,Rent/ Mortgage,1400,debit,Mortgage & Rent,Savings
02-01-2020,Eversource Electricity,55.42,debit,Utilities,Checking
02-01-2020,National Grid Gas,76.98,debit,Utilities,Checking
02-01-2020,Heating fuel,156.32,debit,Utilities,Checking
02-01-2020,Mama-cita,52.37,debit,Restaurants,Credit Card
02-01-2020,Uber,15.19,debit,Travel expenses,Credit Card
02-01-2020,Credit Transaction,9.65,credit,Cashback Rewards,Savings
02-01-2020,Boston Shawarma,32.34,debit,Restaurants,Credit Card
02-01-2020,MBTA,24.87,debit,Travel expenses,Credit Card
02-01-2020,Amazon,67.34,debit,Shopping,Credit Card
02-02-2020,MBTA,10.26,debit,Travel expenses,Credit Card
02-02-2020,Uber,21.27,debit,Travel expenses,Credit Card
02-03-2020,Boston Halal,49.3,debit,Restaurants,Credit Card
02-03-2020,Mama-cita,58.39,debit,Restaurants,Credit Card
02-03-2020,Boston Shawarma,67.56,debit,Restaurants,Credit Card
02-03-2020,Mall,45.51,debit,Shopping,Credit Card
02-03-2020,Dominos,73.72,debit,Restaurants,Credit Card
02-04-2020,MBTA,24.77,debit,Travel expenses,Credit Card
02-05-2020,Temu,45.08,debit,Shopping,Credit Card
02-05-2020,Amazon,27.18,debit,Shopping,Credit Card
02-05-2020,Trader Joes,225.18,debit,Grocery shopping,Credit Card
02-07-2020,Market Basket,169.34,debit,Grocery shopping,Credit Card
02-07-2020,Credit Transaction,176.67,credit,Dividends,Savings
02-07-2020,Boston Halal,67.74,debit,Restaurants,Credit Card
02-08-2020,Amazon,28.34,debit,Shopping,Credit Card
02-08-2020,Mall,69.23,debit,Shopping,Credit Card
02-09-2020,Boston Shawarma,64.79,debit,Restaurants,Credit Card
02-09-2020,Boston Halal,64.24,debit,Restaurants,Credit Card
02-09-2020,Ice skating,45.91,debit,Entertainment,Credit Card
02-09-2020,Mama-cita,63.3,debit,Restaurants,Credit Card
02-09-2020,Dominos,58.26,debit,Restaurants,Credit Card
02-10-2020,Ace Hardware,234.83,debit,Grocery shopping,Credit Card
02-10-2020,Lyft,24.37,debit,Travel expenses,Credit Card
02-11-2020,Dominos,44.14,debit,Restaurants,Credit Card
02-11-2020,Amazon,51.73,debit,Shopping,Credit Card
02-11-2020,Lyft,24.03,debit,Travel expenses,Credit Card
02-11-2020,Mama-cita,25.67,debit,Restaurants,Credit Card
02-12-2020,Amazon,46.35,debit,Shopping,Credit Card
02-13-2020,Mama-cita,70.96,debit,Restaurants,Credit Card
02-13-2020,Ice skating,45.31,debit,Entertainment,Credit Card
02-13-2020,Monthly direct deposit - Salary,6000,credit,Salary,Savings
02-14-2020,Amazon,77.56,debit,Shopping,Credit Card
02-14-2020,Lyft,12.32,debit,Travel expenses,Credit Card
02-14-2020,MBTA,20.6,debit,Travel expenses,Credit Card
02-15-2020,Ace Hardware,246.32,debit,Grocery shopping,Credit Card
02-16-2020,Karaoke,39.06,debit,Entertainment,Credit Card
02-16-2020,Lyft,22.03,debit,Travel expenses,Credit Card
02-16-2020,Boston Shawarma,48.71,debit,Restaurants,Credit Card
02-16-2020,Mall,75.26,debit,Shopping,Credit Card
02-16-2020,Dominos,73.57,debit,Restaurants,Credit Card
02-16-2020,Boston Halal,56.27,debit,Restaurants,Credit Card
02-17-2020,Mall,48.75,debit,Shopping,Credit Card
02-17-2020,StandUp show,26.08,debit,Entertainment,Credit Card
02-17-2020,Uber,27.65,debit,Travel expenses,Credit Card
02-17-2020,Credit Transaction,52.31,credit,Dividends,Savings
02-19-2020,Ace Hardware,219.76,debit,Grocery shopping,Credit Card
02-20-2020,Boston Halal,77.79,debit,Restaurants,Credit Card
02-21-2020,Mall,49.26,debit,Shopping,Credit Card
02-23-2020,Ace Hardware,178.45,debit,Grocery shopping,Credit Card
02-25-2020,Temu,63.22,debit,Shopping,Credit Card
02-25-2020,Mall,66.82,debit,Shopping,Credit Card
02-25-2020,Uber,21.87,debit,Travel expenses,Credit Card
02-25-2020,Market Basket,204.89,debit,Grocery shopping,Credit Card
02-26-2020,Market Basket,247.74,debit,Grocery shopping,Credit Card
02-26-2020,Boston Halal,45.21,debit,Restaurants,Credit Card
02-27-2020,Boston Shawarma,43.72,debit,Restaurants,Credit Card
02-27-2020,Mall,36.28,debit,Shopping,Credit Card
02-28-2020,Karaoke,52.75,debit,Entertainment,Credit Card
02-28-2020,Amazon,45.71,debit,Shopping,Credit Card
02-29-2020,Amazon,50.49,debit,Shopping,Credit Card
02-29-2020,MBTA,10.72,debit,Travel expenses,Credit Card
02-29-2020,Boston Shawarma,72.51,debit,Restaurants,Credit Card
02-29-2020,Temu,66.31,debit,Shopping,Credit Card
02-29-2020,Dominos,61.98,debit,Restaurants,Credit Card
03-01-2020,Boston Halal,49.31,debit,Restaurants,Credit Card
03-01-2020,Rent/ Mortgage,1400,debit,Mortgage & Rent,Savings
03-01-2020,Eversource Electricity,63.4,debit,Utilities,Checking
03-01-2020,National Grid Gas,50.29,debit,Utilities,Checking
03-01-2020,Heating fuel,180.46,debit,Utilities,Checking
03-01-2020,Market Basket,157.49,debit,Grocery shopping,Credit Card
03-01-2020,Mall,75.45,debit,Shopping,Credit Card
03-01-2020,Credit Transaction,16.03,credit,Cashback Rewards,Savings
03-02-2020,Dominos,50.14,debit,Restaurants,Credit Card
03-02-2020,Amazon,77.81,debit,Shopping,Credit Card
03-02-2020,Temu,59.23,debit,Shopping,Credit Card
03-02-2020,Mama-cita,59.23,debit,Restaurants,Credit Card
03-02-2020,Boston Shawarma,60.46,debit,Restaurants,Credit Card
03-03-2020,Mama-cita,41.98,debit,Restaurants,Credit Card
03-03-2020,Ace Hardware,233.54,debit,Grocery shopping,Credit Card
03-04-2020,Uber,17.22,debit,Travel expenses,Credit Card
03-04-2020,Temu,69.84,debit,Shopping,Credit Card
03-05-2020,Temu,58.03,debit,Shopping,Credit Card
03-05-2020,Boston Halal,77.27,debit,Restaurants,Credit Card
03-05-2020,Mama-cita,58.68,debit,Restaurants,Credit Card
03-05-2020,Mall,69.49,debit,Shopping,Credit Card
03-05-2020,Credit Transaction,18.24,credit,Cashback Rewards,Savings
03-06-2020,Mall,27.03,debit,Shopping,Credit Card
03-06-2020,MBTA,18.2,debit,Travel expenses,Credit Card
03-07-2020,Mama-cita,56.58,debit,Restaurants,Credit Card
03-07-2020,Credit Transaction,93.45,credit,Dividends,Savings
03-08-2020,Boston Halal,44.07,debit,Restaurants,Credit Card
03-08-2020,Boston Shawarma,65.14,debit,Restaurants,Credit Card
03-08-2020,Ace Hardware,182.09,debit,Grocery shopping,Credit Card
03-08-2020,Mama-cita,72,debit,Restaurants,Credit Card
03-08-2020,Stop and Shop,203.52,debit,Grocery shopping,Credit Card
03-08-2020,Mall,65.26,debit,Shopping,Credit Card
03-08-2020,Karaoke,27.09,debit,Entertainment,Credit Card
03-09-2020,Stop and Shop,228.49,debit,Grocery shopping,Credit Card
03-10-2020,Market Basket,204.36,debit,Grocery shopping,Credit Card
03-11-2020,Boston Shawarma,74.28,debit,Restaurants,Credit Card
03-11-2020,Amazon,76.54,debit,Shopping,Credit Card
03-11-2020,StandUp show,48.9,debit,Entertainment,Credit Card
03-11-2020,Mall,29.84,debit,Shopping,Credit Card
03-11-2020,Trader Joes,196.01,debit,Grocery shopping,Credit Card
03-12-2020,Trader Joes,233.08,debit,Grocery shopping,Credit Card
03-12-2020,Mama-cita,26.7,debit,Restaurants,Credit Card
03-13-2020,Mall,24.35,debit,Shopping,Credit Card
03-13-2020,Amazon,78.12,debit,Shopping,Credit Card
03-13-2020,Credit Transaction,76.45,credit,Dividends,Savings
03-13-2020,Monthly direct deposit - Salary,6000,credit,Salary,Savings
03-13-2020,Ice skating,35.69,debit,Entertainment,Credit Card
03-14-2020,Amazon,60.8,debit,Shopping,Credit Card
03-14-2020,Mama-cita,58.69,debit,Restaurants,Credit Card
03-14-2020,Ace Hardware,155,debit,Grocery shopping,Credit Card
03-14-2020,Mall,20.25,debit,Shopping,Credit Card
03-15-2020,Boston Shawarma,65.12,debit,Restaurants,Credit Card
03-15-2020,Lyft,20.05,debit,Travel expenses,Credit Card
03-15-2020,Stop and Shop,203.31,debit,Grocery shopping,Credit Card
03-15-2020,Uber,13.68,debit,Travel expenses,Credit Card
03-15-2020,Ice skating,35.57,debit,Entertainment,Credit Card
03-16-2020,Mall,32.95,debit,Shopping,Credit Card
03-16-2020,Boston Shawarma,52.05,debit,Restaurants,Credit Card
03-16-2020,Temu,64.41,debit,Shopping,Credit Card
03-16-2020,Boston Halal,51.47,debit,Restaurants,Credit Card
03-16-2020,Dominos,76.12,debit,Restaurants,Credit Card
03-16-2020,Mama-cita,45.79,debit,Restaurants,Credit Card
03-17-2020,Boston Shawarma,42.07,debit,Restaurants,Credit Card
03-17-2020,Temu,33.2,debit,Shopping,Credit Card
03-17-2020,Boston Halal,50.14,debit,Restaurants,Credit Card
03-18-2020,Mama-cita,60.76,debit,Restaurants,Credit Card
03-18-2020,Lyft,18.77,debit,Travel expenses,Credit Card
03-18-2020,Dominos,70.14,debit,Restaurants,Credit Card
03-19-2020,Boston Halal,72.22,debit,Restaurants,Credit Card
03-19-2020,Credit Transaction,5.82,credit,Cashback Rewards,Savings
03-19-2020,Amazon,23.2,debit,Shopping,Credit Card
03-20-2020,Lyft,13.15,debit,Travel expenses,Credit Card
03-20-2020,Boston Shawarma,66.81,debit,Restaurants,Credit Card
03-21-2020,Boston Halal,26.86,debit,Restaurants,Credit Card
03-21-2020,Karaoke,65.4,debit,Entertainment,Credit Card
03-21-2020,Boston Shawarma,47.85,debit,Restaurants,Credit Card
03-21-2020,Dominos,52.91,debit,Restaurants,Credit Card
03-22-2020,Uber,22.19,debit,Travel expenses,Credit Card
03-22-2020,Temu,69.87,debit,Shopping,Credit Card
03-22-2020,Mall,51.05,debit,Shopping,Credit Card
03-22-2020,Trader Joes,152.62,debit,Grocery shopping,Credit Card
03-22-2020,Ace Hardware,227.26,debit,Grocery shopping,Credit Card
03-23-2020,Mall,20.68,debit,Shopping,Credit Card
03-23-2020,Dominos,76.04,debit,Restaurants,Credit Card
03-24-2020,Lyft,11.93,debit,Travel expenses,Credit Card
03-24-2020,Boston Shawarma,27.26,debit,Restaurants,Credit Card
03-24-2020,MBTA,25.9,debit,Travel expenses,Credit Card
03-24-2020,Mama-cita,69.69,debit,Restaurants,Credit Card
03-24-2020,Boston Halal,44.95,debit,Restaurants,Credit Card
03-24-2020,Uber,27.77,debit,Travel expenses,Credit Card
03-25-2020,Credit Transaction,95.45,credit,Dividends,Savings
03-25-2020,Boston Shawarma,29.13,debit,Restaurants,Credit Card
03-25-2020,Ace Hardware,197.34,debit,Grocery shopping,Credit Card
03-25-2020,AMC Boston,58.04,debit,Entertainment,Credit Card
03-25-2020,Dominos,78.52,debit,Restaurants,Credit Card
03-26-2020,MBTA,12.59,debit,Travel expenses,Credit Card
03-26-2020,Mama-cita,39.36,debit,Restaurants,Credit Card
03-26-2020,Dominos,50.32,debit,Restaurants,Credit Card
03-26-2020,Mall,79.19,debit,Shopping,Credit Card
03-26-2020,Uber,20.35,debit,Travel expenses,Credit Card
03-26-2020,Boston Shawarma,64.68,debit,Restaurants,Credit Card
03-27-2020,Stop and Shop,235.43,debit,Grocery shopping,Credit Card
03-27-2020,Credit Transaction,7.14,credit,Cashback Rewards,Savings
03-27-2020,Market Basket,238.18,debit,Grocery shopping,Credit Card
03-28-2020,Uber,20.2,debit,Travel expenses,Credit Card
03-28-2020,MBTA,13.64,debit,Travel expenses,Credit Card
03-28-2020,Trader Joes,186.17,debit,Grocery shopping,Credit Card
03-28-2020,Ace Hardware,202.28,debit,Grocery shopping,Credit Card
03-28-2020,Lyft,29.13,debit,Travel expenses,Credit Card
03-28-2020,Boston Shawarma,55.65,debit,Restaurants,Credit Card
03-29-2020,MBTA,14.71,debit,Travel expenses,Credit Card
03-29-2020,Amazon,49.09,debit,Shopping,Credit Card
03-29-2020,Lyft,19.28,debit,Travel expenses,Credit Card
03-29-2020,Uber,22.1,debit,Travel expenses,Credit Card
03-29-2020,Credit Transaction,17.92,credit,Cashback Rewards,Savings
03-29-2020,Temu,25.12,debit,Shopping,Credit Card
03-30-2020,Trader Joes,234.31,debit,Grocery shopping,Credit Card
03-30-2020,Amazon,56.73,debit,Shopping,Credit Card
03-31-2020,Amazon,72.92,debit,Shopping,Credit Card
03-31-2020,Mall,50.69,debit,Shopping,Credit Card
03-31-2020,Temu,29.95,debit,Shopping,Credit Card
03-31-2020,Ace Hardware,199.49,debit,Grocery shopping,Credit Card
04-01-2020,Stop and Shop,199.61,debit,Grocery shopping,Credit Card
04-01-2020,Rent/ Mortgage,1400,debit,Mortgage & Rent,Savings
04-01-2020,Eversource Electricity,58.1,debit,Utilities,Checking
04-01-2020,National Grid Gas,73.16,debit,Utilities,Checking
04-01-2020,Heating fuel,154.41,debit,Utilities,Checking
04-01-2020,Trader Joes,210.5,debit,Grocery shopping,Credit Card
04-01-2020,Ice skating,33.02,debit,Entertainment,Credit Card
04-01-2020,MBTA,26.81,debit,Travel expenses,Credit Card
04-01-2020,Uber,21.04,debit,Travel expenses,Credit Card
04-01-2020,Mama-cita,60.08,debit,Restaurants,Credit Card
04-02-2020,AMC Boston,21.98,debit,Entertainment,Credit Card
04-02-2020,Amazon,31.35,debit,Shopping,Credit Card
04-02-2020,Credit Transaction,149.04,credit,Dividends,Savings
04-02-2020,Boston Shawarma,68.23,debit,Restaurants,Credit Card
04-03-2020,Mama-cita,52.47,debit,Restaurants,Credit Card
04-03-2020,Karaoke,41.57,debit,Entertainment,Credit Card
04-03-2020,Dominos,62.14,debit,Restaurants,Credit Card
04-03-2020,Mall,79.22,debit,Shopping,Credit Card
04-03-2020,Credit Transaction,13.22,credit,Cashback Rewards,Savings
04-04-2020,Boston Halal,44.98,debit,Restaurants,Credit Card
04-04-2020,Stop and Shop,183.79,debit,Grocery shopping,Credit Card
04-04-2020,Amazon,59.65,debit,Shopping,Credit Card
04-04-2020,Mall,61.07,debit,Shopping,Credit Card
04-05-2020,Uber,14.25,debit,Travel expenses,Credit Card
04-05-2020,MBTA,11.15,debit,Travel expenses,Credit Card
04-06-2020,Boston Halal,62.4,debit,Restaurants,Credit Card
04-06-2020,Ace Hardware,184.53,debit,Grocery shopping,Credit Card
04-07-2020,Dominos,37.88,debit,Restaurants,Credit Card
04-08-2020,Uber,29.98,debit,Travel expenses,Credit Card
04-08-2020,Credit Transaction,58.28,credit,Dividends,Savings
04-09-2020,Amazon,35.32,debit,Shopping,Credit Card
04-09-2020,Mall,79.2,debit,Shopping,Credit Card
04-10-2020,Mama-cita,27.33,debit,Restaurants,Credit Card
04-11-2020,Boston Shawarma,76.36,debit,Restaurants,Credit Card
04-11-2020,Credit Transaction,14.78,credit,Cashback Rewards,Savings
04-12-2020,Mall,40.71,debit,Shopping,Credit Card
04-12-2020,Market Basket,186.16,debit,Grocery shopping,Credit Card
04-12-2020,Dominos,34.83,debit,Restaurants,Credit Card
04-13-2020,Trader Joes,192,debit,Grocery shopping,Credit Card
04-13-2020,Monthly direct deposit - Salary,6000,credit,Salary,Savings
04-13-2020,Mama-cita,47.8,debit,Restaurants,Credit Card
04-13-2020,Boston Shawarma,29.57,debit,Restaurants,Credit Card
04-13-2020,Market Basket,203.03,debit,Grocery shopping,Credit Card
04-14-2020,Lyft,17.92,debit,Travel expenses,Credit Card
04-14-2020,Amazon,24.27,debit,Shopping,Credit Card
04-15-2020,Trader Joes,247.01,debit,Grocery shopping,Credit Card
04-15-2020,Lyft,14.95,debit,Travel expenses,Credit Card
04-15-2020,Uber,11.98,debit,Travel expenses,Credit Card
04-16-2020,MBTA,10.11,debit,Travel expenses,Credit Card
04-16-2020,Amazon,71.97,debit,Shopping,Credit Card
04-17-2020,Uber,15.44,debit,Travel expenses,Credit Card
04-17-2020,Temu,59.58,debit,Shopping,Credit Card
04-17-2020,Dominos,63.4,debit,Restaurants,Credit Card
04-17-2020,Boston Halal,57.46,debit,Restaurants,Credit Card
04-18-2020,Lyft,20.74,debit,Travel expenses,Credit Card
04-18-2020,Market Basket,216.42,debit,Grocery shopping,Credit Card
04-18-2020,Boston Halal,55.64,debit,Restaurants,Credit Card
04-19-2020,Stop and Shop,241.76,debit,Grocery shopping,Credit Card
04-19-2020,Mama-cita,48.71,debit,Restaurants,Credit Card
04-20-2020,Dominos,70.36,debit,Restaurants,Credit Card
04-20-2020,Stop and Shop,172.56,debit,Grocery shopping,Credit Card
04-20-2020,Boston Halal,25.82,debit,Restaurants,Credit Card
04-20-2020,Ace Hardware,209.51,debit,Grocery shopping,Credit Card
04-21-2020,Boston Halal,58.42,debit,Restaurants,Credit Card
04-21-2020,Dominos,53.12,debit,Restaurants,Credit Card
04-22-2020,MBTA,25.98,debit,Travel expenses,Credit Card
04-22-2020,Stop and Shop,170.72,debit,Grocery shopping,Credit Card
04-23-2020,Mall,61.62,debit,Shopping,Credit Card
04-23-2020,Boston Shawarma,49.95,debit,Restaurants,Credit Card
04-24-2020,Dominos,40.32,debit,Restaurants,Credit Card
04-25-2020,Market Basket,238.26,debit,Grocery shopping,Credit Card
04-25-2020,Dominos,79.69,debit,Restaurants,Credit Card
04-26-2020,Temu,46.66,debit,Shopping,Credit Card
04-26-2020,Trader Joes,235.45,debit,Grocery shopping,Credit Card
04-27-2020,Credit Transaction,16.57,credit,Cashback Rewards,Savings
04-27-2020,Uber,27.63,debit,Travel expenses,Credit Card
04-27-2020,Market Basket,176.03,debit,Grocery shopping,Credit Card
04-27-2020,AMC Boston,27.22,debit,Entertainment,Credit Card
04-28-2020,Stop and Shop,156.9,debit,Grocery shopping,Credit Card
04-28-2020,Boston Halal,67.56,debit,Restaurants,Credit Card
04-28-2020,Mama-cita,38.75,debit,Restaurants,Credit Card
04-29-2020,Dominos,51.24,debit,Restaurants,Credit Card
04-29-2020,Lyft,20.26,debit,Travel expenses,Credit Card
04-29-2020,Temu,45.86,debit,Shopping,Credit Card
04-29-2020,Trader Joes,172.62,debit,Grocery shopping,Credit Card
04-29-2020,Ace Hardware,174.78,debit,Grocery shopping,Credit Card
04-29-2020,Boston Shawarma,28.57,debit,Restaurants,Credit Card
04-30-2020,Mall,48.95,debit,Shopping,Credit Card
04-30-2020,Temu,59.47,debit,Shopping,Credit Card
05-01-2020,Rent/ Mortgage,1400,debit,Mortgage & Rent,Savings
05-01-2020,Eversource Electricity,70.41,debit,Utilities,Checking
05-01-2020,National Grid Gas,65.43,debit,Utilities,Checking
05-01-2020,Boston Shawarma,71.5,debit,Restaurants,Credit Card
05-01-2020,Mama-cita,50.71,debit,Restaurants,Credit Card
05-02-2020,StandUp show,33.83,debit,Entertainment,Credit Card
05-02-2020,Mall,66.43,debit,Shopping,Credit Card
05-03-2020,Dominos,29.14,debit,Restaurants,Credit Card
05-03-2020,Uber,29.73,debit,Travel expenses,Credit Card
05-04-2020,Market Basket,153.66,debit,Grocery shopping,Credit Card
05-05-2020,Mall,56.65,debit,Shopping,Credit Card
05-06-2020,Credit Transaction,13.4,credit,Cashback Rewards,Savings
05-06-2020,Amazon,30.39,debit,Shopping,Credit Card
05-06-2020,Mama-cita,33.6,debit,Restaurants,Credit Card
05-06-2020,Boston Halal,76.19,debit,Restaurants,Credit Card
05-07-2020,Uber,10.6,debit,Travel expenses,Credit Card
05-07-2020,Boston Halal,59.46,debit,Restaurants,Credit Card
05-07-2020,Temu,21.01,debit,Shopping,Credit Card
05-07-2020,Lyft,10.95,debit,Travel expenses,Credit Card
05-07-2020,Stop and Shop,168.23,debit,Grocery shopping,Credit Card
05-07-2020,MBTA,12.85,debit,Travel expenses,Credit Card
05-08-2020,Lyft,21.7,debit,Travel expenses,Credit Card
05-08-2020,Amazon,40.45,debit,Shopping,Credit Card
05-08-2020,Temu,41.4,debit,Shopping,Credit Card
05-09-2020,MBTA,19.72,debit,Travel expenses,Credit Card
05-09-2020,Mama-cita,27.38,debit,Restaurants,Credit Card
05-09-2020,Stop and Shop,242.6,debit,Grocery shopping,Credit Card
05-09-2020,Boston Shawarma,70.72,debit,Restaurants,Credit Card
05-09-2020,Dominos,34.03,debit,Restaurants,Credit Card
05-09-2020,Boston Halal,48.79,debit,Restaurants,Credit Card
05-09-2020,Market Basket,196.59,debit,Grocery shopping,Credit Card
05-10-2020,Trader Joes,180.83,debit,Grocery shopping,Credit Card
05-10-2020,Temu,62.98,debit,Shopping,Credit Card
05-11-2020,Credit Transaction,8.74,credit,Cashback Rewards,Savings
05-11-2020,Ace Hardware,247.71,debit,Grocery shopping,Credit Card
05-11-2020,Market Basket,155.35,debit,Grocery shopping,Credit Card
05-13-2020,Boston Halal,50.76,debit,Restaurants,Credit Card
05-13-2020,Monthly direct deposit - Salary,6000,credit,Salary,Savings
05-13-2020,Stop and Shop,185.71,debit,Grocery shopping,Credit Card
05-13-2020,Dominos,66.82,debit,Restaurants,Credit Card
05-14-2020,Boston Halal,56.2,debit,Restaurants,Credit Card
05-14-2020,Amazon,36.87,debit,Shopping,Credit Card
05-15-2020,Ace Hardware,213,debit,Grocery shopping,Credit Card
05-16-2020,Boston Shawarma,76.18,debit,Restaurants,Credit Card
05-16-2020,Market Basket,162.63,debit,Grocery shopping,Credit Card
05-16-2020,Mama-cita,62,debit,Restaurants,Credit Card
05-17-2020,Mall,67.57,debit,Shopping,Credit Card
05-19-2020,Market Basket,247.79,debit,Grocery shopping,Credit Card
05-19-2020,Stop and Shop,185.33,debit,Grocery shopping,Credit Card
05-19-2020,Boston Halal,48.81,debit,Restaurants,Credit Card
05-19-2020,Amazon,51.59,debit,Shopping,Credit Card
05-19-2020,MBTA,19.42,debit,Travel expenses,Credit Card
05-19-2020,Mama-cita,57.99,debit,Restaurants,Credit Card
05-19-2020,Lyft,28.92,debit,Travel expenses,Credit Card
05-20-2020,Trader Joes,166.59,debit,Grocery shopping,Credit Card
05-20-2020,Ice skating,51.03,debit,Entertainment,Credit Card
05-20-2020,Amazon,54.41,debit,Shopping,Credit Card
05-20-2020,Temu,49.53,debit,Shopping,Credit Card
05-20-2020,Mall,78.16,debit,Shopping,Credit Card
05-21-2020,Credit Transaction,8.02,credit,Cashback Rewards,Savings
05-21-2020,MBTA,23.38,debit,Travel expenses,Credit Card
05-21-2020,Dominos,52.48,debit,Restaurants,Credit Card
05-21-2020,Amazon,72.2,debit,Shopping,Credit Card
05-22-2020,Lyft,27.94,debit,Travel expenses,Credit Card
05-22-2020,Stop and Shop,201.98,debit,Grocery shopping,Credit Card
05-23-2020,Boston Shawarma,71.55,debit,Restaurants,Credit Card
05-23-2020,Dominos,46.28,debit,Restaurants,Credit Card
05-23-2020,Boston Halal,33.73,debit,Restaurants,Credit Card
05-24-2020,Mall,66.46,debit,Shopping,Credit Card
05-24-2020,Amazon,70.42,debit,Shopping,Credit Card
05-25-2020,Boston Halal,64.15,debit,Restaurants,Credit Card
05-26-2020,StandUp show,63.83,debit,Entertainment,Credit Card
05-26-2020,Stop and Shop,178,debit,Grocery shopping,Credit Card
05-26-2020,Boston Shawarma,44.48,debit,Restaurants,Credit Card
05-26-2020,Credit Transaction,7.56,credit,Cashback Rewards,Savings
05-26-2020,Amazon,65.1,debit,Shopping,Credit Card
05-26-2020,Uber,14.94,debit,Travel expenses,Credit Card
05-26-2020,Trader Joes,151.04,debit,Grocery shopping,Credit Card
05-26-2020,Mama-cita,27.29,debit,Restaurants,Credit Card
05-27-2020,Lyft,29.82,debit,Travel expenses,Credit Card
05-27-2020,Dominos,34.95,debit,Restaurants,Credit Card
05-27-2020,Mama-cita,31.63,debit,Restaurants,Credit Card
05-27-2020,Boston Halal,47.54,debit,Restaurants,Credit Card
05-28-2020,Trader Joes,224.3,debit,Grocery shopping,Credit Card
05-28-2020,Dominos,41.71,debit,Restaurants,Credit Card
05-28-2020,Market Basket,208.28,debit,Grocery shopping,Credit Card
05-29-2020,Boston Shawarma,68.59,debit,Restaurants,Credit Card
05-29-2020,Ace Hardware,173.49,debit,Grocery shopping,Credit Card
05-29-2020,Mama-cita,49.99,debit,Restaurants,Credit Card
05-30-2020,Boston Shawarma,44.7,debit,Restaurants,Credit Card
05-30-2020,Lyft,10.97,debit,Travel expenses,Credit Card
05-31-2020,MBTA,24.28,debit,Travel expenses,Credit Card
05-31-2020,Temu,25.42,debit,Shopping,Credit Card
06-01-2020,Rent/ Mortgage,1400,debit,Mortgage & Rent,Savings
06-01-2020,Eversource Electricity,53.23,debit,Utilities,Checking
06-01-2020,National Grid Gas,54.67,debit,Utilities,Checking
06-01-2020,Dominos,75.5,debit,Restaurants,Credit Card
06-02-2020,Mall,61.12,debit,Shopping,Credit Card
06-02-2020,Dominos,71.41,debit,Restaurants,Credit Card
06-03-2020,Boston Halal,40.94,debit,Restaurants,Credit Card
06-03-2020,Dominos,71.83,debit,Restaurants,Credit Card
06-03-2020,Mama-cita,78.09,debit,Restaurants,Credit Card
06-03-2020,Boston Shawarma,61.39,debit,Restaurants,Credit Card
06-03-2020,Ice skating,30.82,debit,Entertainment,Credit Card
06-04-2020,Amazon,32.25,debit,Shopping,Credit Card
06-04-2020,Lyft,18.35,debit,Travel expenses,Credit Card
06-05-2020,Amazon,31.28,debit,Shopping,Credit Card
06-05-2020,Market Basket,174.49,debit,Grocery shopping,Credit Card
06-05-2020,Boston Shawarma,79.13,debit,Restaurants,Credit Card
06-05-2020,Temu,34.78,debit,Shopping,Credit Card
06-06-2020,Boston Shawarma,54.51,debit,Restaurants,Credit Card
06-06-2020,AMC Boston,63.29,debit,Entertainment,Credit Card
06-06-2020,Temu,34.6,debit,Shopping,Credit Card
06-06-2020,Mama-cita,26.49,debit,Restaurants,Credit Card
06-06-2020,Mall,55.52,debit,Shopping,Credit Card
06-06-2020,Boston Halal,25.86,debit,Restaurants,Credit Card
06-06-2020,Amazon,24.95,debit,Shopping,Credit Card
06-07-2020,Temu,59.37,debit,Shopping,Credit Card
06-07-2020,StandUp show,53.9,debit,Entertainment,Credit Card
06-08-2020,Ice skating,42.91,debit,Entertainment,Credit Card
06-08-2020,Mall,47.71,debit,Shopping,Credit Card
06-09-2020,Mama-cita,62.89,debit,Restaurants,Credit Card
06-09-2020,Lyft,25.68,debit,Travel expenses,Credit Card
06-10-2020,Credit Transaction,14.11,credit,Cashback Rewards,Savings
06-10-2020,MBTA,25.49,debit,Travel expenses,Credit Card
06-11-2020,Mama-cita,55.82,debit,Restaurants,Credit Card
06-11-2020,Boston Halal,42.92,debit,Restaurants,Credit Card
06-12-2020,Amazon,69.57,debit,Shopping,Credit Card
06-13-2020,Mama-cita,79.2,debit,Restaurants,Credit Card
06-13-2020,Boston Halal,72.58,debit,Restaurants,Credit Card
06-13-2020,Monthly direct deposit - Salary,6000,credit,Salary,Savings
06-14-2020,Stop and Shop,202.39,debit,Grocery shopping,Credit Card
06-14-2020,AMC Boston,33.38,debit,Entertainment,Credit Card
06-14-2020,Uber,29.95,debit,Travel expenses,Credit Card
06-15-2020,Uber,24.77,debit,Travel expenses,Credit Card
06-15-2020,Boston Halal,58.45,debit,Restaurants,Credit Card
06-15-2020,Mama-cita,43.97,debit,Restaurants,Credit Card
06-16-2020,Boston Halal,29.44,debit,Restaurants,Credit Card
06-16-2020,Boston Shawarma,65.48,debit,Restaurants,Credit Card
06-16-2020,Dominos,78.32,debit,Restaurants,Credit Card
06-16-2020,Amazon,39.93,debit,Shopping,Credit Card
06-17-2020,Temu,42.11,debit,Shopping,Credit Card
06-17-2020,Trader Joes,176.74,debit,Grocery shopping,Credit Card
06-17-2020,AMC Boston,59.98,debit,Entertainment,Credit Card
06-17-2020,Amazon,40.58,debit,Shopping,Credit Card
06-18-2020,Amazon,61.1,debit,Shopping,Credit Card
06-19-2020,StandUp show,64.2,debit,Entertainment,Credit Card
06-20-2020,Boston Shawarma,58.6,debit,Restaurants,Credit Card
06-20-2020,Stop and Shop,201.09,debit,Grocery shopping,Credit Card
06-21-2020,Amazon,25.32,debit,Shopping,Credit Card
06-22-2020,Boston Halal,33.74,debit,Restaurants,Credit Card
06-22-2020,Uber,26.41,debit,Travel expenses,Credit Card
06-22-2020,Mall,47.94,debit,Shopping,Credit Card
06-22-2020,Temu,38.14,debit,Shopping,Credit Card
06-22-2020,Amazon,48.61,debit,Shopping,Credit Card
06-23-2020,Mama-cita,49.1,debit,Restaurants,Credit Card
06-24-2020,Dominos,56.92,debit,Restaurants,Credit Card
06-25-2020,Dominos,43.41,debit,Restaurants,Credit Card
06-26-2020,Boston Shawarma,34.33,debit,Restaurants,Credit Card
06-26-2020,Mall,50.33,debit,Shopping,Credit Card
06-26-2020,Amazon,25.93,debit,Shopping,Credit Card
06-26-2020,Temu,38.58,debit,Shopping,Credit Card
06-27-2020,Credit Transaction,18.56,credit,Cashback Rewards,Savings
06-27-2020,Temu,27.83,debit,Shopping,Credit Card
06-27-2020,Amazon,62.05,debit,Shopping,Credit Card
06-27-2020,Credit Transaction,11.03,credit,Cashback Rewards,Savings
06-28-2020,Stop and Shop,167.44,debit,Grocery shopping,Credit Card
06-28-2020,Temu,45.35,debit,Shopping,Credit Card
06-28-2020,Karaoke,51.22,debit,Entertainment,Credit Card
06-29-2020,Amazon,70.02,debit,Shopping,Credit Card
06-29-2020,Boston Halal,33.64,debit,Restaurants,Credit Card
06-29-2020,StandUp show,39.52,debit,Entertainment,Credit Card
06-29-2020,Ace Hardware,221.9,debit,Grocery shopping,Credit Card
06-30-2020,Boston Halal,37.55,debit,Restaurants,Credit Card
07-01-2020,Amazon,61.74,debit,Shopping,Credit Card
07-01-2020,Rent/ Mortgage,1400,debit,Mortgage & Rent,Savings
07-01-2020,Eversource Electricity,54.54,debit,Utilities,Checking
07-01-2020,National Grid Gas,53.39,debit,Utilities,Checking
07-01-2020,Boston Halal,62.44,debit,Restaurants,Credit Card
07-02-2020,Mall,46.4,debit,Shopping,Credit Card
07-02-2020,Uber,25.17,debit,Travel expenses,Credit Card
07-02-2020,Boston Halal,49.72,debit,Restaurants,Credit Card
07-02-2020,Market Basket,156.68,debit,Grocery shopping,Credit Card
07-03-2020,Dominos,38.58,debit,Restaurants,Credit Card
07-03-2020,Boston Shawarma,53.87,debit,Restaurants,Credit Card
07-03-2020,Mama-cita,38.17,debit,Restaurants,Credit Card
07-03-2020,Boston Halal,49.09,debit,Restaurants,Credit Card
07-04-2020,Credit Transaction,3.96,credit,Cashback Rewards,Savings
07-04-2020,Dominos,51.63,debit,Restaurants,Credit Card
07-04-2020,Mama-cita,35.05,debit,Restaurants,Credit Card
07-04-2020,MBTA,24.74,debit,Travel expenses,Credit Card
07-05-2020,Ace Hardware,203.56,debit,Grocery shopping,Credit Card
07-05-2020,Uber,24.1,debit,Travel expenses,Credit Card
07-05-2020,Boston Halal,46.24,debit,Restaurants,Credit Card
07-06-2020,MBTA,12.57,debit,Travel expenses,Credit Card
07-06-2020,Temu,58.89,debit,Shopping,Credit Card
07-06-2020,Dominos,75.73,debit,Restaurants,Credit Card
07-06-2020,Mama-cita,65.71,debit,Restaurants,Credit Card
07-07-2020,Lyft,21.5,debit,Travel expenses,Credit Card
07-07-2020,Amazon,35.44,debit,Shopping,Credit Card
07-08-2020,StandUp show,56.38,debit,Entertainment,Credit Card
07-08-2020,Mama-cita,73.74,debit,Restaurants,Credit Card
07-08-2020,Mall,79.09,debit,Shopping,Credit Card
07-08-2020,AMC Boston,26.26,debit,Entertainment,Credit Card
07-09-2020,Mall,75.68,debit,Shopping,Credit Card
07-10-2020,AMC Boston,68.63,debit,Entertainment,Credit Card
07-10-2020,Dominos,29.56,debit,Restaurants,Credit Card
07-11-2020,MBTA,15.44,debit,Travel expenses,Credit Card
07-12-2020,Lyft,15.49,debit,Travel expenses,Credit Card
07-12-2020,Karaoke,54.59,debit,Entertainment,Credit Card
07-12-2020,Mama-cita,36.75,debit,Restaurants,Credit Card
07-12-2020,Temu,40.86,debit,Shopping,Credit Card
07-13-2020,Monthly direct deposit - Salary,6000,credit,Salary,Savings
07-13-2020,Mall,26.29,debit,Shopping,Credit Card
07-13-2020,Amazon,43,debit,Shopping,Credit Card
07-14-2020,Amazon,68.45,debit,Shopping,Credit Card
07-14-2020,Mall,43.53,debit,Shopping,Credit Card
07-14-2020,Mama-cita,66.55,debit,Restaurants,Credit Card
07-14-2020,Credit Transaction,13.54,credit,Cashback Rewards,Savings
07-14-2020,Karaoke,31.83,debit,Entertainment,Credit Card
07-15-2020,Amazon,59.32,debit,Shopping,Credit Card
07-15-2020,Mama-cita,39.16,debit,Restaurants,Credit Card
07-15-2020,Boston Halal,29.08,debit,Restaurants,Credit Card
07-15-2020,Temu,69.23,debit,Shopping,Credit Card
07-16-2020,Dominos,59.54,debit,Restaurants,Credit Card
07-16-2020,Ice skating,38.26,debit,Entertainment,Credit Card
07-17-2020,Credit Transaction,8.95,credit,Cashback Rewards,Savings
07-17-2020,Ace Hardware,186.03,debit,Grocery shopping,Credit Card
07-18-2020,Uber,22.85,debit,Travel expenses,Credit Card
07-18-2020,Boston Halal,57.87,debit,Restaurants,Credit Card
07-19-2020,Mama-cita,66.68,debit,Restaurants,Credit Card
07-19-2020,Boston Halal,36.83,debit,Restaurants,Credit Card
07-20-2020,Mall,48.8,debit,Shopping,Credit Card
07-21-2020,MBTA,17.98,debit,Travel expenses,Credit Card
07-21-2020,Mama-cita,30.26,debit,Restaurants,Credit Card
07-21-2020,Market Basket,185.74,debit,Grocery shopping,Credit Card
07-22-2020,Amazon,73.91,debit,Shopping,Credit Card
07-22-2020,Boston Shawarma,73.72,debit,Restaurants,Credit Card
07-22-2020,Uber,24.75,debit,Travel expenses,Credit Card
07-22-2020,Lyft,25.85,debit,Travel expenses,Credit Card
07-23-2020,Karaoke,43.46,debit,Entertainment,Credit Card
07-24-2020,Lyft,15.37,debit,Travel expenses,Credit Card
07-24-2020,Mall,60.75,debit,Shopping,Credit Card
07-24-2020,Trader Joes,219.87,debit,Grocery shopping,Credit Card
07-25-2020,Mama-cita,78.81,debit,Restaurants,Credit Card
07-25-2020,MBTA,17.68,debit,Travel expenses,Credit Card
07-26-2020,Boston Halal,64.7,debit,Restaurants,Credit Card
07-26-2020,Amazon,77.21,debit,Shopping,Credit Card
07-26-2020,Mama-cita,74.94,debit,Restaurants,Credit Card
07-27-2020,Mall,72.34,debit,Shopping,Credit Card
07-28-2020,Dominos,63.26,debit,Restaurants,Credit Card
07-29-2020,Temu,48.72,debit,Shopping,Credit Card
07-30-2020,AMC Boston,59.95,debit,Entertainment,Credit Card
07-30-2020,Boston Halal,37.53,debit,Restaurants,Credit Card
07-31-2020,Mall,57.92,debit,Shopping,Credit Card
07-31-2020,Trader Joes,161.34,debit,Grocery shopping,Credit Card
07-31-2020,Boston Shawarma,41.77,debit,Restaurants,Credit Card
07-31-2020,Ace Hardware,248.53,debit,Grocery shopping,Credit Card
08-01-2020,Rent/ Mortgage,1400,debit,Mortgage & Rent,Savings
08-01-2020,Eversource Electricity,72.04,debit,Utilities,Checking
08-01-2020,National Grid Gas,61.33,debit,Utilities,Checking
08-01-2020,Karaoke,21.08,debit,Entertainment,Credit Card
08-01-2020,Uber,29.78,debit,Travel expenses,Credit Card
08-02-2020,StandUp show,45.75,debit,Entertainment,Credit Card
08-02-2020,Temu,71.95,debit,Shopping,Credit Card
08-02-2020,Boston Halal,65.73,debit,Restaurants,Credit Card
08-02-2020,Boston Shawarma,43.15,debit,Restaurants,Credit Card
08-03-2020,Ace Hardware,208.84,debit,Grocery shopping,Credit Card
08-03-2020,Boston Halal,53.79,debit,Restaurants,Credit Card
08-04-2020,Mall,41.22,debit,Shopping,Credit Card
08-04-2020,Ace Hardware,244.96,debit,Grocery shopping,Credit Card
08-04-2020,Market Basket,202.5,debit,Grocery shopping,Credit Card
08-04-2020,Amazon,62.66,debit,Shopping,Credit Card
08-04-2020,Lyft,19.45,debit,Travel expenses,Credit Card
08-04-2020,Dominos,26.22,debit,Restaurants,Credit Card
08-05-2020,Dominos,40.18,debit,Restaurants,Credit Card
08-05-2020,Mama-cita,52.97,debit,Restaurants,Credit Card
08-05-2020,Ace Hardware,169.46,debit,Grocery shopping,Credit Card
08-05-2020,Boston Shawarma,29.39,debit,Restaurants,Credit Card
08-06-2020,Stop and Shop,242.69,debit,Grocery shopping,Credit Card
08-06-2020,Mall,78.78,debit,Shopping,Credit Card
08-07-2020,Amazon,32.41,debit,Shopping,Credit Card
08-07-2020,MBTA,23.42,debit,Travel expenses,Credit Card
08-08-2020,Mama-cita,52.72,debit,Restaurants,Credit Card
08-09-2020,Temu,50.21,debit,Shopping,Credit Card
08-09-2020,Mall,28.96,debit,Shopping,Credit Card
08-09-2020,Amazon,31.63,debit,Shopping,Credit Card
08-09-2020,Market Basket,165.23,debit,Grocery shopping,Credit Card
08-10-2020,Uber,19.69,debit,Travel expenses,Credit Card
08-10-2020,Boston Shawarma,47.95,debit,Restaurants,Credit Card
08-10-2020,Mall,32.92,debit,Shopping,Credit Card
08-11-2020,Amazon,25.7,debit,Shopping,Credit Card
08-11-2020,Dominos,44.61,debit,Restaurants,Credit Card
08-11-2020,MBTA,16.01,debit,Travel expenses,Credit Card
08-11-2020,Boston Halal,59.14,debit,Restaurants,Credit Card
08-12-2020,Boston Shawarma,54.84,debit,Restaurants,Credit Card
08-13-2020,Boston Halal,75.57,debit,Restaurants,Credit Card
08-13-2020,Karaoke,60.61,debit,Entertainment,Credit Card
08-13-2020,Dominos,61.18,debit,Restaurants,Credit Card
08-13-2020,Mall,77.96,debit,Shopping,Credit Card
08-13-2020,Amazon,21.09,debit,Shopping,Credit Card
08-13-2020,Boston Shawarma,59.44,debit,Restaurants,Credit Card
08-13-2020,Monthly direct deposit - Salary,6000,credit,Salary,Savings
08-14-2020,Ace Hardware,235.16,debit,Grocery shopping,Credit Card
08-14-2020,Trader Joes,196.7,debit,Grocery shopping,Credit Card
08-14-2020,Mama-cita,46.47,debit,Restaurants,Credit Card
08-15-2020,Dominos,72.43,debit,Restaurants,Credit Card
08-15-2020,AMC Boston,65.96,debit,Entertainment,Credit Card
08-15-2020,StandUp show,54.89,debit,Entertainment,Credit Card
08-15-2020,Market Basket,164.81,debit,Grocery shopping,Credit Card
08-16-2020,Boston Shawarma,55.54,debit,Restaurants,Credit Card
08-16-2020,Boston Halal,45.06,debit,Restaurants,Credit Card
08-16-2020,Mama-cita,25.03,debit,Restaurants,Credit Card
08-17-2020,Mall,54.98,debit,Shopping,Credit Card
08-17-2020,Market Basket,174.01,debit,Grocery shopping,Credit Card
08-17-2020,Lyft,14.27,debit,Travel expenses,Credit Card
08-17-2020,Boston Halal,57.96,debit,Restaurants,Credit Card
08-18-2020,StandUp show,25.91,debit,Entertainment,Credit Card
08-18-2020,Lyft,28.76,debit,Travel expenses,Credit Card
08-18-2020,Credit Transaction,9.45,credit,Cashback Rewards,Savings
08-18-2020,Credit Transaction,4.19,credit,Cashback Rewards,Savings
08-18-2020,Boston Halal,25.6,debit,Restaurants,Credit Card
08-18-2020,Credit Transaction,10.59,credit,Cashback Rewards,Savings
08-18-2020,Mall,47.42,debit,Shopping,Credit Card
08-19-2020,Market Basket,242.21,debit,Grocery shopping,Credit Card
08-19-2020,Boston Halal,32.63,debit,Restaurants,Credit Card
08-19-2020,Amazon,64.92,debit,Shopping,Credit Card
08-19-2020,Trader Joes,211.44,debit,Grocery shopping,Credit Card
08-20-2020,Stop and Shop,168.01,debit,Grocery shopping,Credit Card
08-20-2020,Lyft,16.25,debit,Travel expenses,Credit Card
08-21-2020,Boston Shawarma,77.56,debit,Restaurants,Credit Card
08-21-2020,Boston Halal,60.14,debit,Restaurants,Credit Card
08-21-2020,Mall,67.12,debit,Shopping,Credit Card
08-22-2020,Mama-cita,77.39,debit,Restaurants,Credit Card
08-22-2020,Boston Halal,63.59,debit,Restaurants,Credit Card
08-23-2020,Boston Shawarma,71.06,debit,Restaurants,Credit Card
08-23-2020,Boston Halal,43.06,debit,Restaurants,Credit Card
08-23-2020,Amazon,43.65,debit,Shopping,Credit Card
08-23-2020,Ace Hardware,238.99,debit,Grocery shopping,Credit Card
08-24-2020,StandUp show,30.11,debit,Entertainment,Credit Card
08-24-2020,Mall,24.43,debit,Shopping,Credit Card
08-24-2020,Temu,37.21,debit,Shopping,Credit Card
08-24-2020,Mama-cita,62.41,debit,Restaurants,Credit Card
08-24-2020,Dominos,74.84,debit,Restaurants,Credit Card
08-25-2020,Temu,51.36,debit,Shopping,Credit Card
08-26-2020,Boston Halal,72.32,debit,Restaurants,Credit Card
08-26-2020,Dominos,27,debit,Restaurants,Credit Card
08-27-2020,Amazon,24.63,debit,Shopping,Credit Card
08-28-2020,Mama-cita,37.39,debit,Restaurants,Credit Card
08-28-2020,Trader Joes,189.59,debit,Grocery shopping,Credit Card
08-28-2020,Boston Shawarma,33.27,debit,Restaurants,Credit Card
08-28-2020,Boston Halal,51.57,debit,Restaurants,Credit Card
08-28-2020,Karaoke,34.71,debit,Entertainment,Credit Card
08-28-2020,Temu,49.58,debit,Shopping,Credit Card
08-28-2020,Ace Hardware,201.02,debit,Grocery shopping,Credit Card
08-28-2020,Dominos,77.46,debit,Restaurants,Credit Card
08-29-2020,Ace Hardware,231.76,debit,Grocery shopping,Credit Card
08-30-2020,Mall,53.67,debit,Shopping,Credit Card
08-30-2020,Dominos,46.35,debit,Restaurants,Credit Card
08-30-2020,Stop and Shop,204.85,debit,Grocery shopping,Credit Card
08-31-2020,Amazon,44.01,debit,Shopping,Credit Card
08-31-2020,Karaoke,59.31,debit,Entertainment,Credit Card
09-01-2020,Trader Joes,155.07,debit,Grocery shopping,Credit Card
09-01-2020,Rent/ Mortgage,1450,debit,Mortgage & Rent,Savings
09-01-2020,Eversource Electricity,55.06,debit,Utilities,Checking
09-01-2020,National Grid Gas,63.96,debit,Utilities,Checking
09-01-2020,Uber,10.6,debit,Travel expenses,Credit Card
09-01-2020,Boston Shawarma,49.21,debit,Restaurants,Credit Card
09-02-2020,Dominos,51.14,debit,Restaurants,Credit Card
09-03-2020,Credit Transaction,6.25,credit,Cashback Rewards,Savings
09-03-2020,Boston Halal,42.38,debit,Restaurants,Credit Card
09-03-2020,MBTA,10.49,debit,Travel expenses,Credit Card
09-03-2020,Mama-cita,59.71,debit,Restaurants,Credit Card
09-03-2020,Lyft,13.46,debit,Travel expenses,Credit Card
09-04-2020,Trader Joes,196.07,debit,Grocery shopping,Credit Card
09-04-2020,AMC Boston,25.58,debit,Entertainment,Credit Card
09-06-2020,Mall,50.18,debit,Shopping,Credit Card
09-07-2020,Boston Shawarma,72.24,debit,Restaurants,Credit Card
09-07-2020,Market Basket,219.87,debit,Grocery shopping,Credit Card
09-07-2020,Lyft,28.64,debit,Travel expenses,Credit Card
09-07-2020,Temu,36.56,debit,Shopping,Credit Card
09-08-2020,Mall,47.96,debit,Shopping,Credit Card
09-08-2020,Ace Hardware,150.09,debit,Grocery shopping,Credit Card
09-09-2020,Amazon,59.28,debit,Shopping,Credit Card
09-09-2020,Lyft,21.26,debit,Travel expenses,Credit Card
09-10-2020,Stop and Shop,229.97,debit,Grocery shopping,Credit Card
09-10-2020,Mama-cita,49.87,debit,Restaurants,Credit Card
09-11-2020,Karaoke,28.19,debit,Entertainment,Credit Card
09-11-2020,Boston Shawarma,38.11,debit,Restaurants,Credit Card
09-13-2020,Monthly direct deposit - Salary,6000,credit,Salary,Savings
09-13-2020,Dominos,58.56,debit,Restaurants,Credit Card
09-14-2020,Ice skating,54.06,debit,Entertainment,Credit Card
09-14-2020,Temu,68.47,debit,Shopping,Credit Card
09-15-2020,Market Basket,175.77,debit,Grocery shopping,Credit Card
09-15-2020,Temu,60.4,debit,Shopping,Credit Card
09-15-2020,Trader Joes,189.45,debit,Grocery shopping,Credit Card
09-15-2020,Uber,17.38,debit,Travel expenses,Credit Card
09-15-2020,MBTA,13.35,debit,Travel expenses,Credit Card
09-15-2020,Dominos,62.22,debit,Restaurants,Credit Card
09-16-2020,Dominos,38.68,debit,Restaurants,Credit Card
09-17-2020,Market Basket,225.98,debit,Grocery shopping,Credit Card
09-17-2020,Dominos,46.69,debit,Restaurants,Credit Card
09-17-2020,Mama-cita,55.01,debit,Restaurants,Credit Card
09-17-2020,Boston Shawarma,63.59,debit,Restaurants,Credit Card
09-17-2020,Lyft,20.27,debit,Travel expenses,Credit Card
09-18-2020,Trader Joes,220.31,debit,Grocery shopping,Credit Card
09-18-2020,Ace Hardware,201.63,debit,Grocery shopping,Credit Card
09-18-2020,AMC Boston,40.58,debit,Entertainment,Credit Card
09-19-2020,Boston Halal,39.78,debit,Restaurants,Credit Card
09-19-2020,Mall,62.77,debit,Shopping,Credit Card
09-20-2020,Mama-cita,60.26,debit,Restaurants,Credit Card
09-20-2020,Market Basket,159.93,debit,Grocery shopping,Credit Card
09-21-2020,StandUp show,32.28,debit,Entertainment,Credit Card
09-21-2020,Mall,67.89,debit,Shopping,Credit Card
09-21-2020,Amazon,35.85,debit,Shopping,Credit Card
09-21-2020,Ace Hardware,190.56,debit,Grocery shopping,Credit Card
09-21-2020,Stop and Shop,167.65,debit,Grocery shopping,Credit Card
09-22-2020,Dominos,48.86,debit,Restaurants,Credit Card
09-23-2020,Mall,61.06,debit,Shopping,Credit Card
09-23-2020,Uber,10.09,debit,Travel expenses,Credit Card
09-23-2020,Dominos,41.01,debit,Restaurants,Credit Card
09-24-2020,MBTA,22.49,debit,Travel expenses,Credit Card
09-24-2020,AMC Boston,59.39,debit,Entertainment,Credit Card
09-24-2020,Stop and Shop,239.52,debit,Grocery shopping,Credit Card
09-25-2020,Uber,11.44,debit,Travel expenses,Credit Card
09-26-2020,Market Basket,161.29,debit,Grocery shopping,Credit Card
09-26-2020,Stop and Shop,228.32,debit,Grocery shopping,Credit Card
09-26-2020,Ace Hardware,178.07,debit,Grocery shopping,Credit Card
09-26-2020,Trader Joes,225.38,debit,Grocery shopping,Credit Card
09-26-2020,Boston Halal,49.67,debit,Restaurants,Credit Card
09-28-2020,Boston Halal,48.89,debit,Restaurants,Credit Card
09-28-2020,Mama-cita,67.38,debit,Restaurants,Credit Card
09-28-2020,Ace Hardware,246.02,debit,Grocery shopping,Credit Card
09-28-2020,Amazon,27.38,debit,Shopping,Credit Card
09-29-2020,Trader Joes,245.98,debit,Grocery shopping,Credit Card
09-29-2020,Ace Hardware,174.41,debit,Grocery shopping,Credit Card
09-29-2020,Mall,20.12,debit,Shopping,Credit Card
09-29-2020,Amazon,39.42,debit,Shopping,Credit Card
09-29-2020,Stop and Shop,216.84,debit,Grocery shopping,Credit Card
09-30-2020,Amazon,71.08,debit,Shopping,Credit Card
09-30-2020,Stop and Shop,219.61,debit,Grocery shopping,Credit Card
10-01-2020,Rent/ Mortgage,1450,debit,Mortgage & Rent,Savings
10-01-2020,Eversource Electricity,54.23,debit,Utilities,Checking
10-01-2020,National Grid Gas,69.51,debit,Utilities,Checking
10-01-2020,Heating fuel,192.3,debit,Utilities,Checking
10-01-2020,Mama-cita,55.15,debit,Restaurants,Credit Card
10-02-2020,MBTA,28.05,debit,Travel expenses,Credit Card
10-02-2020,Uber,27.7,debit,Travel expenses,Credit Card
10-02-2020,Mama-cita,38.53,debit,Restaurants,Credit Card
10-02-2020,Dominos,56.46,debit,Restaurants,Credit Card
10-03-2020,Boston Halal,25.55,debit,Restaurants,Credit Card
10-03-2020,Boston Shawarma,52.09,debit,Restaurants,Credit Card
10-03-2020,Dominos,79.77,debit,Restaurants,Credit Card
10-03-2020,Karaoke,59.01,debit,Entertainment,Credit Card
10-04-2020,Boston Halal,43.78,debit,Restaurants,Credit Card
10-04-2020,Uber,25.27,debit,Travel expenses,Credit Card
10-04-2020,Mama-cita,27.43,debit,Restaurants,Credit Card
10-04-2020,Trader Joes,245.25,debit,Grocery shopping,Credit Card
10-04-2020,Ace Hardware,233.65,debit,Grocery shopping,Credit Card
10-05-2020,Mama-cita,46.3,debit,Restaurants,Credit Card
10-05-2020,AMC Boston,51.27,debit,Entertainment,Credit Card
10-05-2020,Stop and Shop,225.48,debit,Grocery shopping,Credit Card
10-05-2020,Boston Halal,69.48,debit,Restaurants,Credit Card
10-05-2020,Amazon,45.09,debit,Shopping,Credit Card
10-05-2020,Market Basket,179.93,debit,Grocery shopping,Credit Card
10-05-2020,MBTA,26.03,debit,Travel expenses,Credit Card
10-05-2020,Mall,35.19,debit,Shopping,Credit Card
10-06-2020,Ace Hardware,214.47,debit,Grocery shopping,Credit Card
10-07-2020,Dominos,51.47,debit,Restaurants,Credit Card
10-07-2020,Temu,57.48,debit,Shopping,Credit Card
10-07-2020,Mama-cita,44.23,debit,Restaurants,Credit Card
10-08-2020,Temu,59.39,debit,Shopping,Credit Card
10-08-2020,Mall,51.86,debit,Shopping,Credit Card
10-08-2020,Trader Joes,156.49,debit,Grocery shopping,Credit Card
10-08-2020,Ace Hardware,176.09,debit,Grocery shopping,Credit Card
10-08-2020,Amazon,72.63,debit,Shopping,Credit Card
10-09-2020,Market Basket,161.1,debit,Grocery shopping,Credit Card
10-09-2020,Stop and Shop,182.19,debit,Grocery shopping,Credit Card
10-09-2020,Dominos,66.35,debit,Restaurants,Credit Card
10-09-2020,Lyft,25.06,debit,Travel expenses,Credit Card
10-10-2020,Ace Hardware,193.43,debit,Grocery shopping,Credit Card
10-10-2020,MBTA,18.52,debit,Travel expenses,Credit Card
10-11-2020,Lyft,28.37,debit,Travel expenses,Credit Card
10-11-2020,Ace Hardware,176.76,debit,Grocery shopping,Credit Card
10-11-2020,Mall,41.78,debit,Shopping,Credit Card
10-12-2020,Ace Hardware,155.46,debit,Grocery shopping,Credit Card
10-12-2020,Market Basket,195.71,debit,Grocery shopping,Credit Card
10-12-2020,Temu,71.24,debit,Shopping,Credit Card
10-12-2020,Uber,26.05,debit,Travel expenses,Credit Card
10-12-2020,Boston Shawarma,58.23,debit,Restaurants,Credit Card
10-12-2020,Ice skating,66.89,debit,Entertainment,Credit Card
10-13-2020,Amazon,71.33,debit,Shopping,Credit Card
10-13-2020,Dominos,50.73,debit,Restaurants,Credit Card
10-13-2020,AMC Boston,62.19,debit,Entertainment,Credit Card
10-13-2020,Monthly direct deposit - Salary,6000,credit,Salary,Savings
10-14-2020,MBTA,15.37,debit,Travel expenses,Credit Card
10-14-2020,Lyft,10.36,debit,Travel expenses,Credit Card
10-14-2020,Uber,21.27,debit,Travel expenses,Credit Card
10-14-2020,Trader Joes,210.64,debit,Grocery shopping,Credit Card
10-14-2020,Boston Shawarma,76.47,debit,Restaurants,Credit Card
10-14-2020,Market Basket,228.23,debit,Grocery shopping,Credit Card
10-14-2020,Mall,67.58,debit,Shopping,Credit Card
10-15-2020,Dominos,79.76,debit,Restaurants,Credit Card
10-16-2020,Temu,33.39,debit,Shopping,Credit Card
10-16-2020,Boston Shawarma,36.9,debit,Restaurants,Credit Card
10-17-2020,Mall,28.27,debit,Shopping,Credit Card
10-17-2020,Credit Transaction,13.06,credit,Cashback Rewards,Savings
10-17-2020,Credit Transaction,12.34,credit,Cashback Rewards,Savings
10-17-2020,Dominos,46.98,debit,Restaurants,Credit Card
10-17-2020,Uber,17.87,debit,Travel expenses,Credit Card
10-18-2020,Mall,71.32,debit,Shopping,Credit Card
10-18-2020,Dominos,67.94,debit,Restaurants,Credit Card
10-18-2020,Market Basket,199.57,debit,Grocery shopping,Credit Card
10-18-2020,Mama-cita,57.64,debit,Restaurants,Credit Card
10-18-2020,Boston Halal,50.01,debit,Restaurants,Credit Card
10-19-2020,Boston Halal,74.94,debit,Restaurants,Credit Card
10-19-2020,Amazon,61.05,debit,Shopping,Credit Card
10-19-2020,Mama-cita,69.92,debit,Restaurants,Credit Card
10-19-2020,Uber,22.89,debit,Travel expenses,Credit Card
10-20-2020,Credit Transaction,185.83,credit,Dividends,Savings
10-20-2020,Credit Transaction,9.52,credit,Cashback Rewards,Savings
10-21-2020,Amazon,59.57,debit,Shopping,Credit Card
10-21-2020,Mall,43.11,debit,Shopping,Credit Card
10-21-2020,Stop and Shop,177.09,debit,Grocery shopping,Credit Card
10-21-2020,Temu,21.97,debit,Shopping,Credit Card
10-21-2020,Market Basket,172.95,debit,Grocery shopping,Credit Card
10-22-2020,Trader Joes,221.98,debit,Grocery shopping,Credit Card
10-22-2020,Boston Shawarma,70.55,debit,Restaurants,Credit Card
10-22-2020,Lyft,19.96,debit,Travel expenses,Credit Card
10-22-2020,Dominos,63.21,debit,Restaurants,Credit Card
10-23-2020,Mall,53.53,debit,Shopping,Credit Card
10-23-2020,Stop and Shop,167.15,debit,Grocery shopping,Credit Card
10-23-2020,Trader Joes,159.13,debit,Grocery shopping,Credit Card
10-23-2020,Credit Transaction,3.32,credit,Cashback Rewards,Savings
10-24-2020,Credit Transaction,7.33,credit,Cashback Rewards,Savings
10-24-2020,Mama-cita,57.76,debit,Restaurants,Credit Card
10-24-2020,Stop and Shop,179.45,debit,Grocery shopping,Credit Card
10-25-2020,Ice skating,57.94,debit,Entertainment,Credit Card
10-25-2020,Boston Halal,49.81,debit,Restaurants,Credit Card
10-25-2020,Dominos,64.87,debit,Restaurants,Credit Card
10-25-2020,Lyft,27.08,debit,Travel expenses,Credit Card
10-25-2020,Boston Shawarma,49.6,debit,Restaurants,Credit Card
10-25-2020,Mama-cita,60.04,debit,Restaurants,Credit Card
10-26-2020,Trader Joes,226.17,debit,Grocery shopping,Credit Card
10-26-2020,Boston Halal,52.26,debit,Restaurants,Credit Card
10-26-2020,Mama-cita,78.43,debit,Restaurants,Credit Card
10-26-2020,Dominos,25.82,debit,Restaurants,Credit Card
10-26-2020,Lyft,20.65,debit,Travel expenses,Credit Card
10-26-2020,Market Basket,167.54,debit,Grocery shopping,Credit Card
10-27-2020,Trader Joes,247.23,debit,Grocery shopping,Credit Card
10-27-2020,Amazon,58.49,debit,Shopping,Credit Card
10-27-2020,Boston Shawarma,77.54,debit,Restaurants,Credit Card
10-27-2020,Mall,24.12,debit,Shopping,Credit Card
10-27-2020,Mama-cita,74.25,debit,Restaurants,Credit Card
10-28-2020,Amazon,22.28,debit,Shopping,Credit Card
10-28-2020,Market Basket,164.62,debit,Grocery shopping,Credit Card
10-29-2020,Dominos,64.4,debit,Restaurants,Credit Card
10-29-2020,Uber,24.25,debit,Travel expenses,Credit Card
10-30-2020,Stop and Shop,235.92,debit,Grocery shopping,Credit Card
10-30-2020,Temu,48.85,debit,Shopping,Credit Card
10-31-2020,Mama-cita,52.02,debit,Restaurants,Credit Card
10-31-2020,Market Basket,184.89,debit,Grocery shopping,Credit Card
10-31-2020,Uber,17.95,debit,Travel expenses,Credit Card
10-31-2020,Dominos,45.9,debit,Restaurants,Credit Card
10-31-2020,Ace Hardware,202.31,debit,Grocery shopping,Credit Card
10-31-2020,Boston Halal,33.34,debit,Restaurants,Credit Card
11-01-2020,Dominos,61.11,debit,Restaurants,Credit Card
11-01-2020,Rent/ Mortgage,1450,debit,Mortgage & Rent,Savings
11-01-2020,Eversource Electricity,56.25,debit,Utilities,Checking
11-01-2020,National Grid Gas,62.65,debit,Utilities,Checking
11-01-2020,Heating fuel,174.6,debit,Utilities,Checking
11-01-2020,Boston Shawarma,65.6,debit,Restaurants,Credit Card
11-01-2020,Mama-cita,52.53,debit,Restaurants,Credit Card
11-02-2020,Boston Shawarma,77.41,debit,Restaurants,Credit Card
11-02-2020,Ace Hardware,241.95,debit,Grocery shopping,Credit Card
11-03-2020,Boston Shawarma,41.2,debit,Restaurants,Credit Card
11-03-2020,MBTA,13.89,debit,Travel expenses,Credit Card
11-03-2020,Boston Halal,37.54,debit,Restaurants,Credit Card
11-04-2020,Amazon,55.8,debit,Shopping,Credit Card
11-04-2020,Boston Shawarma,31.57,debit,Restaurants,Credit Card
11-04-2020,Market Basket,167.74,debit,Grocery shopping,Credit Card
11-04-2020,Ace Hardware,241.25,debit,Grocery shopping,Credit Card
11-04-2020,Mama-cita,58.93,debit,Restaurants,Credit Card
11-05-2020,Mama-cita,64.74,debit,Restaurants,Credit Card
11-05-2020,Boston Halal,32.42,debit,Restaurants,Credit Card
11-05-2020,Amazon,34.99,debit,Shopping,Credit Card
11-05-2020,MBTA,16.38,debit,Travel expenses,Credit Card
11-05-2020,Stop and Shop,185.24,debit,Grocery shopping,Credit Card
11-05-2020,Trader Joes,204.96,debit,Grocery shopping,Credit Card
11-05-2020,AMC Boston,38.64,debit,Entertainment,Credit Card
11-06-2020,MBTA,10.36,debit,Travel expenses,Credit Card
11-06-2020,Lyft,22.43,debit,Travel expenses,Credit Card
11-07-2020,Dominos,77.97,debit,Restaurants,Credit Card
11-07-2020,Mall,62.25,debit,Shopping,Credit Card
11-08-2020,Market Basket,228,debit,Grocery shopping,Credit Card
11-08-2020,Boston Shawarma,78.01,debit,Restaurants,Credit Card
11-09-2020,Mall,41.96,debit,Shopping,Credit Card
11-09-2020,Mama-cita,29.84,debit,Restaurants,Credit Card
11-10-2020,MBTA,29.35,debit,Travel expenses,Credit Card
11-10-2020,Mama-cita,39.11,debit,Restaurants,Credit Card
11-10-2020,Boston Shawarma,68.43,debit,Restaurants,Credit Card
11-10-2020,Boston Halal,74.18,debit,Restaurants,Credit Card
11-12-2020,Boston Halal,58.15,debit,Restaurants,Credit Card
11-12-2020,Mall,33.58,debit,Shopping,Credit Card
11-12-2020,Boston Shawarma,49.42,debit,Restaurants,Credit Card
11-12-2020,MBTA,21.38,debit,Travel expenses,Credit Card
11-12-2020,Amazon,28.75,debit,Shopping,Credit Card
11-13-2020,Mall,43.08,debit,Shopping,Credit Card
11-13-2020,Stop and Shop,166.44,debit,Grocery shopping,Credit Card
11-13-2020,Monthly direct deposit - Salary,6180,credit,Salary,Savings
11-13-2020,Uber,23.32,debit,Travel expenses,Credit Card
11-13-2020,Boston Halal,62.7,debit,Restaurants,Credit Card
11-13-2020,Karaoke,34.46,debit,Entertainment,Credit Card
11-13-2020,Mama-cita,65.27,debit,Restaurants,Credit Card
11-13-2020,Lyft,13.83,debit,Travel expenses,Credit Card
11-14-2020,Temu,71.93,debit,Shopping,Credit Card
11-14-2020,StandUp show,68.27,debit,Entertainment,Credit Card
11-14-2020,Boston Shawarma,37.6,debit,Restaurants,Credit Card
11-14-2020,Karaoke,35.4,debit,Entertainment,Credit Card
11-15-2020,Market Basket,180.32,debit,Grocery shopping,Credit Card
11-15-2020,Amazon,76.62,debit,Shopping,Credit Card
11-15-2020,Temu,61.89,debit,Shopping,Credit Card
11-15-2020,Stop and Shop,239.33,debit,Grocery shopping,Credit Card
11-16-2020,Dominos,26.87,debit,Restaurants,Credit Card
11-16-2020,MBTA,21.29,debit,Travel expenses,Credit Card
11-16-2020,Boston Shawarma,55.23,debit,Restaurants,Credit Card
11-16-2020,Mama-cita,78.19,debit,Restaurants,Credit Card
11-16-2020,Amazon,70.16,debit,Shopping,Credit Card
11-17-2020,Mama-cita,34.63,debit,Restaurants,Credit Card
11-18-2020,Trader Joes,153.17,debit,Grocery shopping,Credit Card
11-18-2020,Market Basket,203.72,debit,Grocery shopping,Credit Card
11-18-2020,StandUp show,44.71,debit,Entertainment,Credit Card
11-18-2020,MBTA,24.42,debit,Travel expenses,Credit Card
11-18-2020,Lyft,22.68,debit,Travel expenses,Credit Card
11-19-2020,Mama-cita,50.89,debit,Restaurants,Credit Card
11-19-2020,Dominos,71.24,debit,Restaurants,Credit Card
11-19-2020,Karaoke,35.23,debit,Entertainment,Credit Card
11-19-2020,Uber,20.49,debit,Travel expenses,Credit Card
11-20-2020,Trader Joes,232.4,debit,Grocery shopping,Credit Card
11-20-2020,MBTA,28.96,debit,Travel expenses,Credit Card
11-21-2020,Mall,68.68,debit,Shopping,Credit Card
11-21-2020,MBTA,11.25,debit,Travel expenses,Credit Card
11-21-2020,Boston Halal,38.49,debit,Restaurants,Credit Card
11-21-2020,Amazon,61.03,debit,Shopping,Credit Card
11-21-2020,Temu,29.68,debit,Shopping,Credit Card
11-22-2020,Mall,41.81,debit,Shopping,Credit Card
11-22-2020,Boston Shawarma,71.14,debit,Restaurants,Credit Card
11-22-2020,Amazon,21.74,debit,Shopping,Credit Card
11-22-2020,Temu,54.78,debit,Shopping,Credit Card
11-22-2020,Ice skating,26.28,debit,Entertainment,Credit Card
11-23-2020,MBTA,26.39,debit,Travel expenses,Credit Card
11-23-2020,Credit Transaction,8.01,credit,Cashback Rewards,Savings
11-24-2020,Lyft,17.15,debit,Travel expenses,Credit Card
11-24-2020,Mama-cita,58.88,debit,Restaurants,Credit Card
11-24-2020,MBTA,14.08,debit,Travel expenses,Credit Card
11-24-2020,AMC Boston,29.83,debit,Entertainment,Credit Card
11-24-2020,Uber,16.25,debit,Travel expenses,Credit Card
11-24-2020,Boston Shawarma,26.78,debit,Restaurants,Credit Card
11-25-2020,Stop and Shop,225.27,debit,Grocery shopping,Credit Card
11-25-2020,Temu,62.5,debit,Shopping,Credit Card
11-25-2020,Trader Joes,178.13,debit,Grocery shopping,Credit Card
11-25-2020,Market Basket,175.97,debit,Grocery shopping,Credit Card
11-25-2020,Amazon,69.34,debit,Shopping,Credit Card
11-25-2020,Ace Hardware,195.84,debit,Grocery shopping,Credit Card
11-25-2020,Mall,74.45,debit,Shopping,Credit Card
11-26-2020,Trader Joes,230.65,debit,Grocery shopping,Credit Card
11-26-2020,Boston Shawarma,57.3,debit,Restaurants,Credit Card
11-26-2020,Temu,20.57,debit,Shopping,Credit Card
11-26-2020,Mall,76.78,debit,Shopping,Credit Card
11-26-2020,Mama-cita,75.79,debit,Restaurants,Credit Card
11-26-2020,Amazon,28.42,debit,Shopping,Credit Card
11-26-2020,Dominos,55.22,debit,Restaurants,Credit Card
11-27-2020,Credit Transaction,109.27,credit,Dividends,Savings
11-27-2020,Temu,50.06,debit,Shopping,Credit Card
11-27-2020,Market Basket,241.34,debit,Grocery shopping,Credit Card
11-27-2020,Dominos,75.17,debit,Restaurants,Credit Card
11-28-2020,Credit Transaction,7.6,credit,Cashback Rewards,Savings
11-28-2020,Ace Hardware,193.3,debit,Grocery shopping,Credit Card
11-28-2020,Dominos,59.84,debit,Restaurants,Credit Card
11-29-2020,Karaoke,68.36,debit,Entertainment,Credit Card
11-29-2020,Uber,28.38,debit,Travel expenses,Credit Card
11-29-2020,Boston Shawarma,76.56,debit,Restaurants,Credit Card
11-29-2020,Amazon,35.41,debit,Shopping,Credit Card
11-29-2020,Boston Halal,70.36,debit,Restaurants,Credit Card
11-29-2020,Market Basket,179.22,debit,Grocery shopping,Credit Card
11-30-2020,Boston Halal,73.6,debit,Restaurants,Credit Card
11-30-2020,Mall,76.76,debit,Shopping,Credit Card
11-30-2020,Dominos,32.24,debit,Restaurants,Credit Card
11-30-2020,Boston Shawarma,34.92,debit,Restaurants,Credit Card
12-01-2020,Boston Shawarma,78.17,debit,Restaurants,Credit Card
12-01-2020,MBTA,29.06,debit,Travel expenses,Credit Card
12-01-2020,Temu,26.47,debit,Shopping,Credit Card
12-01-2020,Dominos,55.2,debit,Restaurants,Credit Card
12-01-2020,Trader Joes,156.01,debit,Grocery shopping,Credit Card
12-01-2020,National Grid Gas,62.8,debit,Utilities,Checking
12-01-2020,Eversource Electricity,59.95,debit,Utilities,Checking
12-01-2020,Rent/ Mortgage,1450,debit,Mortgage & Rent,Savings
12-01-2020,Heating fuel,213.87,debit,Utilities,Checking
12-02-2020,Stop and Shop,165.78,debit,Grocery shopping,Credit Card
12-02-2020,StandUp show,65.56,debit,Entertainment,Credit Card
12-03-2020,Stop and Shop,150.86,debit,Grocery shopping,Credit Card
12-03-2020,Market Basket,181.99,debit,Grocery shopping,Credit Card
12-05-2020,Dominos,70.45,debit,Restaurants,Credit Card
12-05-2020,Boston Shawarma,53.94,debit,Restaurants,Credit Card
12-05-2020,Stop and Shop,151.91,debit,Grocery shopping,Credit Card
12-05-2020,Mall,36.13,debit,Shopping,Credit Card
12-05-2020,Boston Halal,27.36,debit,Restaurants,Credit Card
12-06-2020,Mama-cita,52.02,debit,Restaurants,Credit Card
12-07-2020,Mama-cita,77.78,debit,Restaurants,Credit Card
12-08-2020,Temu,68.68,debit,Shopping,Credit Card
12-08-2020,Credit Transaction,16.13,credit,Cashback Rewards,Savings
12-08-2020,Dominos,39.71,debit,Restaurants,Credit Card
12-09-2020,Ace Hardware,223.75,debit,Grocery shopping,Credit Card
12-09-2020,Boston Shawarma,51.94,debit,Restaurants,Credit Card
12-09-2020,Amazon,60.5,debit,Shopping,Credit Card
12-09-2020,Boston Halal,26.64,debit,Restaurants,Credit Card
12-09-2020,Dominos,43.42,debit,Restaurants,Credit Card
12-10-2020,Boston Halal,65.9,debit,Restaurants,Credit Card
12-11-2020,MBTA,13.07,debit,Travel expenses,Credit Card
12-11-2020,Trader Joes,160.76,debit,Grocery shopping,Credit Card
12-12-2020,Trader Joes,173.86,debit,Grocery shopping,Credit Card
12-12-2020,Mall,69.47,debit,Shopping,Credit Card
12-12-2020,Boston Halal,26.97,debit,Restaurants,Credit Card
12-13-2020,Monthly direct deposit - Salary,6180,credit,Salary,Savings
12-14-2020,Mama-cita,32.52,debit,Restaurants,Credit Card
12-14-2020,Dominos,48.49,debit,Restaurants,Credit Card
12-14-2020,Amazon,21.61,debit,Shopping,Credit Card
12-15-2020,Stop and Shop,233.82,debit,Grocery shopping,Credit Card
12-15-2020,Credit Transaction,154.84,credit,Dividends,Savings
12-15-2020,Mama-cita,77.8,debit,Restaurants,Credit Card
12-16-2020,Boston Shawarma,38.22,debit,Restaurants,Credit Card
12-16-2020,Mall,66.73,debit,Shopping,Credit Card
12-16-2020,Lyft,24.97,debit,Travel expenses,Credit Card
12-16-2020,Market Basket,163.8,debit,Grocery shopping,Credit Card
12-16-2020,Stop and Shop,226.88,debit,Grocery shopping,Credit Card
12-17-2020,Uber,27.9,debit,Travel expenses,Credit Card
12-17-2020,Stop and Shop,223.15,debit,Grocery shopping,Credit Card
12-18-2020,Amazon,57.1,debit,Shopping,Credit Card
12-18-2020,Uber,23.07,debit,Travel expenses,Credit Card
12-18-2020,Temu,45.64,debit,Shopping,Credit Card
12-19-2020,Boston Halal,43.28,debit,Restaurants,Credit Card
12-19-2020,Market Basket,173.82,debit,Grocery shopping,Credit Card
12-19-2020,Mall,59.17,debit,Shopping,Credit Card
12-19-2020,Ace Hardware,151.96,debit,Grocery shopping,Credit Card
12-19-2020,StandUp show,64.95,debit,Entertainment,Credit Card
12-19-2020,Boston Shawarma,74.66,debit,Restaurants,Credit Card
12-20-2020,Amazon,43.77,debit,Shopping,Credit Card
12-20-2020,Dominos,66.67,debit,Restaurants,Credit Card
12-20-2020,Stop and Shop,151.44,debit,Grocery shopping,Credit Card
12-20-2020,Credit Transaction,17.32,credit,Cashback Rewards,Savings
12-21-2020,Mama-cita,44.11,debit,Restaurants,Credit Card
12-21-2020,Boston Shawarma,44.66,debit,Restaurants,Credit Card
12-21-2020,Stop and Shop,182.75,debit,Grocery shopping,Credit Card
12-21-2020,Boston Halal,47.84,debit,Restaurants,Credit Card
12-21-2020,Trader Joes,217,debit,Grocery shopping,Credit Card
12-21-2020,Dominos,30.56,debit,Restaurants,Credit Card
12-22-2020,Boston Halal,68.06,debit,Restaurants,Credit Card
12-22-2020,MBTA,20.42,debit,Travel expenses,Credit Card
12-22-2020,Ice skating,38.59,debit,Entertainment,Credit Card
12-22-2020,Mall,58.14,debit,Shopping,Credit Card
12-23-2020,Uber,11.55,debit,Travel expenses,Credit Card
12-23-2020,Ace Hardware,221.43,debit,Grocery shopping,Credit Card
12-24-2020,Mall,67.71,debit,Shopping,Credit Card
12-24-2020,Dominos,43.76,debit,Restaurants,Credit Card
12-24-2020,Stop and Shop,154.49,debit,Grocery shopping,Credit Card
12-24-2020,Boston Halal,59.26,debit,Restaurants,Credit Card
12-24-2020,Mama-cita,70.26,debit,Restaurants,Credit Card
12-25-2020,Lyft,22.46,debit,Travel expenses,Credit Card
12-25-2020,MBTA,17.12,debit,Travel expenses,Credit Card
12-27-2020,Credit Transaction,14.97,credit,Cashback Rewards,Savings
12-27-2020,MBTA,18.3,debit,Travel expenses,Credit Card
12-28-2020,Mall,46.97,debit,Shopping,Credit Card
12-28-2020,Stop and Shop,219.95,debit,Grocery shopping,Credit Card
12-28-2020,Boston Halal,27.79,debit,Restaurants,Credit Card
12-28-2020,Temu,34.69,debit,Shopping,Credit Card
12-29-2020,Boston Shawarma,48.99,debit,Restaurants,Credit Card
12-30-2020,Credit Transaction,114.6,credit,Dividends,Savings
12-30-2020,Ace Hardware,159.15,debit,Grocery shopping,Credit Card
12-30-2020,Trader Joes,209.86,debit,Grocery shopping,Credit Card
12-30-2020,Boston Halal,34.52,debit,Restaurants,Credit Card
12-30-2020,Lyft,28.47,debit,Travel expenses,Credit Card
12-30-2020,Mama-cita,33.15,debit,Restaurants,Credit Card
12-30-2020,Market Basket,163.35,debit,Grocery shopping,Credit Card
12-31-2020,Credit Transaction,9.55,credit,Cashback Rewards,Savings
12-31-2020,Market Basket,182.28,debit,Grocery shopping,Credit Card
01-01-2021,StandUp show,23,debit,Entertainment,Credit Card
01-01-2021,Rent/ Mortgage,1450,debit,Mortgage & Rent,Savings
01-01-2021,Eversource Electricity,58.4,debit,Utilities,Checking
01-01-2021,National Grid Gas,53.35,debit,Utilities,Checking
01-01-2021,Heating fuel,191.03,debit,Utilities,Checking
01-01-2021,Boston Halal,31.14,debit,Restaurants,Credit Card
01-01-2021,Temu,83.04,debit,Shopping,Credit Card
01-01-2021,Boston Shawarma,37.09,debit,Restaurants,Credit Card
01-02-2021,Stop and Shop,234.12,debit,Grocery shopping,Credit Card
01-02-2021,Mall,36.64,debit,Shopping,Credit Card
01-02-2021,MBTA,18.67,debit,Travel expenses,Credit Card
01-04-2021,Uber,21.31,debit,Travel expenses,Credit Card
01-04-2021,Credit Transaction,188,credit,Dividends,Savings
01-04-2021,Dominos,46.54,debit,Restaurants,Credit Card
01-05-2021,MBTA,21.37,debit,Travel expenses,Credit Card
01-05-2021,Amazon,22.01,debit,Shopping,Credit Card
01-05-2021,Mama-cita,74.56,debit,Restaurants,Credit Card
01-06-2021,Credit Transaction,5.6,credit,Cashback Rewards,Savings
01-06-2021,Temu,60.49,debit,Shopping,Credit Card
01-06-2021,Amazon,68.45,debit,Shopping,Credit Card
01-08-2021,Uber,12.99,debit,Travel expenses,Credit Card
01-08-2021,Mall,46,debit,Shopping,Credit Card
01-08-2021,Mama-cita,38.64,debit,Restaurants,Credit Card
01-08-2021,Dominos,65.36,debit,Restaurants,Credit Card
01-10-2021,Boston Halal,76.18,debit,Restaurants,Credit Card
01-10-2021,Dominos,49.69,debit,Restaurants,Credit Card
01-11-2021,AMC Boston,66.6,debit,Entertainment,Credit Card
01-11-2021,Dominos,49.86,debit,Restaurants,Credit Card
01-11-2021,Temu,63.82,debit,Shopping,Credit Card
01-11-2021,Mall,78.3,debit,Shopping,Credit Card
01-11-2021,Mama-cita,30.21,debit,Restaurants,Credit Card
01-12-2021,Dominos,28.01,debit,Restaurants,Credit Card
01-12-2021,Karaoke,71.1,debit,Entertainment,Credit Card
01-12-2021,Trader Joes,218.47,debit,Grocery shopping,Credit Card
01-12-2021,Stop and Shop,239.91,debit,Grocery shopping,Credit Card
01-12-2021,AMC Boston,60.2,debit,Entertainment,Credit Card
01-12-2021,Uber,22.98,debit,Travel expenses,Credit Card
01-13-2021,Uber,18.94,debit,Travel expenses,Credit Card
01-13-2021,Boston Halal,69.7,debit,Restaurants,Credit Card
01-13-2021,Boston Shawarma,50.22,debit,Restaurants,Credit Card
01-13-2021,Dominos,31.91,debit,Restaurants,Credit Card
01-13-2021,Mama-cita,39.69,debit,Restaurants,Credit Card
01-13-2021,Monthly direct deposit - Salary,6180,credit,Salary,Savings
01-14-2021,Mall,76.72,debit,Shopping,Credit Card
01-14-2021,Dominos,72.41,debit,Restaurants,Credit Card
01-14-2021,Mama-cita,71.62,debit,Restaurants,Credit Card
01-14-2021,Lyft,15.03,debit,Travel expenses,Credit Card
01-15-2021,Amazon,36.67,debit,Shopping,Credit Card
01-16-2021,Boston Shawarma,35.33,debit,Restaurants,Credit Card
01-18-2021,Stop and Shop,214.98,debit,Grocery shopping,Credit Card
01-18-2021,Trader Joes,228.36,debit,Grocery shopping,Credit Card
01-19-2021,Boston Halal,75.78,debit,Restaurants,Credit Card
01-19-2021,Boston Shawarma,69.78,debit,Restaurants,Credit Card
01-19-2021,Mama-cita,52,debit,Restaurants,Credit Card
01-19-2021,Temu,57.77,debit,Shopping,Credit Card
01-19-2021,Lyft,13.91,debit,Travel expenses,Credit Card
01-19-2021,Credit Transaction,19.5,credit,Cashback Rewards,Savings
01-20-2021,Trader Joes,254.13,debit,Grocery shopping,Credit Card
01-20-2021,Temu,71.27,debit,Shopping,Credit Card
01-21-2021,MBTA,29.63,debit,Travel expenses,Credit Card
01-21-2021,Trader Joes,235.06,debit,Grocery shopping,Credit Card
01-21-2021,Dominos,39.14,debit,Restaurants,Credit Card
01-21-2021,Boston Halal,28,debit,Restaurants,Credit Card
01-21-2021,Market Basket,209.45,debit,Grocery shopping,Credit Card
01-21-2021,Mama-cita,51.39,debit,Restaurants,Credit Card
01-22-2021,Credit Transaction,7,credit,Cashback Rewards,Savings
01-23-2021,Boston Shawarma,45.33,debit,Restaurants,Credit Card
01-23-2021,MBTA,12.04,debit,Travel expenses,Credit Card
01-24-2021,Dominos,59.54,debit,Restaurants,Credit Card
01-24-2021,Trader Joes,181.96,debit,Grocery shopping,Credit Card
01-24-2021,MBTA,24.92,debit,Travel expenses,Credit Card
01-25-2021,Mall,31.82,debit,Shopping,Credit Card
01-25-2021,Market Basket,208.86,debit,Grocery shopping,Credit Card
01-26-2021,MBTA,25.62,debit,Travel expenses,Credit Card
01-28-2021,Karaoke,50.22,debit,Entertainment,Credit Card
01-29-2021,MBTA,15.31,debit,Travel expenses,Credit Card
01-29-2021,Dominos,54.21,debit,Restaurants,Credit Card
01-30-2021,Amazon,60.47,debit,Shopping,Credit Card
01-30-2021,Ace Hardware,156.74,debit,Grocery shopping,Credit Card
01-30-2021,Temu,68.55,debit,Shopping,Credit Card
01-30-2021,Uber,14.37,debit,Travel expenses,Credit Card
01-30-2021,Boston Shawarma,39.2,debit,Restaurants,Credit Card
01-31-2021,Temu,45.39,debit,Shopping,Credit Card
01-31-2021,Dominos,47.26,debit,Restaurants,Credit Card
02-01-2021,Rent/ Mortgage,1450,debit,Mortgage & Rent,Savings
02-01-2021,Eversource Electricity,64.68,debit,Utilities,Checking
02-01-2021,National Grid Gas,56.25,debit,Utilities,Checking
02-01-2021,Heating fuel,198.81,debit,Utilities,Checking
02-01-2021,Amazon,53.42,debit,Shopping,Credit Card
02-02-2021,Stop and Shop,205,debit,Grocery shopping,Credit Card
02-02-2021,Boston Shawarma,49.83,debit,Restaurants,Credit Card
02-02-2021,Credit Transaction,14.16,credit,Cashback Rewards,Savings
02-03-2021,StandUp show,35.77,debit,Entertainment,Credit Card
02-03-2021,Boston Shawarma,75.78,debit,Restaurants,Credit Card
02-03-2021,Amazon,30.03,debit,Shopping,Credit Card
02-04-2021,Credit Transaction,16.99,credit,Cashback Rewards,Savings
02-04-2021,Mama-cita,75.73,debit,Restaurants,Credit Card
02-05-2021,Lyft,30.16,debit,Travel expenses,Credit Card
02-05-2021,Credit Transaction,170.43,credit,Dividends,Savings
02-06-2021,Amazon,43.25,debit,Shopping,Credit Card
02-06-2021,Boston Shawarma,65.63,debit,Restaurants,Credit Card
02-07-2021,Temu,69.1,debit,Shopping,Credit Card
02-07-2021,Boston Shawarma,44.39,debit,Restaurants,Credit Card
02-08-2021,Mama-cita,57.13,debit,Restaurants,Credit Card
02-08-2021,Stop and Shop,159.82,debit,Grocery shopping,Credit Card
02-08-2021,Credit Transaction,16.96,credit,Cashback Rewards,Savings
02-08-2021,Dominos,46.81,debit,Restaurants,Credit Card
02-08-2021,Boston Halal,68.1,debit,Restaurants,Credit Card
02-09-2021,Stop and Shop,191.21,debit,Grocery shopping,Credit Card
02-09-2021,Mama-cita,82.13,debit,Restaurants,Credit Card
02-09-2021,Dominos,51.25,debit,Restaurants,Credit Card
02-09-2021,Mall,64.79,debit,Shopping,Credit Card
02-10-2021,Credit Transaction,13.96,credit,Cashback Rewards,Savings
02-10-2021,Ace Hardware,244.13,debit,Grocery shopping,Credit Card
02-11-2021,Temu,22.24,debit,Shopping,Credit Card
02-11-2021,Boston Halal,61.07,debit,Restaurants,Credit Card
02-11-2021,Stop and Shop,257.21,debit,Grocery shopping,Credit Card
02-11-2021,AMC Boston,47.1,debit,Entertainment,Credit Card
02-12-2021,Mall,66.2,debit,Shopping,Credit Card
02-13-2021,Ice skating,70.91,debit,Entertainment,Credit Card
02-13-2021,Boston Shawarma,36.65,debit,Restaurants,Credit Card
02-13-2021,Dominos,75.59,debit,Restaurants,Credit Card
02-13-2021,Lyft,17.99,debit,Travel expenses,Credit Card
02-13-2021,Monthly direct deposit - Salary,6180,credit,Salary,Savings
02-13-2021,Boston Halal,46.01,debit,Restaurants,Credit Card
02-13-2021,Uber,21.73,debit,Travel expenses,Credit Card
02-13-2021,Trader Joes,239.79,debit,Grocery shopping,Credit Card
02-14-2021,Ace Hardware,239.92,debit,Grocery shopping,Credit Card
02-14-2021,Uber,16.94,debit,Travel expenses,Credit Card
02-15-2021,Boston Shawarma,45.15,debit,Restaurants,Credit Card
02-15-2021,Mama-cita,31.56,debit,Restaurants,Credit Card
02-15-2021,Boston Halal,67.53,debit,Restaurants,Credit Card
02-16-2021,MBTA,23.57,debit,Travel expenses,Credit Card
02-17-2021,Mall,79.76,debit,Shopping,Credit Card
02-17-2021,Boston Shawarma,56.03,debit,Restaurants,Credit Card
02-17-2021,Dominos,66.42,debit,Restaurants,Credit Card
02-18-2021,Boston Halal,71.88,debit,Restaurants,Credit Card
02-18-2021,Credit Transaction,10.04,credit,Cashback Rewards,Savings
02-18-2021,Dominos,67.81,debit,Restaurants,Credit Card
02-20-2021,Mall,39.12,debit,Shopping,Credit Card
02-20-2021,Boston Shawarma,38.37,debit,Restaurants,Credit Card
02-20-2021,Dominos,33.93,debit,Restaurants,Credit Card
02-20-2021,Ace Hardware,179.48,debit,Grocery shopping,Credit Card
02-21-2021,Karaoke,44.21,debit,Entertainment,Credit Card
02-21-2021,Boston Halal,40.51,debit,Restaurants,Credit Card
02-21-2021,Temu,72.31,debit,Shopping,Credit Card
02-21-2021,MBTA,16.26,debit,Travel expenses,Credit Card
02-21-2021,Market Basket,226.96,debit,Grocery shopping,Credit Card
02-22-2021,Ice skating,56.44,debit,Entertainment,Credit Card
02-22-2021,Credit Transaction,17.91,credit,Cashback Rewards,Savings
02-22-2021,Boston Shawarma,37.79,debit,Restaurants,Credit Card
02-22-2021,Temu,23.87,debit,Shopping,Credit Card
02-23-2021,Boston Shawarma,67.17,debit,Restaurants,Credit Card
02-23-2021,Boston Halal,58.13,debit,Restaurants,Credit Card
02-23-2021,Dominos,81.18,debit,Restaurants,Credit Card
02-23-2021,Trader Joes,163.47,debit,Grocery shopping,Credit Card
02-24-2021,Boston Halal,43.1,debit,Restaurants,Credit Card
02-24-2021,Mama-cita,38.07,debit,Restaurants,Credit Card
02-24-2021,Uber,30.27,debit,Travel expenses,Credit Card
02-25-2021,Karaoke,32.49,debit,Entertainment,Credit Card
02-25-2021,StandUp show,31.66,debit,Entertainment,Credit Card
02-25-2021,Ace Hardware,173.86,debit,Grocery shopping,Credit Card
02-25-2021,Ice skating,45.67,debit,Entertainment,Credit Card
02-25-2021,Mall,82.69,debit,Shopping,Credit Card
02-25-2021,AMC Boston,39.68,debit,Entertainment,Credit Card
02-26-2021,MBTA,24.16,debit,Travel expenses,Credit Card
02-26-2021,Ace Hardware,190.84,debit,Grocery shopping,Credit Card
02-26-2021,Mall,27.42,debit,Shopping,Credit Card
02-26-2021,Uber,30.41,debit,Travel expenses,Credit Card
02-26-2021,Lyft,29.99,debit,Travel expenses,Credit Card
02-27-2021,Amazon,73.08,debit,Shopping,Credit Card
02-27-2021,Boston Halal,58.38,debit,Restaurants,Credit Card
02-27-2021,Lyft,22.55,debit,Travel expenses,Credit Card
02-27-2021,Boston Shawarma,31.57,debit,Restaurants,Credit Card
02-27-2021,Uber,27.2,debit,Travel expenses,Credit Card
02-28-2021,Temu,50.36,debit,Shopping,Credit Card
02-28-2021,Dominos,53.2,debit,Restaurants,Credit Card
02-28-2021,Lyft,25.01,debit,Travel expenses,Credit Card
02-28-2021,Amazon,55.59,debit,Shopping,Credit Card
02-28-2021,Credit Transaction,9.72,credit,Cashback Rewards,Savings
03-01-2021,Mall,82.53,debit,Shopping,Credit Card
03-01-2021,Rent/ Mortgage,1450,debit,Mortgage & Rent,Savings
03-01-2021,Eversource Electricity,57.03,debit,Utilities,Checking
03-01-2021,National Grid Gas,65.93,debit,Utilities,Checking
03-01-2021,Heating fuel,230.53,debit,Utilities,Checking
03-01-2021,MBTA,15.78,debit,Travel expenses,Credit Card
03-01-2021,Amazon,49.31,debit,Shopping,Credit Card
03-02-2021,Temu,66.26,debit,Shopping,Credit Card
03-02-2021,StandUp show,58.41,debit,Entertainment,Credit Card
03-03-2021,Lyft,18.54,debit,Travel expenses,Credit Card
03-03-2021,Boston Halal,66.17,debit,Restaurants,Credit Card
03-03-2021,Mama-cita,57.63,debit,Restaurants,Credit Card
03-03-2021,Mall,75.67,debit,Shopping,Credit Card
03-04-2021,Boston Shawarma,40.13,debit,Restaurants,Credit Card
03-04-2021,Market Basket,162.86,debit,Grocery shopping,Credit Card
03-05-2021,Karaoke,43.32,debit,Entertainment,Credit Card
03-05-2021,Lyft,22.97,debit,Travel expenses,Credit Card
03-05-2021,Mall,54.45,debit,Shopping,Credit Card
03-05-2021,Temu,45.84,debit,Shopping,Credit Card
03-05-2021,Boston Shawarma,74.3,debit,Restaurants,Credit Card
03-05-2021,MBTA,16.29,debit,Travel expenses,Credit Card
03-06-2021,MBTA,18.75,debit,Travel expenses,Credit Card
03-06-2021,Amazon,44.12,debit,Shopping,Credit Card
03-06-2021,AMC Boston,66.47,debit,Entertainment,Credit Card
03-07-2021,Mama-cita,82.11,debit,Restaurants,Credit Card
03-07-2021,Dominos,31.65,debit,Restaurants,Credit Card
03-08-2021,Dominos,54.3,debit,Restaurants,Credit Card
03-08-2021,Mama-cita,75.64,debit,Restaurants,Credit Card
03-08-2021,Stop and Shop,206.26,debit,Grocery shopping,Credit Card
03-08-2021,StandUp show,53.11,debit,Entertainment,Credit Card
03-09-2021,Boston Halal,33.57,debit,Restaurants,Credit Card
03-09-2021,Amazon,71.47,debit,Shopping,Credit Card
03-09-2021,Mama-cita,81.04,debit,Restaurants,Credit Card
03-10-2021,Boston Halal,42.85,debit,Restaurants,Credit Card
03-10-2021,Lyft,12.78,debit,Travel expenses,Credit Card
03-10-2021,Ace Hardware,261.54,debit,Grocery shopping,Credit Card
03-11-2021,Dominos,26.68,debit,Restaurants,Credit Card
03-11-2021,Credit Transaction,5.78,credit,Cashback Rewards,Savings
03-12-2021,Ace Hardware,251.26,debit,Grocery shopping,Credit Card
03-12-2021,Stop and Shop,247.59,debit,Grocery shopping,Credit Card
03-12-2021,Mall,34.99,debit,Shopping,Credit Card
03-13-2021,Mall,67.98,debit,Shopping,Credit Card
03-13-2021,Lyft,25.69,debit,Travel expenses,Credit Card
03-13-2021,Monthly direct deposit - Salary,6180,credit,Salary,Savings
03-14-2021,Credit Transaction,14.79,credit,Cashback Rewards,Savings
03-14-2021,Dominos,31.22,debit,Restaurants,Credit Card
03-14-2021,Ice skating,39.27,debit,Entertainment,Credit Card
03-14-2021,Credit Transaction,117.91,credit,Dividends,Savings
03-15-2021,Temu,50.97,debit,Shopping,Credit Card
03-15-2021,Trader Joes,264.06,debit,Grocery shopping,Credit Card
03-15-2021,Boston Shawarma,29.79,debit,Restaurants,Credit Card
03-15-2021,Lyft,27.91,debit,Travel expenses,Credit Card
03-16-2021,StandUp show,66.34,debit,Entertainment,Credit Card
03-17-2021,StandUp show,55.79,debit,Entertainment,Credit Card
03-17-2021,Lyft,12.23,debit,Travel expenses,Credit Card
03-17-2021,AMC Boston,37.97,debit,Entertainment,Credit Card
03-17-2021,Mall,28.93,debit,Shopping,Credit Card
03-17-2021,Uber,24.35,debit,Travel expenses,Credit Card
03-17-2021,Stop and Shop,249.77,debit,Grocery shopping,Credit Card
03-18-2021,Karaoke,50.2,debit,Entertainment,Credit Card
03-18-2021,MBTA,30.74,debit,Travel expenses,Credit Card
03-18-2021,Lyft,22.96,debit,Travel expenses,Credit Card
03-19-2021,Boston Shawarma,38.38,debit,Restaurants,Credit Card
03-20-2021,Mall,60.17,debit,Shopping,Credit Card
03-20-2021,Boston Shawarma,34.71,debit,Restaurants,Credit Card
03-20-2021,Credit Transaction,177.91,credit,Dividends,Savings
03-20-2021,Boston Halal,49.4,debit,Restaurants,Credit Card
03-21-2021,Ace Hardware,230.89,debit,Grocery shopping,Credit Card
03-21-2021,Dominos,71.86,debit,Restaurants,Credit Card
03-21-2021,Mall,36.31,debit,Shopping,Credit Card
03-21-2021,Trader Joes,212.84,debit,Grocery shopping,Credit Card
03-21-2021,AMC Boston,51.73,debit,Entertainment,Credit Card
03-22-2021,Boston Shawarma,81.78,debit,Restaurants,Credit Card
03-22-2021,Mama-cita,69.08,debit,Restaurants,Credit Card
03-22-2021,Ace Hardware,164.7,debit,Grocery shopping,Credit Card
03-23-2021,Temu,35.04,debit,Shopping,Credit Card
03-23-2021,Ice skating,69.25,debit,Entertainment,Credit Card
03-23-2021,Boston Shawarma,81.5,debit,Restaurants,Credit Card
03-24-2021,Boston Halal,30.13,debit,Restaurants,Credit Card
03-24-2021,Uber,19.11,debit,Travel expenses,Credit Card
03-24-2021,Market Basket,252.45,debit,Grocery shopping,Credit Card
03-24-2021,Mama-cita,72.27,debit,Restaurants,Credit Card
03-24-2021,Trader Joes,180.9,debit,Grocery shopping,Credit Card
03-24-2021,Amazon,27.75,debit,Shopping,Credit Card
03-24-2021,Karaoke,22.1,debit,Entertainment,Credit Card
03-24-2021,Dominos,64.06,debit,Restaurants,Credit Card
03-25-2021,Mama-cita,52.76,debit,Restaurants,Credit Card
03-25-2021,Karaoke,64.55,debit,Entertainment,Credit Card
03-25-2021,Lyft,15.13,debit,Travel expenses,Credit Card
03-26-2021,Credit Transaction,15.47,credit,Cashback Rewards,Savings
03-26-2021,Temu,40.91,debit,Shopping,Credit Card
03-26-2021,Mama-cita,31.73,debit,Restaurants,Credit Card
03-26-2021,Stop and Shop,165.31,debit,Grocery shopping,Credit Card
03-26-2021,MBTA,24.24,debit,Travel expenses,Credit Card
03-27-2021,Ace Hardware,168.52,debit,Grocery shopping,Credit Card
03-27-2021,Mall,32.96,debit,Shopping,Credit Card
03-27-2021,Trader Joes,258.61,debit,Grocery shopping,Credit Card
03-27-2021,Lyft,14.83,debit,Travel expenses,Credit Card
03-27-2021,Boston Shawarma,45.58,debit,Restaurants,Credit Card
03-28-2021,Boston Shawarma,47.92,debit,Restaurants,Credit Card
03-28-2021,Credit Transaction,97.65,credit,Dividends,Savings
03-28-2021,Credit Transaction,7.79,credit,Cashback Rewards,Savings
03-29-2021,Credit Transaction,3.32,credit,Cashback Rewards,Savings
03-29-2021,AMC Boston,62.33,debit,Entertainment,Credit Card
03-29-2021,MBTA,27.18,debit,Travel expenses,Credit Card
03-29-2021,Uber,20.49,debit,Travel expenses,Credit Card
03-30-2021,Temu,22.61,debit,Shopping,Credit Card
03-30-2021,Market Basket,205.58,debit,Grocery shopping,Credit Card
03-30-2021,Mama-cita,35.84,debit,Restaurants,Credit Card
03-30-2021,Boston Halal,63.28,debit,Restaurants,Credit Card
03-30-2021,StandUp show,25.52,debit,Entertainment,Credit Card
03-30-2021,Dominos,27.88,debit,Restaurants,Credit Card
03-31-2021,Stop and Shop,238.67,debit,Grocery shopping,Credit Card
03-31-2021,Credit Transaction,5.96,credit,Cashback Rewards,Savings
03-31-2021,Dominos,31.9,debit,Restaurants,Credit Card
04-01-2021,Dominos,68.97,debit,Restaurants,Credit Card
04-01-2021,Mama-cita,78.14,debit,Restaurants,Credit Card
04-01-2021,Heating fuel,174.64,debit,Utilities,Checking
04-01-2021,Amazon,39.09,debit,Shopping,Credit Card
04-01-2021,Eversource Electricity,72.75,debit,Utilities,Checking
04-01-2021,Rent/ Mortgage,1450,debit,Mortgage & Rent,Savings
04-01-2021,National Grid Gas,70.02,debit,Utilities,Checking
04-03-2021,Uber,18.96,debit,Travel expenses,Credit Card
04-03-2021,Lyft,30.32,debit,Travel expenses,Credit Card
04-03-2021,Dominos,30.71,debit,Restaurants,Credit Card
04-03-2021,Ace Hardware,232.04,debit,Grocery shopping,Credit Card
04-03-2021,MBTA,29.29,debit,Travel expenses,Credit Card
04-03-2021,Boston Shawarma,65.46,debit,Restaurants,Credit Card
04-04-2021,Boston Shawarma,78,debit,Restaurants,Credit Card
04-05-2021,Ace Hardware,206.5,debit,Grocery shopping,Credit Card
04-05-2021,Amazon,29.18,debit,Shopping,Credit Card
04-05-2021,Stop and Shop,172.48,debit,Grocery shopping,Credit Card
04-06-2021,Credit Transaction,9.08,credit,Cashback Rewards,Savings
04-07-2021,Uber,24.73,debit,Travel expenses,Credit Card
04-07-2021,Mama-cita,69.52,debit,Restaurants,Credit Card
04-08-2021,Uber,28.2,debit,Travel expenses,Credit Card
04-08-2021,StandUp show,32.49,debit,Entertainment,Credit Card
04-08-2021,Market Basket,207.44,debit,Grocery shopping,Credit Card
04-08-2021,MBTA,13.56,debit,Travel expenses,Credit Card
04-09-2021,Boston Shawarma,62.22,debit,Restaurants,Credit Card
04-09-2021,Amazon,62.2,debit,Shopping,Credit Card
04-09-2021,Stop and Shop,246.17,debit,Grocery shopping,Credit Card
04-09-2021,Trader Joes,161.56,debit,Grocery shopping,Credit Card
04-09-2021,Boston Halal,27.31,debit,Restaurants,Credit Card
04-10-2021,Market Basket,211.68,debit,Grocery shopping,Credit Card
04-11-2021,Dominos,39.06,debit,Restaurants,Credit Card
04-11-2021,Boston Shawarma,83.73,debit,Restaurants,Credit Card
04-11-2021,AMC Boston,64.62,debit,Entertainment,Credit Card
04-11-2021,Market Basket,235.26,debit,Grocery shopping,Credit Card
04-12-2021,Stop and Shop,163.28,debit,Grocery shopping,Credit Card
04-12-2021,Temu,21.74,debit,Shopping,Credit Card
04-13-2021,Mama-cita,36.83,debit,Restaurants,Credit Card
04-13-2021,Dominos,41.91,debit,Restaurants,Credit Card
04-13-2021,Stop and Shop,229.23,debit,Grocery shopping,Credit Card
04-13-2021,Boston Halal,32.53,debit,Restaurants,Credit Card
04-13-2021,Monthly direct deposit - Salary,6180,credit,Salary,Savings
04-13-2021,MBTA,16.25,debit,Travel expenses,Credit Card
04-13-2021,Boston Shawarma,52.48,debit,Restaurants,Credit Card
04-15-2021,Uber,27.19,debit,Travel expenses,Credit Card
04-16-2021,Stop and Shop,246.21,debit,Grocery shopping,Credit Card
04-16-2021,Mama-cita,66.58,debit,Restaurants,Credit Card
04-16-2021,Lyft,11.88,debit,Travel expenses,Credit Card
04-17-2021,Amazon,75.46,debit,Shopping,Credit Card
04-17-2021,Stop and Shop,211.77,debit,Grocery shopping,Credit Card
04-18-2021,Dominos,57.24,debit,Restaurants,Credit Card
04-18-2021,Lyft,17.97,debit,Travel expenses,Credit Card
04-18-2021,Mama-cita,38.78,debit,Restaurants,Credit Card
04-18-2021,Boston Shawarma,27.66,debit,Restaurants,Credit Card
04-18-2021,Ace Hardware,262.26,debit,Grocery shopping,Credit Card
04-18-2021,Market Basket,200.43,debit,Grocery shopping,Credit Card
04-18-2021,Boston Halal,78.1,debit,Restaurants,Credit Card
04-18-2021,Stop and Shop,200.26,debit,Grocery shopping,Credit Card
04-18-2021,Temu,39.7,debit,Shopping,Credit Card
04-19-2021,Amazon,59.03,debit,Shopping,Credit Card
04-19-2021,Mama-cita,58.56,debit,Restaurants,Credit Card
04-19-2021,Temu,26.16,debit,Shopping,Credit Card
04-19-2021,Trader Joes,192.95,debit,Grocery shopping,Credit Card
04-20-2021,Market Basket,255.44,debit,Grocery shopping,Credit Card
04-20-2021,Dominos,44.29,debit,Restaurants,Credit Card
04-20-2021,Boston Shawarma,65.29,debit,Restaurants,Credit Card
04-20-2021,Stop and Shop,202.85,debit,Grocery shopping,Credit Card
04-20-2021,Credit Transaction,16.78,credit,Cashback Rewards,Savings
04-22-2021,Stop and Shop,183.89,debit,Grocery shopping,Credit Card
04-22-2021,Uber,25.13,debit,Travel expenses,Credit Card
04-22-2021,Karaoke,61.01,debit,Entertainment,Credit Card
04-22-2021,AMC Boston,57.61,debit,Entertainment,Credit Card
04-22-2021,Ice skating,57.16,debit,Entertainment,Credit Card
04-23-2021,Trader Joes,258.85,debit,Grocery shopping,Credit Card
04-23-2021,Boston Shawarma,56.99,debit,Restaurants,Credit Card
04-23-2021,Temu,67.53,debit,Shopping,Credit Card
04-24-2021,MBTA,13.52,debit,Travel expenses,Credit Card
04-24-2021,Uber,21.76,debit,Travel expenses,Credit Card
04-24-2021,Dominos,53.59,debit,Restaurants,Credit Card
04-24-2021,AMC Boston,71.65,debit,Entertainment,Credit Card
04-25-2021,Temu,28.84,debit,Shopping,Credit Card
04-25-2021,Boston Halal,47.56,debit,Restaurants,Credit Card
04-25-2021,Ace Hardware,186.54,debit,Grocery shopping,Credit Card
04-25-2021,Mama-cita,41.14,debit,Restaurants,Credit Card
04-26-2021,Market Basket,199.34,debit,Grocery shopping,Credit Card
04-27-2021,Ace Hardware,209.54,debit,Grocery shopping,Credit Card
04-27-2021,Uber,17.47,debit,Travel expenses,Credit Card
04-27-2021,Credit Transaction,19.24,credit,Cashback Rewards,Savings
04-28-2021,Mama-cita,44.62,debit,Restaurants,Credit Card
04-28-2021,Lyft,14.34,debit,Travel expenses,Credit Card
04-28-2021,Dominos,73.89,debit,Restaurants,Credit Card
04-28-2021,Boston Shawarma,33.63,debit,Restaurants,Credit Card
04-28-2021,Uber,16.24,debit,Travel expenses,Credit Card
04-29-2021,Boston Shawarma,69.16,debit,Restaurants,Credit Card
04-30-2021,Dominos,84.3,debit,Restaurants,Credit Card
04-30-2021,Temu,22.93,debit,Shopping,Credit Card
04-30-2021,Stop and Shop,222.16,debit,Grocery shopping,Credit Card
04-30-2021,Market Basket,211.66,debit,Grocery shopping,Credit Card
05-01-2021,Rent/ Mortgage,1450,debit,Mortgage & Rent,Savings
05-01-2021,Eversource Electricity,67.38,debit,Utilities,Checking
05-01-2021,National Grid Gas,69.46,debit,Utilities,Checking
05-01-2021,MBTA,16.89,debit,Travel expenses,Credit Card
05-02-2021,Temu,48.26,debit,Shopping,Credit Card
05-02-2021,Dominos,70.83,debit,Restaurants,Credit Card
05-02-2021,Lyft,25.37,debit,Travel expenses,Credit Card
05-02-2021,Credit Transaction,9.67,credit,Cashback Rewards,Savings
05-02-2021,Uber,13.61,debit,Travel expenses,Credit Card
05-02-2021,Mall,46.86,debit,Shopping,Credit Card
05-02-2021,Trader Joes,246.05,debit,Grocery shopping,Credit Card
05-03-2021,Mama-cita,83.06,debit,Restaurants,Credit Card
05-05-2021,Mama-cita,74.22,debit,Restaurants,Credit Card
05-05-2021,Boston Halal,70.17,debit,Restaurants,Credit Card
05-05-2021,Stop and Shop,241.2,debit,Grocery shopping,Credit Card
05-06-2021,Mama-cita,74.64,debit,Restaurants,Credit Card
05-06-2021,Temu,30.8,debit,Shopping,Credit Card
05-07-2021,Mama-cita,66.81,debit,Restaurants,Credit Card
05-08-2021,Dominos,50.12,debit,Restaurants,Credit Card
05-08-2021,Boston Shawarma,53.38,debit,Restaurants,Credit Card
05-09-2021,Stop and Shop,171.26,debit,Grocery shopping,Credit Card
05-09-2021,Mall,42.02,debit,Shopping,Credit Card
05-10-2021,Boston Halal,56.39,debit,Restaurants,Credit Card
05-10-2021,Mama-cita,55.22,debit,Restaurants,Credit Card
05-10-2021,Boston Shawarma,52.69,debit,Restaurants,Credit Card
05-10-2021,Market Basket,168.43,debit,Grocery shopping,Credit Card
05-11-2021,Mall,72.58,debit,Shopping,Credit Card
05-11-2021,Ace Hardware,196.24,debit,Grocery shopping,Credit Card
05-11-2021,Temu,39.92,debit,Shopping,Credit Card
05-12-2021,Boston Halal,78.22,debit,Restaurants,Credit Card
05-12-2021,Boston Shawarma,54.78,debit,Restaurants,Credit Card
05-12-2021,Dominos,44.99,debit,Restaurants,Credit Card
05-12-2021,Temu,27.28,debit,Shopping,Credit Card
05-12-2021,Mama-cita,29.78,debit,Restaurants,Credit Card
05-12-2021,StandUp show,48.3,debit,Entertainment,Credit Card
05-13-2021,Monthly direct deposit - Salary,6180,credit,Salary,Savings
05-14-2021,Amazon,67.88,debit,Shopping,Credit Card
05-15-2021,Trader Joes,183.03,debit,Grocery shopping,Credit Card
05-15-2021,Stop and Shop,201.88,debit,Grocery shopping,Credit Card
05-16-2021,Mall,80.18,debit,Shopping,Credit Card
05-16-2021,Dominos,76.82,debit,Restaurants,Credit Card
05-16-2021,Boston Shawarma,69.27,debit,Restaurants,Credit Card
05-16-2021,Temu,63.77,debit,Shopping,Credit Card
05-17-2021,Stop and Shop,237.01,debit,Grocery shopping,Credit Card
05-17-2021,Mall,48.58,debit,Shopping,Credit Card
05-17-2021,Karaoke,58.95,debit,Entertainment,Credit Card
05-18-2021,Mama-cita,44.07,debit,Restaurants,Credit Card
05-18-2021,Temu,82.01,debit,Shopping,Credit Card
05-19-2021,Mall,22.06,debit,Shopping,Credit Card
05-19-2021,Boston Shawarma,63.07,debit,Restaurants,Credit Card
05-19-2021,Temu,37.45,debit,Shopping,Credit Card
05-19-2021,Trader Joes,257.46,debit,Grocery shopping,Credit Card
05-19-2021,Dominos,28.53,debit,Restaurants,Credit Card
05-21-2021,Boston Halal,49.4,debit,Restaurants,Credit Card
05-21-2021,Dominos,62.29,debit,Restaurants,Credit Card
05-22-2021,Ace Hardware,224.23,debit,Grocery shopping,Credit Card
05-23-2021,Mama-cita,57.23,debit,Restaurants,Credit Card
05-23-2021,Dominos,43.55,debit,Restaurants,Credit Card
05-24-2021,Dominos,31,debit,Restaurants,Credit Card
05-24-2021,Mall,33.87,debit,Shopping,Credit Card
05-24-2021,Mama-cita,51.7,debit,Restaurants,Credit Card
05-24-2021,Boston Halal,75.41,debit,Restaurants,Credit Card
05-25-2021,Trader Joes,221.31,debit,Grocery shopping,Credit Card
05-25-2021,Mall,70.47,debit,Shopping,Credit Card
05-25-2021,Credit Transaction,175.04,credit,Dividends,Savings
05-25-2021,Lyft,24.68,debit,Travel expenses,Credit Card
05-26-2021,Mall,73.09,debit,Shopping,Credit Card
05-26-2021,Dominos,36.33,debit,Restaurants,Credit Card
05-27-2021,AMC Boston,72.35,debit,Entertainment,Credit Card
05-28-2021,Ace Hardware,171.93,debit,Grocery shopping,Credit Card
05-28-2021,Trader Joes,201.46,debit,Grocery shopping,Credit Card
05-28-2021,Boston Shawarma,72.5,debit,Restaurants,Credit Card
05-28-2021,Market Basket,224.52,debit,Grocery shopping,Credit Card
05-28-2021,Lyft,20.58,debit,Travel expenses,Credit Card
05-28-2021,Stop and Shop,230.11,debit,Grocery shopping,Credit Card
05-29-2021,Mall,39.48,debit,Shopping,Credit Card
05-30-2021,Mama-cita,71.28,debit,Restaurants,Credit Card
05-30-2021,Dominos,45.5,debit,Restaurants,Credit Card
05-30-2021,Market Basket,244.64,debit,Grocery shopping,Credit Card
05-31-2021,MBTA,22.54,debit,Travel expenses,Credit Card
05-31-2021,Mama-cita,30.27,debit,Restaurants,Credit Card
05-31-2021,Credit Transaction,14.44,credit,Cashback Rewards,Savings
06-01-2021,Rent/ Mortgage,1450,debit,Mortgage & Rent,Savings
06-01-2021,Eversource Electricity,70.64,debit,Utilities,Checking
06-01-2021,National Grid Gas,67.2,debit,Utilities,Checking
06-02-2021,Boston Halal,70.89,debit,Restaurants,Credit Card
06-02-2021,Amazon,77.24,debit,Shopping,Credit Card
06-03-2021,StandUp show,25.77,debit,Entertainment,Credit Card
06-03-2021,Boston Halal,53.8,debit,Restaurants,Credit Card
06-04-2021,Temu,35.08,debit,Shopping,Credit Card
06-04-2021,Amazon,64.97,debit,Shopping,Credit Card
06-04-2021,Boston Halal,74.8,debit,Restaurants,Credit Card
06-04-2021,Stop and Shop,253.35,debit,Grocery shopping,Credit Card
06-05-2021,Stop and Shop,199.44,debit,Grocery shopping,Credit Card
06-06-2021,Boston Shawarma,32.61,debit,Restaurants,Credit Card
06-07-2021,Mall,63.45,debit,Shopping,Credit Card
06-07-2021,Temu,43.37,debit,Shopping,Credit Card
06-08-2021,Credit Transaction,76.6,credit,Dividends,Savings
06-08-2021,Boston Halal,67.5,debit,Restaurants,Credit Card
06-08-2021,Stop and Shop,216.52,debit,Grocery shopping,Credit Card
06-08-2021,Mama-cita,80.97,debit,Restaurants,Credit Card
06-09-2021,Market Basket,193.64,debit,Grocery shopping,Credit Card
06-09-2021,MBTA,29.13,debit,Travel expenses,Credit Card
06-09-2021,Boston Shawarma,34.35,debit,Restaurants,Credit Card
06-09-2021,Boston Halal,43.56,debit,Restaurants,Credit Card
06-09-2021,Ace Hardware,167.83,debit,Grocery shopping,Credit Card
06-10-2021,Karaoke,30.82,debit,Entertainment,Credit Card
06-10-2021,Mall,64.09,debit,Shopping,Credit Card
06-10-2021,Ice skating,69.52,debit,Entertainment,Credit Card
06-11-2021,Credit Transaction,18.73,credit,Cashback Rewards,Savings
06-12-2021,Ice skating,29.42,debit,Entertainment,Credit Card
06-13-2021,Mama-cita,40.72,debit,Restaurants,Credit Card
06-13-2021,Boston Halal,43.44,debit,Restaurants,Credit Card
06-13-2021,MBTA,15.7,debit,Travel expenses,Credit Card
06-13-2021,Stop and Shop,246.09,debit,Grocery shopping,Credit Card
06-13-2021,Monthly direct deposit - Salary,6180,credit,Salary,Savings
06-13-2021,Mall,69.36,debit,Shopping,Credit Card
06-13-2021,Dominos,60.8,debit,Restaurants,Credit Card
06-13-2021,Boston Shawarma,67.53,debit,Restaurants,Credit Card
06-14-2021,Amazon,21.98,debit,Shopping,Credit Card
06-14-2021,Temu,29.48,debit,Shopping,Credit Card
06-14-2021,Ace Hardware,206.11,debit,Grocery shopping,Credit Card
06-14-2021,Dominos,51.78,debit,Restaurants,Credit Card
06-14-2021,Uber,23.84,debit,Travel expenses,Credit Card
06-14-2021,Ice skating,26.72,debit,Entertainment,Credit Card
06-15-2021,Boston Shawarma,73.99,debit,Restaurants,Credit Card
06-15-2021,Stop and Shop,168.63,debit,Grocery shopping,Credit Card
06-15-2021,Market Basket,251.75,debit,Grocery shopping,Credit Card
06-16-2021,Mama-cita,47.97,debit,Restaurants,Credit Card
06-16-2021,Karaoke,48.89,debit,Entertainment,Credit Card
06-17-2021,Boston Shawarma,26.37,debit,Restaurants,Credit Card
06-18-2021,Lyft,27.66,debit,Travel expenses,Credit Card
06-18-2021,Dominos,40.4,debit,Restaurants,Credit Card
06-19-2021,Temu,40.39,debit,Shopping,Credit Card
06-20-2021,Mama-cita,83,debit,Restaurants,Credit Card
06-20-2021,Credit Transaction,137.44,credit,Dividends,Savings
06-20-2021,Boston Halal,46.69,debit,Restaurants,Credit Card
06-20-2021,Credit Transaction,14.61,credit,Cashback Rewards,Savings
06-20-2021,Ice skating,45.12,debit,Entertainment,Credit Card
06-20-2021,Mall,55.79,debit,Shopping,Credit Card
06-21-2021,Mall,56.49,debit,Shopping,Credit Card
06-21-2021,Mama-cita,46.71,debit,Restaurants,Credit Card
06-21-2021,Boston Halal,69.92,debit,Restaurants,Credit Card
06-21-2021,Amazon,52.66,debit,Shopping,Credit Card
06-21-2021,Temu,37.47,debit,Shopping,Credit Card
06-22-2021,Uber,23.13,debit,Travel expenses,Credit Card
06-22-2021,Temu,53.09,debit,Shopping,Credit Card
06-22-2021,MBTA,18.71,debit,Travel expenses,Credit Card
06-22-2021,Boston Halal,54.64,debit,Restaurants,Credit Card
06-22-2021,Lyft,16.81,debit,Travel expenses,Credit Card
06-23-2021,Amazon,48.66,debit,Shopping,Credit Card
06-23-2021,Trader Joes,185.67,debit,Grocery shopping,Credit Card
06-23-2021,Temu,35.75,debit,Shopping,Credit Card
06-23-2021,Boston Shawarma,38.65,debit,Restaurants,Credit Card
06-23-2021,Mama-cita,53.12,debit,Restaurants,Credit Card
06-23-2021,Stop and Shop,216.51,debit,Grocery shopping,Credit Card
06-24-2021,Temu,69.56,debit,Shopping,Credit Card
06-24-2021,Lyft,12.11,debit,Travel expenses,Credit Card
06-24-2021,Amazon,24.5,debit,Shopping,Credit Card
06-24-2021,Dominos,81.53,debit,Restaurants,Credit Card
06-24-2021,Stop and Shop,177.73,debit,Grocery shopping,Credit Card
06-25-2021,Uber,25.68,debit,Travel expenses,Credit Card
06-26-2021,Boston Halal,45.08,debit,Restaurants,Credit Card
06-27-2021,Ace Hardware,227.42,debit,Grocery shopping,Credit Card
06-27-2021,Karaoke,25.28,debit,Entertainment,Credit Card
06-27-2021,Uber,29.44,debit,Travel expenses,Credit Card
06-27-2021,Lyft,17.16,debit,Travel expenses,Credit Card
06-27-2021,MBTA,26.13,debit,Travel expenses,Credit Card
06-28-2021,StandUp show,23.62,debit,Entertainment,Credit Card
06-28-2021,Boston Halal,46.64,debit,Restaurants,Credit Card
06-28-2021,Mall,55.53,debit,Shopping,Credit Card
06-29-2021,StandUp show,31.34,debit,Entertainment,Credit Card
07-01-2021,Rent/ Mortgage,1450,debit,Mortgage & Rent,Savings
07-01-2021,Eversource Electricity,70.5,debit,Utilities,Checking
07-01-2021,National Grid Gas,74.95,debit,Utilities,Checking
07-01-2021,Boston Shawarma,51.58,debit,Restaurants,Credit Card
07-01-2021,Ace Hardware,175.69,debit,Grocery shopping,Credit Card
07-01-2021,Ice skating,25.84,debit,Entertainment,Credit Card
07-02-2021,Stop and Shop,245.17,debit,Grocery shopping,Credit Card
07-02-2021,Credit Transaction,4.13,credit,Cashback Rewards,Savings
07-02-2021,Lyft,16.24,debit,Travel expenses,Credit Card
07-02-2021,MBTA,24.71,debit,Travel expenses,Credit Card
07-02-2021,Uber,23.19,debit,Travel expenses,Credit Card
07-02-2021,Dominos,77.14,debit,Restaurants,Credit Card
07-02-2021,Trader Joes,180.98,debit,Grocery shopping,Credit Card
07-02-2021,Boston Halal,27.53,debit,Restaurants,Credit Card
07-03-2021,Trader Joes,215.9,debit,Grocery shopping,Credit Card
07-04-2021,Boston Halal,29.17,debit,Restaurants,Credit Card
07-04-2021,MBTA,21.38,debit,Travel expenses,Credit Card
07-04-2021,Mama-cita,57.3,debit,Restaurants,Credit Card
07-04-2021,Stop and Shop,160.06,debit,Grocery shopping,Credit Card
07-05-2021,Market Basket,196.95,debit,Grocery shopping,Credit Card
07-05-2021,Ice skating,50.46,debit,Entertainment,Credit Card
07-05-2021,Stop and Shop,256.28,debit,Grocery shopping,Credit Card
07-06-2021,Market Basket,219.12,debit,Grocery shopping,Credit Card
07-06-2021,Ace Hardware,180.55,debit,Grocery shopping,Credit Card
07-06-2021,Mall,63.61,debit,Shopping,Credit Card
07-07-2021,Ace Hardware,259.11,debit,Grocery shopping,Credit Card
07-07-2021,Temu,42.43,debit,Shopping,Credit Card
07-07-2021,Credit Transaction,93.05,credit,Dividends,Savings
07-07-2021,StandUp show,39.68,debit,Entertainment,Credit Card
07-08-2021,Stop and Shop,198.18,debit,Grocery shopping,Credit Card
07-08-2021,Amazon,80.14,debit,Shopping,Credit Card
07-08-2021,Mall,43.85,debit,Shopping,Credit Card
07-08-2021,Boston Halal,57.55,debit,Restaurants,Credit Card
07-09-2021,StandUp show,50.81,debit,Entertainment,Credit Card
07-09-2021,Boston Halal,56.33,debit,Restaurants,Credit Card
07-10-2021,Lyft,19.39,debit,Travel expenses,Credit Card
07-11-2021,Credit Transaction,12.78,credit,Cashback Rewards,Savings
07-11-2021,Dominos,77.77,debit,Restaurants,Credit Card
07-12-2021,Mall,49.48,debit,Shopping,Credit Card
07-12-2021,Amazon,77.36,debit,Shopping,Credit Card
07-12-2021,Temu,63.45,debit,Shopping,Credit Card
07-13-2021,Boston Halal,65.08,debit,Restaurants,Credit Card
07-13-2021,Monthly direct deposit - Salary,6180,credit,Salary,Savings
07-13-2021,Trader Joes,250.38,debit,Grocery shopping,Credit Card
07-13-2021,Ace Hardware,256.15,debit,Grocery shopping,Credit Card
07-14-2021,Trader Joes,210.36,debit,Grocery shopping,Credit Card
07-14-2021,Stop and Shop,217.68,debit,Grocery shopping,Credit Card
07-14-2021,Credit Transaction,167.41,credit,Dividends,Savings
07-14-2021,Dominos,30.46,debit,Restaurants,Credit Card
07-14-2021,Mama-cita,83.73,debit,Restaurants,Credit Card
07-15-2021,Amazon,26.31,debit,Shopping,Credit Card
07-15-2021,StandUp show,53.32,debit,Entertainment,Credit Card
07-15-2021,Mama-cita,49.93,debit,Restaurants,Credit Card
07-15-2021,Boston Shawarma,54.84,debit,Restaurants,Credit Card
07-16-2021,Mama-cita,70.3,debit,Restaurants,Credit Card
07-16-2021,Stop and Shop,203.25,debit,Grocery shopping,Credit Card
07-16-2021,Market Basket,159.54,debit,Grocery shopping,Credit Card
07-16-2021,MBTA,23.84,debit,Travel expenses,Credit Card
07-16-2021,Trader Joes,172.28,debit,Grocery shopping,Credit Card
07-17-2021,Boston Halal,56.85,debit,Restaurants,Credit Card
07-17-2021,Dominos,51.42,debit,Restaurants,Credit Card
07-18-2021,Mall,64.49,debit,Shopping,Credit Card
07-18-2021,Amazon,52.86,debit,Shopping,Credit Card
07-18-2021,MBTA,30.1,debit,Travel expenses,Credit Card
07-19-2021,Mama-cita,64.39,debit,Restaurants,Credit Card
07-19-2021,Stop and Shop,243.72,debit,Grocery shopping,Credit Card
07-19-2021,Mall,41.62,debit,Shopping,Credit Card
07-19-2021,Temu,54.82,debit,Shopping,Credit Card
07-20-2021,Market Basket,199.53,debit,Grocery shopping,Credit Card
07-20-2021,Lyft,15.4,debit,Travel expenses,Credit Card
07-20-2021,Trader Joes,249.27,debit,Grocery shopping,Credit Card
07-20-2021,Amazon,52.12,debit,Shopping,Credit Card
07-21-2021,Trader Joes,193.96,debit,Grocery shopping,Credit Card
07-21-2021,Market Basket,185.11,debit,Grocery shopping,Credit Card
07-21-2021,Dominos,39.13,debit,Restaurants,Credit Card
07-21-2021,Uber,26.16,debit,Travel expenses,Credit Card
07-21-2021,Temu,79.56,debit,Shopping,Credit Card
07-21-2021,Mall,62.15,debit,Shopping,Credit Card
07-21-2021,Lyft,13.29,debit,Travel expenses,Credit Card
07-22-2021,Boston Shawarma,80.56,debit,Restaurants,Credit Card
07-22-2021,Boston Halal,69.04,debit,Restaurants,Credit Card
07-22-2021,Ace Hardware,255.73,debit,Grocery shopping,Credit Card
07-22-2021,Mama-cita,37.48,debit,Restaurants,Credit Card
07-22-2021,Dominos,28.3,debit,Restaurants,Credit Card
07-23-2021,Boston Halal,81.98,debit,Restaurants,Credit Card
07-23-2021,Uber,17.73,debit,Travel expenses,Credit Card
07-23-2021,Lyft,19.17,debit,Travel expenses,Credit Card
07-23-2021,MBTA,21.71,debit,Travel expenses,Credit Card
07-23-2021,Trader Joes,261.47,debit,Grocery shopping,Credit Card
07-24-2021,Dominos,67.56,debit,Restaurants,Credit Card
07-24-2021,Credit Transaction,53.07,credit,Dividends,Savings
07-24-2021,Amazon,73.91,debit,Shopping,Credit Card
07-24-2021,Boston Shawarma,67.21,debit,Restaurants,Credit Card
07-24-2021,Mama-cita,31,debit,Restaurants,Credit Card
07-25-2021,Ice skating,54.82,debit,Entertainment,Credit Card
07-25-2021,Mall,51.9,debit,Shopping,Credit Card
07-25-2021,Mama-cita,30.54,debit,Restaurants,Credit Card
07-26-2021,Dominos,44.14,debit,Restaurants,Credit Card
07-26-2021,Boston Shawarma,74.46,debit,Restaurants,Credit Card
07-26-2021,Credit Transaction,14.64,credit,Cashback Rewards,Savings
07-26-2021,Mall,23.66,debit,Shopping,Credit Card
07-27-2021,Amazon,49.32,debit,Shopping,Credit Card
07-27-2021,Mama-cita,45.34,debit,Restaurants,Credit Card
07-27-2021,AMC Boston,25.87,debit,Entertainment,Credit Card
07-27-2021,Boston Halal,62.67,debit,Restaurants,Credit Card
07-27-2021,Boston Shawarma,35.92,debit,Restaurants,Credit Card
07-28-2021,Stop and Shop,234.95,debit,Grocery shopping,Credit Card
07-28-2021,Boston Shawarma,67.4,debit,Restaurants,Credit Card
07-28-2021,Dominos,28.67,debit,Restaurants,Credit Card
07-28-2021,Uber,12.02,debit,Travel expenses,Credit Card
07-29-2021,Dominos,49.94,debit,Restaurants,Credit Card
07-29-2021,Mall,50.48,debit,Shopping,Credit Card
07-29-2021,Lyft,30.73,debit,Travel expenses,Credit Card
07-29-2021,Boston Halal,80.9,debit,Restaurants,Credit Card
07-30-2021,Dominos,36.04,debit,Restaurants,Credit Card
07-30-2021,Credit Transaction,3.49,credit,Cashback Rewards,Savings
07-31-2021,Mama-cita,49.16,debit,Restaurants,Credit Card
07-31-2021,Amazon,79.39,debit,Shopping,Credit Card
07-31-2021,Temu,70.59,debit,Shopping,Credit Card
07-31-2021,StandUp show,34.95,debit,Entertainment,Credit Card
08-01-2021,MBTA,17.41,debit,Travel expenses,Credit Card
08-01-2021,Rent/ Mortgage,1450,debit,Mortgage & Rent,Savings
08-01-2021,Eversource Electricity,60.47,debit,Utilities,Checking
08-01-2021,National Grid Gas,58.28,debit,Utilities,Checking
08-01-2021,Stop and Shop,249.58,debit,Grocery shopping,Credit Card
08-02-2021,MBTA,11.72,debit,Travel expenses,Credit Card
08-02-2021,Market Basket,201.77,debit,Grocery shopping,Credit Card
08-03-2021,Lyft,22.82,debit,Travel expenses,Credit Card
08-03-2021,Dominos,63.83,debit,Restaurants,Credit Card
08-03-2021,Boston Shawarma,70.19,debit,Restaurants,Credit Card
08-04-2021,Market Basket,225.39,debit,Grocery shopping,Credit Card
08-04-2021,Boston Halal,50.68,debit,Restaurants,Credit Card
08-04-2021,AMC Boston,22.94,debit,Entertainment,Credit Card
08-04-2021,Mall,28.31,debit,Shopping,Credit Card
08-04-2021,Ice skating,47.19,debit,Entertainment,Credit Card
08-05-2021,Credit Transaction,9.73,credit,Cashback Rewards,Savings
08-05-2021,Uber,16.91,debit,Travel expenses,Credit Card
08-06-2021,Mall,57.19,debit,Shopping,Credit Card
08-06-2021,Boston Halal,42.02,debit,Restaurants,Credit Card
08-06-2021,Uber,13.54,debit,Travel expenses,Credit Card
08-06-2021,Temu,66.22,debit,Shopping,Credit Card
08-06-2021,Stop and Shop,204.22,debit,Grocery shopping,Credit Card
08-06-2021,Boston Shawarma,72.56,debit,Restaurants,Credit Card
08-07-2021,Temu,74.1,debit,Shopping,Credit Card
08-07-2021,Boston Shawarma,57.92,debit,Restaurants,Credit Card
08-07-2021,Stop and Shop,168.27,debit,Grocery shopping,Credit Card
08-07-2021,Trader Joes,172.54,debit,Grocery shopping,Credit Card
08-07-2021,Dominos,37.57,debit,Restaurants,Credit Card
08-08-2021,Mall,57.54,debit,Shopping,Credit Card
08-08-2021,Amazon,69.25,debit,Shopping,Credit Card
08-08-2021,Temu,42.34,debit,Shopping,Credit Card
08-08-2021,Mama-cita,75.05,debit,Restaurants,Credit Card
08-09-2021,Market Basket,255.6,debit,Grocery shopping,Credit Card
08-09-2021,Credit Transaction,9.36,credit,Cashback Rewards,Savings
08-09-2021,Dominos,51.71,debit,Restaurants,Credit Card
08-09-2021,Credit Transaction,83.4,credit,Dividends,Savings
08-10-2021,Lyft,11.92,debit,Travel expenses,Credit Card
08-10-2021,Uber,22.47,debit,Travel expenses,Credit Card
08-10-2021,AMC Boston,44.75,debit,Entertainment,Credit Card
08-10-2021,MBTA,22.3,debit,Travel expenses,Credit Card
08-11-2021,Market Basket,194.81,debit,Grocery shopping,Credit Card
08-11-2021,Stop and Shop,210.51,debit,Grocery shopping,Credit Card
08-11-2021,Ace Hardware,162.27,debit,Grocery shopping,Credit Card
08-11-2021,Mama-cita,39.78,debit,Restaurants,Credit Card
08-11-2021,Mall,62.92,debit,Shopping,Credit Card
08-12-2021,Temu,33.59,debit,Shopping,Credit Card
08-12-2021,Ice skating,64.26,debit,Entertainment,Credit Card
08-12-2021,Boston Halal,54.04,debit,Restaurants,Credit Card
08-12-2021,Stop and Shop,226.27,debit,Grocery shopping,Credit Card
08-12-2021,Trader Joes,249.07,debit,Grocery shopping,Credit Card
08-13-2021,AMC Boston,72.76,debit,Entertainment,Credit Card
08-13-2021,Market Basket,186.1,debit,Grocery shopping,Credit Card
08-13-2021,Monthly direct deposit - Salary,6180,credit,Salary,Savings
08-14-2021,Trader Joes,198.98,debit,Grocery shopping,Credit Card
08-14-2021,Mama-cita,77.93,debit,Restaurants,Credit Card
08-14-2021,Amazon,38.1,debit,Shopping,Credit Card
08-14-2021,Stop and Shop,157.95,debit,Grocery shopping,Credit Card
08-15-2021,Stop and Shop,176.73,debit,Grocery shopping,Credit Card
08-15-2021,Boston Shawarma,62.17,debit,Restaurants,Credit Card
08-15-2021,Amazon,46.91,debit,Shopping,Credit Card
08-16-2021,Boston Halal,28.04,debit,Restaurants,Credit Card
08-16-2021,Boston Shawarma,79.27,debit,Restaurants,Credit Card
08-16-2021,Trader Joes,171.17,debit,Grocery shopping,Credit Card
08-17-2021,Boston Shawarma,68.45,debit,Restaurants,Credit Card
08-17-2021,Mama-cita,62.03,debit,Restaurants,Credit Card
08-17-2021,Ace Hardware,221.75,debit,Grocery shopping,Credit Card
08-18-2021,Dominos,55.13,debit,Restaurants,Credit Card
08-18-2021,Credit Transaction,10.69,credit,Cashback Rewards,Savings
08-19-2021,MBTA,26.08,debit,Travel expenses,Credit Card
08-19-2021,Lyft,17.06,debit,Travel expenses,Credit Card
08-19-2021,Boston Halal,71.01,debit,Restaurants,Credit Card
08-19-2021,Uber,23.44,debit,Travel expenses,Credit Card
08-19-2021,Ace Hardware,232.15,debit,Grocery shopping,Credit Card
08-20-2021,Boston Shawarma,48.08,debit,Restaurants,Credit Card
08-20-2021,Trader Joes,244.37,debit,Grocery shopping,Credit Card
08-21-2021,Trader Joes,166.99,debit,Grocery shopping,Credit Card
08-21-2021,Dominos,82.42,debit,Restaurants,Credit Card
08-21-2021,Market Basket,185.36,debit,Grocery shopping,Credit Card
08-22-2021,Stop and Shop,157.97,debit,Grocery shopping,Credit Card
08-22-2021,Trader Joes,195.68,debit,Grocery shopping,Credit Card
08-22-2021,Market Basket,200.48,debit,Grocery shopping,Credit Card
08-23-2021,Temu,65.78,debit,Shopping,Credit Card
08-23-2021,Stop and Shop,164.63,debit,Grocery shopping,Credit Card
08-23-2021,Boston Shawarma,62.23,debit,Restaurants,Credit Card
08-24-2021,StandUp show,27.79,debit,Entertainment,Credit Card
08-24-2021,Stop and Shop,192.19,debit,Grocery shopping,Credit Card
08-24-2021,Ace Hardware,186.01,debit,Grocery shopping,Credit Card
08-24-2021,Trader Joes,190.09,debit,Grocery shopping,Credit Card
08-24-2021,Amazon,68.03,debit,Shopping,Credit Card
08-24-2021,Mama-cita,74.55,debit,Restaurants,Credit Card
08-25-2021,Lyft,12.4,debit,Travel expenses,Credit Card
08-25-2021,Amazon,23.57,debit,Shopping,Credit Card
08-25-2021,Market Basket,179.84,debit,Grocery shopping,Credit Card
08-25-2021,Dominos,46.66,debit,Restaurants,Credit Card
08-25-2021,Credit Transaction,9.82,credit,Cashback Rewards,Savings
08-26-2021,Market Basket,170.71,debit,Grocery shopping,Credit Card
08-27-2021,Stop and Shop,211.78,debit,Grocery shopping,Credit Card
08-28-2021,Boston Halal,65.39,debit,Restaurants,Credit Card
08-28-2021,Mama-cita,49.83,debit,Restaurants,Credit Card
08-28-2021,Boston Shawarma,80.55,debit,Restaurants,Credit Card
08-28-2021,Dominos,56.25,debit,Restaurants,Credit Card
08-29-2021,Trader Joes,239.02,debit,Grocery shopping,Credit Card
08-29-2021,Mama-cita,38.86,debit,Restaurants,Credit Card
08-29-2021,Ace Hardware,250.82,debit,Grocery shopping,Credit Card
08-31-2021,Boston Halal,30.39,debit,Restaurants,Credit Card
08-31-2021,Temu,30.28,debit,Shopping,Credit Card
08-31-2021,Mall,41.93,debit,Shopping,Credit Card
08-31-2021,Ace Hardware,176.27,debit,Grocery shopping,Credit Card
08-31-2021,MBTA,14.5,debit,Travel expenses,Credit Card
09-01-2021,Rent/ Mortgage,1500,debit,Mortgage & Rent,Savings
09-01-2021,Eversource Electricity,72.11,debit,Utilities,Checking
09-01-2021,National Grid Gas,53.13,debit,Utilities,Checking
09-01-2021,Credit Transaction,189.03,credit,Dividends,Savings
09-01-2021,Ace Hardware,223.68,debit,Grocery shopping,Credit Card
09-01-2021,Boston Halal,59.24,debit,Restaurants,Credit Card
09-02-2021,Boston Halal,78.07,debit,Restaurants,Credit Card
09-02-2021,Boston Shawarma,67.37,debit,Restaurants,Credit Card
09-02-2021,MBTA,27.64,debit,Travel expenses,Credit Card
09-02-2021,Mama-cita,41.1,debit,Restaurants,Credit Card
09-02-2021,Dominos,54.07,debit,Restaurants,Credit Card
09-03-2021,Dominos,59.74,debit,Restaurants,Credit Card
09-03-2021,Market Basket,171.84,debit,Grocery shopping,Credit Card
09-03-2021,Temu,78.89,debit,Shopping,Credit Card
09-03-2021,Mall,23.18,debit,Shopping,Credit Card
09-03-2021,Boston Halal,51.46,debit,Restaurants,Credit Card
09-04-2021,Credit Transaction,81.23,credit,Dividends,Savings
09-05-2021,Dominos,35.38,debit,Restaurants,Credit Card
09-05-2021,Mama-cita,70.52,debit,Restaurants,Credit Card
09-06-2021,Boston Halal,78.25,debit,Restaurants,Credit Card
09-06-2021,Dominos,83.15,debit,Restaurants,Credit Card
09-06-2021,Boston Shawarma,47.53,debit,Restaurants,Credit Card
09-06-2021,Uber,27.7,debit,Travel expenses,Credit Card
09-06-2021,Mama-cita,53.86,debit,Restaurants,Credit Card
09-07-2021,Boston Halal,79.13,debit,Restaurants,Credit Card
09-07-2021,MBTA,29.87,debit,Travel expenses,Credit Card
09-07-2021,Mall,72.63,debit,Shopping,Credit Card
09-07-2021,Amazon,44.93,debit,Shopping,Credit Card
09-08-2021,Uber,23.42,debit,Travel expenses,Credit Card
09-08-2021,Temu,49.8,debit,Shopping,Credit Card
09-08-2021,Boston Shawarma,35.21,debit,Restaurants,Credit Card
09-08-2021,Dominos,69.66,debit,Restaurants,Credit Card
09-09-2021,Amazon,59.99,debit,Shopping,Credit Card
09-10-2021,Boston Halal,36.59,debit,Restaurants,Credit Card
09-11-2021,Temu,29.7,debit,Shopping,Credit Card
09-11-2021,MBTA,18.54,debit,Travel expenses,Credit Card
09-11-2021,Uber,21.98,debit,Travel expenses,Credit Card
09-11-2021,Dominos,65.04,debit,Restaurants,Credit Card
09-12-2021,Dominos,77.74,debit,Restaurants,Credit Card
09-12-2021,Trader Joes,195.76,debit,Grocery shopping,Credit Card
09-12-2021,Mama-cita,83.76,debit,Restaurants,Credit Card
09-12-2021,Boston Shawarma,64.31,debit,Restaurants,Credit Card
09-12-2021,Karaoke,38.38,debit,Entertainment,Credit Card
09-13-2021,MBTA,26.83,debit,Travel expenses,Credit Card
09-13-2021,Boston Shawarma,50.44,debit,Restaurants,Credit Card
09-13-2021,Monthly direct deposit - Salary,6180,credit,Salary,Savings
09-14-2021,Credit Transaction,4.91,credit,Cashback Rewards,Savings
09-14-2021,Dominos,61.75,debit,Restaurants,Credit Card
09-14-2021,Stop and Shop,258.16,debit,Grocery shopping,Credit Card
09-15-2021,Dominos,76.25,debit,Restaurants,Credit Card
09-15-2021,Amazon,47.55,debit,Shopping,Credit Card
09-15-2021,Mama-cita,63.8,debit,Restaurants,Credit Card
09-15-2021,Lyft,26.07,debit,Travel expenses,Credit Card
09-16-2021,Dominos,80.38,debit,Restaurants,Credit Card
09-16-2021,Stop and Shop,160.4,debit,Grocery shopping,Credit Card
09-17-2021,Temu,48.56,debit,Shopping,Credit Card
09-17-2021,Amazon,23.87,debit,Shopping,Credit Card
09-18-2021,Ace Hardware,244.38,debit,Grocery shopping,Credit Card
09-18-2021,Market Basket,236.41,debit,Grocery shopping,Credit Card
09-18-2021,Trader Joes,223.74,debit,Grocery shopping,Credit Card
09-19-2021,Lyft,31.64,debit,Travel expenses,Credit Card
09-19-2021,Uber,11.3,debit,Travel expenses,Credit Card
09-19-2021,Amazon,33.22,debit,Shopping,Credit Card
09-19-2021,Stop and Shop,182.13,debit,Grocery shopping,Credit Card
09-19-2021,Mall,33.69,debit,Shopping,Credit Card
09-19-2021,Trader Joes,224.29,debit,Grocery shopping,Credit Card
09-20-2021,Lyft,23.1,debit,Travel expenses,Credit Card
09-20-2021,Temu,53.78,debit,Shopping,Credit Card
09-20-2021,Amazon,80.62,debit,Shopping,Credit Card
09-20-2021,Mall,37.98,debit,Shopping,Credit Card
09-20-2021,Trader Joes,196.75,debit,Grocery shopping,Credit Card
09-21-2021,Mama-cita,42.53,debit,Restaurants,Credit Card
09-21-2021,Boston Shawarma,64.19,debit,Restaurants,Credit Card
09-22-2021,Boston Halal,43.54,debit,Restaurants,Credit Card
09-22-2021,Ice skating,48.28,debit,Entertainment,Credit Card
09-23-2021,Stop and Shop,208.97,debit,Grocery shopping,Credit Card
09-23-2021,MBTA,28.26,debit,Travel expenses,Credit Card
09-23-2021,Market Basket,222.81,debit,Grocery shopping,Credit Card
09-23-2021,Mall,77.16,debit,Shopping,Credit Card
09-23-2021,Trader Joes,243.51,debit,Grocery shopping,Credit Card
09-24-2021,Mama-cita,76.39,debit,Restaurants,Credit Card
09-24-2021,Mall,75.5,debit,Shopping,Credit Card
09-25-2021,Boston Halal,43.88,debit,Restaurants,Credit Card
09-25-2021,Temu,62.58,debit,Shopping,Credit Card
09-25-2021,Amazon,49.06,debit,Shopping,Credit Card
09-26-2021,Stop and Shop,207.96,debit,Grocery shopping,Credit Card
09-26-2021,Mama-cita,32.8,debit,Restaurants,Credit Card
09-26-2021,Market Basket,249.51,debit,Grocery shopping,Credit Card
09-27-2021,Boston Halal,48.4,debit,Restaurants,Credit Card
09-27-2021,StandUp show,57.03,debit,Entertainment,Credit Card
09-27-2021,Mama-cita,45.92,debit,Restaurants,Credit Card
09-27-2021,Boston Shawarma,83.71,debit,Restaurants,Credit Card
09-28-2021,AMC Boston,52.23,debit,Entertainment,Credit Card
09-28-2021,Amazon,42.66,debit,Shopping,Credit Card
09-29-2021,Boston Shawarma,33.62,debit,Restaurants,Credit Card
09-29-2021,Trader Joes,221.16,debit,Grocery shopping,Credit Card
09-30-2021,Boston Halal,43.64,debit,Restaurants,Credit Card
09-30-2021,Mama-cita,68,debit,Restaurants,Credit Card
09-30-2021,Uber,15.92,debit,Travel expenses,Credit Card
09-30-2021,MBTA,31.76,debit,Travel expenses,Credit Card
09-30-2021,Ace Hardware,209.61,debit,Grocery shopping,Credit Card
09-30-2021,Mall,74.6,debit,Shopping,Credit Card
10-01-2021,Stop and Shop,237.46,debit,Grocery shopping,Credit Card
10-01-2021,Ace Hardware,248.17,debit,Grocery shopping,Credit Card
10-01-2021,Temu,60.44,debit,Shopping,Credit Card
10-01-2021,Heating fuel,183.23,debit,Utilities,Checking
10-01-2021,Mall,78.22,debit,Shopping,Credit Card
10-01-2021,Eversource Electricity,64.57,debit,Utilities,Checking
10-01-2021,Rent/ Mortgage,1500,debit,Mortgage & Rent,Savings
10-01-2021,National Grid Gas,56.19,debit,Utilities,Checking
10-02-2021,Market Basket,189.4,debit,Grocery shopping,Credit Card
10-02-2021,Boston Shawarma,61.76,debit,Restaurants,Credit Card
10-02-2021,Mama-cita,43.14,debit,Restaurants,Credit Card
10-02-2021,Ace Hardware,185.55,debit,Grocery shopping,Credit Card
10-02-2021,Amazon,44.55,debit,Shopping,Credit Card
10-02-2021,Ice skating,21.41,debit,Entertainment,Credit Card
10-02-2021,Dominos,52.8,debit,Restaurants,Credit Card
10-03-2021,MBTA,23.51,debit,Travel expenses,Credit Card
10-03-2021,Mall,42.12,debit,Shopping,Credit Card
10-03-2021,Mama-cita,80.73,debit,Restaurants,Credit Card
10-03-2021,Dominos,71.25,debit,Restaurants,Credit Card
10-03-2021,StandUp show,42.3,debit,Entertainment,Credit Card
10-04-2021,Dominos,39.06,debit,Restaurants,Credit Card
10-04-2021,Uber,14.04,debit,Travel expenses,Credit Card
10-05-2021,Temu,77.78,debit,Shopping,Credit Card
10-05-2021,Mall,75.61,debit,Shopping,Credit Card
10-06-2021,Boston Shawarma,26.16,debit,Restaurants,Credit Card
10-07-2021,Boston Shawarma,42.81,debit,Restaurants,Credit Card
10-07-2021,Market Basket,188.42,debit,Grocery shopping,Credit Card
10-07-2021,Amazon,74.13,debit,Shopping,Credit Card
10-08-2021,Boston Shawarma,80.32,debit,Restaurants,Credit Card
10-08-2021,Mama-cita,62.46,debit,Restaurants,Credit Card
10-09-2021,Ace Hardware,232.74,debit,Grocery shopping,Credit Card
10-10-2021,Uber,27.77,debit,Travel expenses,Credit Card
10-11-2021,Boston Shawarma,44.81,debit,Restaurants,Credit Card
10-12-2021,Boston Shawarma,45.11,debit,Restaurants,Credit Card
10-13-2021,Monthly direct deposit - Salary,6180,credit,Salary,Savings
10-13-2021,Amazon,60.11,debit,Shopping,Credit Card
10-13-2021,Stop and Shop,210.84,debit,Grocery shopping,Credit Card
10-13-2021,Ace Hardware,245.83,debit,Grocery shopping,Credit Card
10-14-2021,Boston Shawarma,31.8,debit,Restaurants,Credit Card
10-14-2021,Dominos,76.87,debit,Restaurants,Credit Card
10-15-2021,Trader Joes,198.15,debit,Grocery shopping,Credit Card
10-15-2021,Credit Transaction,10.59,credit,Cashback Rewards,Savings
10-15-2021,MBTA,22.05,debit,Travel expenses,Credit Card
10-16-2021,Stop and Shop,211.18,debit,Grocery shopping,Credit Card
10-16-2021,Ace Hardware,179.71,debit,Grocery shopping,Credit Card
10-16-2021,Boston Shawarma,76.77,debit,Restaurants,Credit Card
10-19-2021,MBTA,25.51,debit,Travel expenses,Credit Card
10-19-2021,Dominos,58.2,debit,Restaurants,Credit Card
10-20-2021,Boston Halal,63.46,debit,Restaurants,Credit Card
10-20-2021,Market Basket,157.26,debit,Grocery shopping,Credit Card
10-20-2021,MBTA,14.46,debit,Travel expenses,Credit Card
10-20-2021,Mama-cita,63.75,debit,Restaurants,Credit Card
10-20-2021,Boston Shawarma,64.35,debit,Restaurants,Credit Card
10-21-2021,Ace Hardware,241.58,debit,Grocery shopping,Credit Card
10-21-2021,Credit Transaction,154.65,credit,Dividends,Savings
10-21-2021,Dominos,31.8,debit,Restaurants,Credit Card
10-21-2021,Boston Shawarma,35.67,debit,Restaurants,Credit Card
10-21-2021,AMC Boston,72.66,debit,Entertainment,Credit Card
10-22-2021,Boston Shawarma,45.15,debit,Restaurants,Credit Card
10-22-2021,AMC Boston,61.03,debit,Entertainment,Credit Card
10-23-2021,Ice skating,55.59,debit,Entertainment,Credit Card
10-23-2021,Trader Joes,160.4,debit,Grocery shopping,Credit Card
10-23-2021,Stop and Shop,191.45,debit,Grocery shopping,Credit Card
10-23-2021,Boston Halal,37.97,debit,Restaurants,Credit Card
10-24-2021,Amazon,29.35,debit,Shopping,Credit Card
10-24-2021,Mall,78.56,debit,Shopping,Credit Card
10-24-2021,Uber,20.78,debit,Travel expenses,Credit Card
10-24-2021,AMC Boston,29.21,debit,Entertainment,Credit Card
10-24-2021,Lyft,23.12,debit,Travel expenses,Credit Card
10-24-2021,Ace Hardware,158.8,debit,Grocery shopping,Credit Card
10-26-2021,Amazon,28.99,debit,Shopping,Credit Card
10-26-2021,Temu,48.5,debit,Shopping,Credit Card
10-26-2021,Mall,66.72,debit,Shopping,Credit Card
10-28-2021,Dominos,37.34,debit,Restaurants,Credit Card
10-28-2021,Boston Halal,36.88,debit,Restaurants,Credit Card
10-29-2021,Stop and Shop,222.08,debit,Grocery shopping,Credit Card
10-29-2021,Amazon,47.05,debit,Shopping,Credit Card
10-29-2021,AMC Boston,25.39,debit,Entertainment,Credit Card
10-29-2021,Boston Halal,43.51,debit,Restaurants,Credit Card
10-30-2021,Mall,29.32,debit,Shopping,Credit Card
10-30-2021,Temu,49.75,debit,Shopping,Credit Card
10-31-2021,Dominos,51.71,debit,Restaurants,Credit Card
10-31-2021,Boston Shawarma,68.95,debit,Restaurants,Credit Card
11-01-2021,Boston Halal,42.23,debit,Restaurants,Credit Card
11-01-2021,Mama-cita,78.63,debit,Restaurants,Credit Card
11-01-2021,Ice skating,44.89,debit,Entertainment,Credit Card
11-01-2021,Stop and Shop,195.55,debit,Grocery shopping,Credit Card
11-01-2021,Lyft,15.82,debit,Travel expenses,Credit Card
11-01-2021,Ace Hardware,194.19,debit,Grocery shopping,Credit Card
11-01-2021,Boston Shawarma,58.02,debit,Restaurants,Credit Card
11-01-2021,Dominos,43.91,debit,Restaurants,Credit Card
11-01-2021,StandUp show,46.28,debit,Entertainment,Credit Card
11-01-2021,Heating fuel,219.57,debit,Utilities,Checking
11-01-2021,National Grid Gas,50.18,debit,Utilities,Checking
11-01-2021,Eversource Electricity,68.28,debit,Utilities,Checking
11-01-2021,Rent/ Mortgage,1500,debit,Mortgage & Rent,Savings
11-02-2021,Boston Halal,50.37,debit,Restaurants,Credit Card
11-02-2021,Boston Shawarma,46.5,debit,Restaurants,Credit Card
11-02-2021,Temu,54.06,debit,Shopping,Credit Card
11-02-2021,Dominos,66.09,debit,Restaurants,Credit Card
11-02-2021,Uber,16.88,debit,Travel expenses,Credit Card
11-03-2021,Boston Halal,36.78,debit,Restaurants,Credit Card
11-03-2021,Dominos,62.87,debit,Restaurants,Credit Card
11-03-2021,Mama-cita,52.87,debit,Restaurants,Credit Card
11-03-2021,Stop and Shop,254.09,debit,Grocery shopping,Credit Card
11-04-2021,Boston Halal,81.55,debit,Restaurants,Credit Card
11-05-2021,Temu,68.58,debit,Shopping,Credit Card
11-05-2021,Boston Shawarma,44.8,debit,Restaurants,Credit Card
11-05-2021,Credit Transaction,4.06,credit,Cashback Rewards,Savings
11-05-2021,Amazon,39.76,debit,Shopping,Credit Card
11-05-2021,StandUp show,46.63,debit,Entertainment,Credit Card
11-06-2021,Boston Shawarma,81.15,debit,Restaurants,Credit Card
11-06-2021,Mall,74.07,debit,Shopping,Credit Card
11-06-2021,Ace Hardware,160.19,debit,Grocery shopping,Credit Card
11-06-2021,MBTA,27.42,debit,Travel expenses,Credit Card
11-07-2021,Boston Halal,35.19,debit,Restaurants,Credit Card
11-07-2021,MBTA,27.91,debit,Travel expenses,Credit Card
11-07-2021,Credit Transaction,9.04,credit,Cashback Rewards,Savings
11-07-2021,Mama-cita,57.95,debit,Restaurants,Credit Card
11-09-2021,Lyft,12.32,debit,Travel expenses,Credit Card
11-09-2021,Uber,25.37,debit,Travel expenses,Credit Card
11-10-2021,Ace Hardware,253.49,debit,Grocery shopping,Credit Card
11-11-2021,Ace Hardware,176.96,debit,Grocery shopping,Credit Card
11-11-2021,Trader Joes,209.99,debit,Grocery shopping,Credit Card
11-11-2021,Market Basket,232.53,debit,Grocery shopping,Credit Card
11-12-2021,Mama-cita,76.81,debit,Restaurants,Credit Card
11-12-2021,Boston Halal,46.05,debit,Restaurants,Credit Card
11-12-2021,Temu,67.57,debit,Shopping,Credit Card
11-12-2021,Amazon,80.78,debit,Shopping,Credit Card
11-13-2021,Temu,54.39,debit,Shopping,Credit Card
11-13-2021,Monthly direct deposit - Salary,7416,credit,Salary,Savings
11-13-2021,Mall,64.56,debit,Shopping,Credit Card
11-14-2021,Dominos,42.03,debit,Restaurants,Credit Card
11-14-2021,Stop and Shop,245.37,debit,Grocery shopping,Credit Card
11-14-2021,AMC Boston,26.74,debit,Entertainment,Credit Card
11-15-2021,Temu,74.36,debit,Shopping,Credit Card
11-16-2021,Amazon,58.22,debit,Shopping,Credit Card
11-16-2021,Trader Joes,215.83,debit,Grocery shopping,Credit Card
11-16-2021,Dominos,67.12,debit,Restaurants,Credit Card
11-16-2021,Boston Shawarma,26.08,debit,Restaurants,Credit Card
11-16-2021,Mall,46.47,debit,Shopping,Credit Card
11-17-2021,Dominos,51.13,debit,Restaurants,Credit Card
11-17-2021,Ice skating,60.65,debit,Entertainment,Credit Card
11-17-2021,Amazon,54.3,debit,Shopping,Credit Card
11-17-2021,Boston Shawarma,43.5,debit,Restaurants,Credit Card
11-17-2021,Boston Halal,66.97,debit,Restaurants,Credit Card
11-18-2021,Ace Hardware,230.23,debit,Grocery shopping,Credit Card
11-18-2021,Boston Halal,44.98,debit,Restaurants,Credit Card
11-18-2021,Boston Shawarma,81.74,debit,Restaurants,Credit Card
11-19-2021,Mama-cita,61.13,debit,Restaurants,Credit Card
11-19-2021,Ace Hardware,175.48,debit,Grocery shopping,Credit Card
11-19-2021,Market Basket,194.42,debit,Grocery shopping,Credit Card
11-19-2021,Uber,15.32,debit,Travel expenses,Credit Card
11-19-2021,Dominos,56.68,debit,Restaurants,Credit Card
11-19-2021,Boston Shawarma,33.46,debit,Restaurants,Credit Card
11-19-2021,Mall,74.87,debit,Shopping,Credit Card
11-20-2021,Ace Hardware,157.16,debit,Grocery shopping,Credit Card
11-21-2021,Credit Transaction,3.09,credit,Cashback Rewards,Savings
11-21-2021,AMC Boston,58.96,debit,Entertainment,Credit Card
11-21-2021,Boston Shawarma,73.61,debit,Restaurants,Credit Card
11-21-2021,Trader Joes,196.27,debit,Grocery shopping,Credit Card
11-21-2021,Credit Transaction,17.61,credit,Cashback Rewards,Savings
11-21-2021,Mall,57.76,debit,Shopping,Credit Card
11-21-2021,Market Basket,245.57,debit,Grocery shopping,Credit Card
11-21-2021,Credit Transaction,17.91,credit,Cashback Rewards,Savings
11-22-2021,Boston Shawarma,51.53,debit,Restaurants,Credit Card
11-22-2021,Ace Hardware,200.64,debit,Grocery shopping,Credit Card
11-23-2021,Credit Transaction,19.5,credit,Cashback Rewards,Savings
11-23-2021,Uber,27.18,debit,Travel expenses,Credit Card
11-24-2021,Temu,53.69,debit,Shopping,Credit Card
11-24-2021,Amazon,48.08,debit,Shopping,Credit Card
11-25-2021,Boston Shawarma,50.99,debit,Restaurants,Credit Card
11-25-2021,Amazon,61.78,debit,Shopping,Credit Card
11-25-2021,Dominos,74.16,debit,Restaurants,Credit Card
11-26-2021,Karaoke,55.29,debit,Entertainment,Credit Card
11-27-2021,Boston Halal,70.75,debit,Restaurants,Credit Card
11-27-2021,Amazon,64.83,debit,Shopping,Credit Card
11-27-2021,Stop and Shop,223.29,debit,Grocery shopping,Credit Card
11-27-2021,Credit Transaction,11.17,credit,Cashback Rewards,Savings
11-28-2021,Trader Joes,248.67,debit,Grocery shopping,Credit Card
11-28-2021,StandUp show,25.03,debit,Entertainment,Credit Card
11-28-2021,Uber,20.9,debit,Travel expenses,Credit Card
11-28-2021,Mama-cita,65.87,debit,Restaurants,Credit Card
11-29-2021,Mall,63.34,debit,Shopping,Credit Card
11-29-2021,Market Basket,194.57,debit,Grocery shopping,Credit Card
11-29-2021,Trader Joes,230.69,debit,Grocery shopping,Credit Card
11-29-2021,Dominos,40.77,debit,Restaurants,Credit Card
11-29-2021,Temu,29.53,debit,Shopping,Credit Card
11-29-2021,Amazon,64.19,debit,Shopping,Credit Card
11-30-2021,Amazon,72.6,debit,Shopping,Credit Card
11-30-2021,Temu,71.24,debit,Shopping,Credit Card
11-30-2021,Credit Transaction,18.39,credit,Cashback Rewards,Savings
11-30-2021,Mama-cita,48.01,debit,Restaurants,Credit Card
12-01-2021,Temu,81.61,debit,Shopping,Credit Card
12-01-2021,Heating fuel,205.77,debit,Utilities,Checking
12-01-2021,National Grid Gas,62.53,debit,Utilities,Checking
12-01-2021,Mall,24.09,debit,Shopping,Credit Card
12-01-2021,Rent/ Mortgage,1500,debit,Mortgage & Rent,Savings
12-01-2021,Eversource Electricity,50.36,debit,Utilities,Checking
12-02-2021,Amazon,59.43,debit,Shopping,Credit Card
12-02-2021,Boston Halal,62.49,debit,Restaurants,Credit Card
12-03-2021,Lyft,23.58,debit,Travel expenses,Credit Card
12-04-2021,Amazon,82.54,debit,Shopping,Credit Card
12-04-2021,Boston Halal,72.08,debit,Restaurants,Credit Card
12-04-2021,Dominos,55.62,debit,Restaurants,Credit Card
12-05-2021,Ice skating,60.11,debit,Entertainment,Credit Card
12-05-2021,Temu,32.67,debit,Shopping,Credit Card
12-05-2021,Lyft,26.16,debit,Travel expenses,Credit Card
12-05-2021,Mall,59.73,debit,Shopping,Credit Card
12-05-2021,Boston Shawarma,49.06,debit,Restaurants,Credit Card
12-06-2021,Mama-cita,44.88,debit,Restaurants,Credit Card
12-06-2021,Boston Shawarma,34.58,debit,Restaurants,Credit Card
12-07-2021,Stop and Shop,164.32,debit,Grocery shopping,Credit Card
12-07-2021,Trader Joes,234.11,debit,Grocery shopping,Credit Card
12-07-2021,Credit Transaction,5.12,credit,Cashback Rewards,Savings
12-07-2021,Mama-cita,67.81,debit,Restaurants,Credit Card
12-07-2021,AMC Boston,70.99,debit,Entertainment,Credit Card
12-07-2021,Boston Shawarma,33.17,debit,Restaurants,Credit Card
12-08-2021,Market Basket,191.84,debit,Grocery shopping,Credit Card
12-09-2021,Dominos,78.35,debit,Restaurants,Credit Card
12-09-2021,Credit Transaction,9.89,credit,Cashback Rewards,Savings
12-09-2021,Lyft,30.43,debit,Travel expenses,Credit Card
12-09-2021,MBTA,19.62,debit,Travel expenses,Credit Card
12-10-2021,Boston Halal,76.45,debit,Restaurants,Credit Card
12-10-2021,Uber,27.06,debit,Travel expenses,Credit Card
12-10-2021,Market Basket,193.39,debit,Grocery shopping,Credit Card
12-10-2021,Boston Shawarma,31.02,debit,Restaurants,Credit Card
12-11-2021,Boston Shawarma,74.08,debit,Restaurants,Credit Card
12-11-2021,Mama-cita,35.07,debit,Restaurants,Credit Card
12-11-2021,Credit Transaction,12.78,credit,Cashback Rewards,Savings
12-11-2021,Temu,58.11,debit,Shopping,Credit Card
12-11-2021,Dominos,33.8,debit,Restaurants,Credit Card
12-12-2021,Market Basket,165.47,debit,Grocery shopping,Credit Card
12-12-2021,Amazon,78.74,debit,Shopping,Credit Card
12-12-2021,Trader Joes,184.31,debit,Grocery shopping,Credit Card
12-13-2021,Dominos,61.48,debit,Restaurants,Credit Card
12-13-2021,Credit Transaction,12.85,credit,Cashback Rewards,Savings
12-13-2021,Monthly direct deposit - Salary,7416,credit,Salary,Savings
12-13-2021,Boston Shawarma,58.2,debit,Restaurants,Credit Card
12-13-2021,Boston Halal,31.23,debit,Restaurants,Credit Card
12-13-2021,Amazon,25.29,debit,Shopping,Credit Card
12-14-2021,Dominos,50.73,debit,Restaurants,Credit Card
12-14-2021,Market Basket,190.86,debit,Grocery shopping,Credit Card
12-14-2021,Ace Hardware,205.35,debit,Grocery shopping,Credit Card
12-15-2021,Ace Hardware,192.91,debit,Grocery shopping,Credit Card
12-15-2021,Boston Shawarma,63.03,debit,Restaurants,Credit Card
12-15-2021,Temu,50.43,debit,Shopping,Credit Card
12-16-2021,Stop and Shop,175.99,debit,Grocery shopping,Credit Card
12-16-2021,Mama-cita,72.77,debit,Restaurants,Credit Card
12-17-2021,AMC Boston,40.9,debit,Entertainment,Credit Card
12-17-2021,Mama-cita,41.03,debit,Restaurants,Credit Card
12-17-2021,Market Basket,245.04,debit,Grocery shopping,Credit Card
12-17-2021,Mall,77.26,debit,Shopping,Credit Card
12-17-2021,Boston Halal,55.23,debit,Restaurants,Credit Card
12-18-2021,Amazon,78.85,debit,Shopping,Credit Card
12-19-2021,MBTA,17.79,debit,Travel expenses,Credit Card
12-19-2021,Dominos,38.96,debit,Restaurants,Credit Card
12-19-2021,Temu,27.45,debit,Shopping,Credit Card
12-19-2021,Ace Hardware,238.79,debit,Grocery shopping,Credit Card
12-20-2021,Dominos,74.11,debit,Restaurants,Credit Card
12-20-2021,Trader Joes,220.04,debit,Grocery shopping,Credit Card
12-20-2021,Mama-cita,63.24,debit,Restaurants,Credit Card
12-21-2021,Amazon,69.32,debit,Shopping,Credit Card
12-21-2021,Boston Halal,57.4,debit,Restaurants,Credit Card
12-22-2021,Dominos,33.93,debit,Restaurants,Credit Card
12-22-2021,Mama-cita,56.87,debit,Restaurants,Credit Card
12-22-2021,Boston Halal,73.36,debit,Restaurants,Credit Card
12-23-2021,Boston Halal,30.73,debit,Restaurants,Credit Card
12-24-2021,Credit Transaction,18.09,credit,Cashback Rewards,Savings
12-24-2021,MBTA,28.47,debit,Travel expenses,Credit Card
12-25-2021,Lyft,10.89,debit,Travel expenses,Credit Card
12-25-2021,Dominos,62.21,debit,Restaurants,Credit Card
12-25-2021,Mall,74.1,debit,Shopping,Credit Card
12-26-2021,Trader Joes,211.19,debit,Grocery shopping,Credit Card
12-26-2021,Karaoke,53.22,debit,Entertainment,Credit Card
12-27-2021,Dominos,53.88,debit,Restaurants,Credit Card
12-27-2021,Boston Shawarma,51.05,debit,Restaurants,Credit Card
12-28-2021,Ace Hardware,159.54,debit,Grocery shopping,Credit Card
12-28-2021,Mama-cita,30.89,debit,Restaurants,Credit Card
12-29-2021,Mall,20.96,debit,Shopping,Credit Card
12-29-2021,Ace Hardware,228.58,debit,Grocery shopping,Credit Card
12-29-2021,Trader Joes,208.92,debit,Grocery shopping,Credit Card
12-30-2021,Boston Halal,31.96,debit,Restaurants,Credit Card
12-30-2021,Market Basket,251.92,debit,Grocery shopping,Credit Card
12-30-2021,Ace Hardware,158.74,debit,Grocery shopping,Credit Card
12-31-2021,MBTA,21.9,debit,Travel expenses,Credit Card
12-31-2021,Boston Halal,79.38,debit,Restaurants,Credit Card
12-31-2021,Lyft,16.47,debit,Travel expenses,Credit Card
12-31-2021,Mall,67.09,debit,Shopping,Credit Card
01-01-2022,Stop and Shop,183.42,debit,Grocery shopping,Credit Card
01-01-2022,Rent/ Mortgage,1500,debit,Mortgage & Rent,Savings
01-01-2022,Eversource Electricity,62.1,debit,Utilities,Checking
01-01-2022,National Grid Gas,62.49,debit,Utilities,Checking
01-01-2022,Heating fuel,228.01,debit,Utilities,Checking
01-01-2022,Boston Halal,33.49,debit,Restaurants,Credit Card
01-02-2022,Boston Shawarma,76.05,debit,Restaurants,Credit Card
01-02-2022,Stop and Shop,238.68,debit,Grocery shopping,Credit Card
01-03-2022,Boston Shawarma,71.61,debit,Restaurants,Credit Card
01-03-2022,Dominos,27.04,debit,Restaurants,Credit Card
01-03-2022,Mama-cita,52.38,debit,Restaurants,Credit Card
01-03-2022,StandUp show,58.6,debit,Entertainment,Credit Card
01-04-2022,Market Basket,216.85,debit,Grocery shopping,Credit Card
01-05-2022,Dominos,59.86,debit,Restaurants,Credit Card
01-05-2022,Market Basket,166.19,debit,Grocery shopping,Credit Card
01-06-2022,Lyft,12.33,debit,Travel expenses,Credit Card
01-06-2022,Uber,18.9,debit,Travel expenses,Credit Card
01-06-2022,Temu,62.72,debit,Shopping,Credit Card
01-06-2022,Amazon,67.68,debit,Shopping,Credit Card
01-07-2022,Mama-cita,30.67,debit,Restaurants,Credit Card
01-08-2022,Trader Joes,233.09,debit,Grocery shopping,Credit Card
01-08-2022,Mama-cita,65.83,debit,Restaurants,Credit Card
01-08-2022,Market Basket,193.26,debit,Grocery shopping,Credit Card
01-09-2022,Trader Joes,161.36,debit,Grocery shopping,Credit Card
01-09-2022,Boston Shawarma,28.41,debit,Restaurants,Credit Card
01-09-2022,Temu,55.16,debit,Shopping,Credit Card
01-10-2022,Trader Joes,208.8,debit,Grocery shopping,Credit Card
01-10-2022,Mall,50.39,debit,Shopping,Credit Card
01-11-2022,Ace Hardware,251.55,debit,Grocery shopping,Credit Card
01-11-2022,AMC Boston,30.1,debit,Entertainment,Credit Card
01-11-2022,Amazon,67.48,debit,Shopping,Credit Card
01-11-2022,MBTA,13.58,debit,Travel expenses,Credit Card
01-11-2022,Mama-cita,57.19,debit,Restaurants,Credit Card
01-13-2022,Temu,80.79,debit,Shopping,Credit Card
01-13-2022,Monthly direct deposit - Salary,7416,credit,Salary,Savings
01-13-2022,Mall,67.98,debit,Shopping,Credit Card
01-14-2022,Boston Shawarma,82.45,debit,Restaurants,Credit Card
01-14-2022,Market Basket,174.05,debit,Grocery shopping,Credit Card
01-14-2022,Trader Joes,188.12,debit,Grocery shopping,Credit Card
01-14-2022,Dominos,36.34,debit,Restaurants,Credit Card
01-15-2022,Mama-cita,76.48,debit,Restaurants,Credit Card
01-16-2022,Trader Joes,221.5,debit,Grocery shopping,Credit Card
01-16-2022,Mama-cita,33.47,debit,Restaurants,Credit Card
01-16-2022,Mall,41.74,debit,Shopping,Credit Card
01-17-2022,Stop and Shop,200.16,debit,Grocery shopping,Credit Card
01-17-2022,AMC Boston,32.65,debit,Entertainment,Credit Card
01-17-2022,Boston Shawarma,51.1,debit,Restaurants,Credit Card
01-18-2022,Uber,11.68,debit,Travel expenses,Credit Card
01-18-2022,Boston Halal,36.21,debit,Restaurants,Credit Card
01-18-2022,Stop and Shop,169.78,debit,Grocery shopping,Credit Card
01-19-2022,Boston Shawarma,36.79,debit,Restaurants,Credit Card
01-20-2022,Credit Transaction,11.6,credit,Cashback Rewards,Savings
01-20-2022,MBTA,31.13,debit,Travel expenses,Credit Card
01-20-2022,Ace Hardware,203.32,debit,Grocery shopping,Credit Card
01-21-2022,Lyft,27.62,debit,Travel expenses,Credit Card
01-21-2022,Uber,18.92,debit,Travel expenses,Credit Card
01-21-2022,Amazon,80.11,debit,Shopping,Credit Card
01-21-2022,Trader Joes,165.33,debit,Grocery shopping,Credit Card
01-22-2022,Dominos,33.46,debit,Restaurants,Credit Card
01-23-2022,Ace Hardware,236.26,debit,Grocery shopping,Credit Card
01-23-2022,Karaoke,71.79,debit,Entertainment,Credit Card
01-23-2022,Uber,30.33,debit,Travel expenses,Credit Card
01-23-2022,Credit Transaction,9.68,credit,Cashback Rewards,Savings
01-23-2022,Temu,65.63,debit,Shopping,Credit Card
01-23-2022,StandUp show,39.67,debit,Entertainment,Credit Card
01-24-2022,Temu,74.66,debit,Shopping,Credit Card
01-24-2022,Boston Shawarma,83.58,debit,Restaurants,Credit Card
01-24-2022,Karaoke,27.41,debit,Entertainment,Credit Card
01-25-2022,Credit Transaction,10.32,credit,Cashback Rewards,Savings
01-25-2022,Boston Halal,49.85,debit,Restaurants,Credit Card
01-25-2022,Amazon,68.85,debit,Shopping,Credit Card
01-26-2022,Karaoke,36.39,debit,Entertainment,Credit Card
01-26-2022,Trader Joes,170.98,debit,Grocery shopping,Credit Card
01-27-2022,Lyft,28.88,debit,Travel expenses,Credit Card
01-27-2022,Ace Hardware,239.37,debit,Grocery shopping,Credit Card
01-27-2022,Boston Halal,31.53,debit,Restaurants,Credit Card
01-28-2022,Credit Transaction,11.68,credit,Cashback Rewards,Savings
01-28-2022,Credit Transaction,6.21,credit,Cashback Rewards,Savings
01-28-2022,Stop and Shop,213.69,debit,Grocery shopping,Credit Card
01-29-2022,Dominos,51.25,debit,Restaurants,Credit Card
01-29-2022,Mall,64.67,debit,Shopping,Credit Card
01-29-2022,Stop and Shop,216.17,debit,Grocery shopping,Credit Card
01-30-2022,Boston Halal,72.04,debit,Restaurants,Credit Card
01-30-2022,Dominos,58.34,debit,Restaurants,Credit Card
01-30-2022,Ace Hardware,222.59,debit,Grocery shopping,Credit Card
01-31-2022,Mama-cita,54.84,debit,Restaurants,Credit Card
01-31-2022,Boston Halal,41.06,debit,Restaurants,Credit Card
01-31-2022,Dominos,46.77,debit,Restaurants,Credit Card
01-31-2022,MBTA,11.33,debit,Travel expenses,Credit Card
02-01-2022,Rent/ Mortgage,1500,debit,Mortgage & Rent,Savings
02-01-2022,Eversource Electricity,65.03,debit,Utilities,Checking
02-01-2022,National Grid Gas,52,debit,Utilities,Checking
02-01-2022,Heating fuel,209.02,debit,Utilities,Checking
02-01-2022,Ice skating,70.3,debit,Entertainment,Credit Card
02-01-2022,Amazon,71.82,debit,Shopping,Credit Card
02-01-2022,Stop and Shop,206.01,debit,Grocery shopping,Credit Card
02-02-2022,Mall,83.36,debit,Shopping,Credit Card
02-02-2022,Mama-cita,60.36,debit,Restaurants,Credit Card
02-03-2022,Trader Joes,172.17,debit,Grocery shopping,Credit Card
02-03-2022,Ace Hardware,217.48,debit,Grocery shopping,Credit Card
02-03-2022,Boston Shawarma,34.17,debit,Restaurants,Credit Card
02-03-2022,MBTA,30.5,debit,Travel expenses,Credit Card
02-03-2022,Boston Halal,56.23,debit,Restaurants,Credit Card
02-03-2022,StandUp show,67.08,debit,Entertainment,Credit Card
02-03-2022,Dominos,69.42,debit,Restaurants,Credit Card
02-04-2022,Temu,34.2,debit,Shopping,Credit Card
02-04-2022,Mama-cita,38.39,debit,Restaurants,Credit Card
02-04-2022,Mall,79,debit,Shopping,Credit Card
02-04-2022,Amazon,34.74,debit,Shopping,Credit Card
02-04-2022,Boston Shawarma,47.96,debit,Restaurants,Credit Card
02-04-2022,Dominos,62.64,debit,Restaurants,Credit Card
02-05-2022,Credit Transaction,14.58,credit,Cashback Rewards,Savings
02-06-2022,Temu,44.31,debit,Shopping,Credit Card
02-06-2022,Boston Halal,28.5,debit,Restaurants,Credit Card
02-07-2022,Trader Joes,184.51,debit,Grocery shopping,Credit Card
02-07-2022,Ice skating,45.24,debit,Entertainment,Credit Card
02-07-2022,Boston Shawarma,33.79,debit,Restaurants,Credit Card
02-08-2022,Ace Hardware,245.11,debit,Grocery shopping,Credit Card
02-09-2022,Stop and Shop,251.76,debit,Grocery shopping,Credit Card
02-10-2022,Boston Shawarma,34.69,debit,Restaurants,Credit Card
02-10-2022,Mall,46.58,debit,Shopping,Credit Card
02-10-2022,Trader Joes,216.62,debit,Grocery shopping,Credit Card
02-10-2022,Mama-cita,42.54,debit,Restaurants,Credit Card
02-10-2022,Boston Halal,34.96,debit,Restaurants,Credit Card
02-11-2022,Temu,23.54,debit,Shopping,Credit Card
02-11-2022,Uber,30.8,debit,Travel expenses,Credit Card
02-11-2022,Market Basket,248.95,debit,Grocery shopping,Credit Card
02-11-2022,Trader Joes,176.01,debit,Grocery shopping,Credit Card
02-11-2022,Mama-cita,36.11,debit,Restaurants,Credit Card
02-12-2022,Stop and Shop,169.32,debit,Grocery shopping,Credit Card
02-12-2022,Boston Shawarma,70.33,debit,Restaurants,Credit Card
02-12-2022,Trader Joes,245.08,debit,Grocery shopping,Credit Card
02-13-2022,Amazon,40.22,debit,Shopping,Credit Card
02-13-2022,Monthly direct deposit - Salary,7416,credit,Salary,Savings
02-13-2022,Ace Hardware,245.55,debit,Grocery shopping,Credit Card
02-14-2022,Temu,41.55,debit,Shopping,Credit Card
02-14-2022,Amazon,46.09,debit,Shopping,Credit Card
02-14-2022,Market Basket,210.26,debit,Grocery shopping,Credit Card
02-15-2022,Boston Shawarma,51.76,debit,Restaurants,Credit Card
02-15-2022,Market Basket,219.42,debit,Grocery shopping,Credit Card
02-15-2022,Uber,28.29,debit,Travel expenses,Credit Card
02-16-2022,Lyft,27.27,debit,Travel expenses,Credit Card
02-17-2022,Trader Joes,165.7,debit,Grocery shopping,Credit Card
02-17-2022,Ace Hardware,257.36,debit,Grocery shopping,Credit Card
02-17-2022,Market Basket,182.91,debit,Grocery shopping,Credit Card
02-17-2022,Stop and Shop,170.76,debit,Grocery shopping,Credit Card
02-18-2022,Trader Joes,203.03,debit,Grocery shopping,Credit Card
02-19-2022,MBTA,23.15,debit,Travel expenses,Credit Card
02-19-2022,Lyft,18.1,debit,Travel expenses,Credit Card
02-19-2022,Mall,68.45,debit,Shopping,Credit Card
02-19-2022,Uber,28.84,debit,Travel expenses,Credit Card
02-20-2022,Mall,76.1,debit,Shopping,Credit Card
02-20-2022,Boston Halal,60.8,debit,Restaurants,Credit Card
02-21-2022,Stop and Shop,247.74,debit,Grocery shopping,Credit Card
02-21-2022,Dominos,60.65,debit,Restaurants,Credit Card
02-21-2022,Boston Shawarma,57.79,debit,Restaurants,Credit Card
02-21-2022,Boston Halal,81.96,debit,Restaurants,Credit Card
02-22-2022,Lyft,25.41,debit,Travel expenses,Credit Card
02-22-2022,Boston Shawarma,29.43,debit,Restaurants,Credit Card
02-23-2022,Market Basket,260,debit,Grocery shopping,Credit Card
02-23-2022,Stop and Shop,205.34,debit,Grocery shopping,Credit Card
02-23-2022,Ace Hardware,210.92,debit,Grocery shopping,Credit Card
02-23-2022,Amazon,42.12,debit,Shopping,Credit Card
02-24-2022,MBTA,19.64,debit,Travel expenses,Credit Card
02-24-2022,Boston Shawarma,66.15,debit,Restaurants,Credit Card
02-24-2022,Uber,21.69,debit,Travel expenses,Credit Card
02-25-2022,Market Basket,162.82,debit,Grocery shopping,Credit Card
02-25-2022,Mama-cita,47.34,debit,Restaurants,Credit Card
02-25-2022,Stop and Shop,194.45,debit,Grocery shopping,Credit Card
02-25-2022,Mall,33.47,debit,Shopping,Credit Card
02-25-2022,Boston Shawarma,27.41,debit,Restaurants,Credit Card
02-26-2022,Boston Shawarma,31.16,debit,Restaurants,Credit Card
02-26-2022,Dominos,56.83,debit,Restaurants,Credit Card
02-27-2022,Boston Halal,35.96,debit,Restaurants,Credit Card
02-27-2022,Temu,49.37,debit,Shopping,Credit Card
02-27-2022,Mama-cita,83.49,debit,Restaurants,Credit Card
02-28-2022,Uber,16.86,debit,Travel expenses,Credit Card
03-01-2022,Rent/ Mortgage,1500,debit,Mortgage & Rent,Savings
03-01-2022,Eversource Electricity,72.93,debit,Utilities,Checking
03-01-2022,National Grid Gas,60.91,debit,Utilities,Checking
03-01-2022,Heating fuel,217.29,debit,Utilities,Checking
03-01-2022,Ace Hardware,157.03,debit,Grocery shopping,Credit Card
03-01-2022,Stop and Shop,159.07,debit,Grocery shopping,Credit Card
03-01-2022,Trader Joes,174.36,debit,Grocery shopping,Credit Card
03-01-2022,MBTA,29.87,debit,Travel expenses,Credit Card
03-01-2022,Market Basket,185.67,debit,Grocery shopping,Credit Card
03-02-2022,Boston Halal,61.44,debit,Restaurants,Credit Card
03-02-2022,StandUp show,21.01,debit,Entertainment,Credit Card
03-03-2022,Ace Hardware,157.2,debit,Grocery shopping,Credit Card
03-03-2022,Temu,82.31,debit,Shopping,Credit Card
03-03-2022,Trader Joes,179.35,debit,Grocery shopping,Credit Card
03-03-2022,Dominos,51.15,debit,Restaurants,Credit Card
03-03-2022,Boston Shawarma,45.17,debit,Restaurants,Credit Card
03-04-2022,Mall,75.67,debit,Shopping,Credit Card
03-04-2022,StandUp show,66.24,debit,Entertainment,Credit Card
03-04-2022,Temu,33.63,debit,Shopping,Credit Card
03-04-2022,Amazon,56.71,debit,Shopping,Credit Card
03-05-2022,Mall,65.77,debit,Shopping,Credit Card
03-05-2022,Mama-cita,29.62,debit,Restaurants,Credit Card
03-05-2022,Market Basket,214.26,debit,Grocery shopping,Credit Card
03-05-2022,Temu,75.43,debit,Shopping,Credit Card
03-05-2022,MBTA,16.58,debit,Travel expenses,Credit Card
03-06-2022,Mall,60.14,debit,Shopping,Credit Card
03-06-2022,Karaoke,46,debit,Entertainment,Credit Card
03-07-2022,Boston Halal,40.31,debit,Restaurants,Credit Card
03-07-2022,Stop and Shop,228.77,debit,Grocery shopping,Credit Card
03-07-2022,Amazon,60.59,debit,Shopping,Credit Card
03-08-2022,Temu,22.11,debit,Shopping,Credit Card
03-08-2022,Amazon,25.14,debit,Shopping,Credit Card
03-09-2022,AMC Boston,23.37,debit,Entertainment,Credit Card
03-09-2022,Mall,29.31,debit,Shopping,Credit Card
03-10-2022,Trader Joes,207.91,debit,Grocery shopping,Credit Card
03-10-2022,Market Basket,181.19,debit,Grocery shopping,Credit Card
03-10-2022,Boston Shawarma,62.15,debit,Restaurants,Credit Card
03-10-2022,Mama-cita,49.5,debit,Restaurants,Credit Card
03-10-2022,Ace Hardware,166.52,debit,Grocery shopping,Credit Card
03-11-2022,Karaoke,66.85,debit,Entertainment,Credit Card
03-12-2022,Mall,58.35,debit,Shopping,Credit Card
03-12-2022,Dominos,41.5,debit,Restaurants,Credit Card
03-12-2022,StandUp show,58.04,debit,Entertainment,Credit Card
03-12-2022,Temu,25.14,debit,Shopping,Credit Card
03-12-2022,Amazon,29.69,debit,Shopping,Credit Card
03-12-2022,Boston Shawarma,29.65,debit,Restaurants,Credit Card
03-12-2022,Ice skating,33.72,debit,Entertainment,Credit Card
03-12-2022,Mama-cita,66.3,debit,Restaurants,Credit Card
03-12-2022,Boston Halal,67.9,debit,Restaurants,Credit Card
03-13-2022,Amazon,35.02,debit,Shopping,Credit Card
03-13-2022,Mall,23.14,debit,Shopping,Credit Card
03-13-2022,Ace Hardware,166.75,debit,Grocery shopping,Credit Card
03-13-2022,Monthly direct deposit - Salary,7416,credit,Salary,Savings
03-13-2022,Trader Joes,211.53,debit,Grocery shopping,Credit Card
03-13-2022,Mama-cita,80.74,debit,Restaurants,Credit Card
03-14-2022,Boston Shawarma,46.19,debit,Restaurants,Credit Card
03-14-2022,Trader Joes,237.29,debit,Grocery shopping,Credit Card
03-14-2022,Uber,10.79,debit,Travel expenses,Credit Card
03-15-2022,Mall,22.25,debit,Shopping,Credit Card
03-15-2022,Mama-cita,44.11,debit,Restaurants,Credit Card
03-15-2022,Trader Joes,190.49,debit,Grocery shopping,Credit Card
03-15-2022,Amazon,74.32,debit,Shopping,Credit Card
03-15-2022,Stop and Shop,246.49,debit,Grocery shopping,Credit Card
03-16-2022,Dominos,26.39,debit,Restaurants,Credit Card
03-16-2022,Ice skating,26.79,debit,Entertainment,Credit Card
03-16-2022,Mama-cita,65.41,debit,Restaurants,Credit Card
03-16-2022,Boston Shawarma,80.2,debit,Restaurants,Credit Card
03-16-2022,Mall,23.79,debit,Shopping,Credit Card
03-16-2022,Ace Hardware,190.96,debit,Grocery shopping,Credit Card
03-16-2022,Boston Halal,27.91,debit,Restaurants,Credit Card
03-17-2022,MBTA,26.19,debit,Travel expenses,Credit Card
03-17-2022,Boston Shawarma,69.59,debit,Restaurants,Credit Card
03-17-2022,Mama-cita,35.38,debit,Restaurants,Credit Card
03-17-2022,Uber,25.49,debit,Travel expenses,Credit Card
03-17-2022,Dominos,74.36,debit,Restaurants,Credit Card
03-18-2022,Mama-cita,51.67,debit,Restaurants,Credit Card
03-18-2022,Boston Halal,70.29,debit,Restaurants,Credit Card
03-18-2022,Mall,64.61,debit,Shopping,Credit Card
03-18-2022,AMC Boston,42.52,debit,Entertainment,Credit Card
03-19-2022,AMC Boston,22.38,debit,Entertainment,Credit Card
03-19-2022,Boston Shawarma,65.83,debit,Restaurants,Credit Card
03-21-2022,Amazon,50.83,debit,Shopping,Credit Card
03-21-2022,Lyft,30.99,debit,Travel expenses,Credit Card
03-21-2022,AMC Boston,43.17,debit,Entertainment,Credit Card
03-21-2022,Credit Transaction,6.72,credit,Cashback Rewards,Savings
03-21-2022,Dominos,81.96,debit,Restaurants,Credit Card
03-21-2022,Ice skating,48.78,debit,Entertainment,Credit Card
03-22-2022,Amazon,80.04,debit,Shopping,Credit Card
03-22-2022,Trader Joes,245.32,debit,Grocery shopping,Credit Card
03-22-2022,Stop and Shop,215.11,debit,Grocery shopping,Credit Card
03-22-2022,Ace Hardware,258.37,debit,Grocery shopping,Credit Card
03-23-2022,Dominos,46.42,debit,Restaurants,Credit Card
03-23-2022,Market Basket,209.4,debit,Grocery shopping,Credit Card
03-23-2022,Mama-cita,53.53,debit,Restaurants,Credit Card
03-23-2022,Credit Transaction,10.5,credit,Cashback Rewards,Savings
03-23-2022,Lyft,13.39,debit,Travel expenses,Credit Card
03-23-2022,Ace Hardware,200.94,debit,Grocery shopping,Credit Card
03-24-2022,Dominos,38.07,debit,Restaurants,Credit Card
03-25-2022,Uber,18.56,debit,Travel expenses,Credit Card
03-25-2022,Ice skating,35.86,debit,Entertainment,Credit Card
03-25-2022,Dominos,42.11,debit,Restaurants,Credit Card
03-25-2022,MBTA,20.77,debit,Travel expenses,Credit Card
03-26-2022,Boston Shawarma,35.11,debit,Restaurants,Credit Card
03-26-2022,MBTA,18.46,debit,Travel expenses,Credit Card
03-26-2022,Amazon,78.05,debit,Shopping,Credit Card
03-26-2022,Ace Hardware,250.08,debit,Grocery shopping,Credit Card
03-26-2022,Credit Transaction,7.86,credit,Cashback Rewards,Savings
03-26-2022,AMC Boston,63.69,debit,Entertainment,Credit Card
03-27-2022,Mall,21.52,debit,Shopping,Credit Card
03-27-2022,Ice skating,61.53,debit,Entertainment,Credit Card
03-27-2022,Lyft,24.07,debit,Travel expenses,Credit Card
03-28-2022,Amazon,42.4,debit,Shopping,Credit Card
03-28-2022,Boston Halal,71.89,debit,Restaurants,Credit Card
03-28-2022,MBTA,24.62,debit,Travel expenses,Credit Card
03-28-2022,Credit Transaction,54.18,credit,Dividends,Savings
03-29-2022,Dominos,46.69,debit,Restaurants,Credit Card
03-29-2022,Credit Transaction,197.65,credit,Dividends,Savings
03-29-2022,MBTA,22.02,debit,Travel expenses,Credit Card
03-30-2022,Boston Halal,72.36,debit,Restaurants,Credit Card
03-31-2022,Mama-cita,33.13,debit,Restaurants,Credit Card
03-31-2022,Boston Halal,68.88,debit,Restaurants,Credit Card
03-31-2022,Ace Hardware,173.09,debit,Grocery shopping,Credit Card
04-01-2022,Ace Hardware,242.56,debit,Grocery shopping,Credit Card
04-01-2022,Rent/ Mortgage,1500,debit,Mortgage & Rent,Savings
04-01-2022,Eversource Electricity,79.23,debit,Utilities,Checking
04-01-2022,National Grid Gas,64.89,debit,Utilities,Checking
04-01-2022,Heating fuel,237.69,debit,Utilities,Checking
04-01-2022,Mama-cita,51.31,debit,Restaurants,Credit Card
04-01-2022,Trader Joes,234.67,debit,Grocery shopping,Credit Card
04-01-2022,Credit Transaction,13.23,credit,Cashback Rewards,Savings
04-02-2022,Boston Halal,70.52,debit,Restaurants,Credit Card
04-02-2022,Mall,75.64,debit,Shopping,Credit Card
04-02-2022,Dominos,68.77,debit,Restaurants,Credit Card
04-02-2022,Boston Shawarma,68.75,debit,Restaurants,Credit Card
04-03-2022,Market Basket,167,debit,Grocery shopping,Credit Card
04-03-2022,Mall,66.01,debit,Shopping,Credit Card
04-03-2022,Boston Shawarma,48.02,debit,Restaurants,Credit Card
04-03-2022,Amazon,76.43,debit,Shopping,Credit Card
04-03-2022,Uber,22.84,debit,Travel expenses,Credit Card
04-04-2022,Market Basket,177.07,debit,Grocery shopping,Credit Card
04-04-2022,Uber,19.54,debit,Travel expenses,Credit Card
04-04-2022,Ace Hardware,182.05,debit,Grocery shopping,Credit Card
04-05-2022,Mama-cita,32.43,debit,Restaurants,Credit Card
04-05-2022,Dominos,50.33,debit,Restaurants,Credit Card
04-05-2022,Boston Shawarma,66.35,debit,Restaurants,Credit Card
04-05-2022,Ace Hardware,247.3,debit,Grocery shopping,Credit Card
04-06-2022,AMC Boston,30.97,debit,Entertainment,Credit Card
04-07-2022,Boston Shawarma,43.76,debit,Restaurants,Credit Card
04-07-2022,Mall,68.56,debit,Shopping,Credit Card
04-08-2022,Mama-cita,81.07,debit,Restaurants,Credit Card
04-08-2022,Boston Shawarma,37.68,debit,Restaurants,Credit Card
04-08-2022,Stop and Shop,212.16,debit,Grocery shopping,Credit Card
04-08-2022,Trader Joes,212.1,debit,Grocery shopping,Credit Card
04-08-2022,Mall,74.39,debit,Shopping,Credit Card
04-09-2022,Market Basket,156.61,debit,Grocery shopping,Credit Card
04-09-2022,Temu,69.86,debit,Shopping,Credit Card
04-09-2022,Boston Halal,27.97,debit,Restaurants,Credit Card
04-09-2022,Amazon,57.13,debit,Shopping,Credit Card
04-10-2022,Boston Shawarma,73.03,debit,Restaurants,Credit Card
04-10-2022,Uber,12.93,debit,Travel expenses,Credit Card
04-10-2022,Mama-cita,65.08,debit,Restaurants,Credit Card
04-10-2022,Dominos,26.43,debit,Restaurants,Credit Card
04-10-2022,Credit Transaction,93.65,credit,Dividends,Savings
04-11-2022,Mall,71.01,debit,Shopping,Credit Card
04-11-2022,Dominos,68.44,debit,Restaurants,Credit Card
04-11-2022,Uber,24.9,debit,Travel expenses,Credit Card
04-11-2022,Boston Halal,47.85,debit,Restaurants,Credit Card
04-11-2022,Mama-cita,26.6,debit,Restaurants,Credit Card
04-11-2022,Trader Joes,225.64,debit,Grocery shopping,Credit Card
04-11-2022,Credit Transaction,8.93,credit,Cashback Rewards,Savings
04-12-2022,Trader Joes,230.8,debit,Grocery shopping,Credit Card
04-12-2022,Credit Transaction,136,credit,Dividends,Savings
04-12-2022,Ace Hardware,202.49,debit,Grocery shopping,Credit Card
04-12-2022,Mama-cita,53.81,debit,Restaurants,Credit Card
04-12-2022,Boston Shawarma,29.27,debit,Restaurants,Credit Card
04-13-2022,Amazon,39.21,debit,Shopping,Credit Card
04-13-2022,Boston Shawarma,33.3,debit,Restaurants,Credit Card
04-13-2022,Temu,80.34,debit,Shopping,Credit Card
04-13-2022,Ace Hardware,251.01,debit,Grocery shopping,Credit Card
04-13-2022,Monthly direct deposit - Salary,7416,credit,Salary,Savings
04-14-2022,Temu,29.73,debit,Shopping,Credit Card
04-14-2022,StandUp show,43.7,debit,Entertainment,Credit Card
04-14-2022,Mama-cita,74.28,debit,Restaurants,Credit Card
04-15-2022,MBTA,13.67,debit,Travel expenses,Credit Card
04-15-2022,Boston Halal,54.98,debit,Restaurants,Credit Card
04-15-2022,Dominos,80.3,debit,Restaurants,Credit Card
04-15-2022,Amazon,31.17,debit,Shopping,Credit Card
04-16-2022,Mama-cita,52.78,debit,Restaurants,Credit Card
04-16-2022,Ace Hardware,186.33,debit,Grocery shopping,Credit Card
04-16-2022,Amazon,71.1,debit,Shopping,Credit Card
04-17-2022,Boston Shawarma,37.76,debit,Restaurants,Credit Card
04-17-2022,Mama-cita,30.34,debit,Restaurants,Credit Card
04-18-2022,Mama-cita,81.96,debit,Restaurants,Credit Card
04-18-2022,Dominos,45.37,debit,Restaurants,Credit Card
04-18-2022,Boston Halal,72.81,debit,Restaurants,Credit Card
04-18-2022,Market Basket,193.71,debit,Grocery shopping,Credit Card
04-18-2022,Lyft,11.36,debit,Travel expenses,Credit Card
04-19-2022,Stop and Shop,222.54,debit,Grocery shopping,Credit Card
04-19-2022,AMC Boston,57.23,debit,Entertainment,Credit Card
04-19-2022,Mama-cita,37.83,debit,Restaurants,Credit Card
04-19-2022,Ace Hardware,170.09,debit,Grocery shopping,Credit Card
04-19-2022,Amazon,76.23,debit,Shopping,Credit Card
04-19-2022,Lyft,19.06,debit,Travel expenses,Credit Card
04-20-2022,Boston Shawarma,47.97,debit,Restaurants,Credit Card
04-20-2022,Amazon,27.95,debit,Shopping,Credit Card
04-20-2022,MBTA,18.34,debit,Travel expenses,Credit Card
04-20-2022,Uber,24.86,debit,Travel expenses,Credit Card
04-21-2022,Lyft,19.73,debit,Travel expenses,Credit Card
04-21-2022,Temu,44.02,debit,Shopping,Credit Card
04-21-2022,Mall,51.99,debit,Shopping,Credit Card
04-22-2022,StandUp show,50.04,debit,Entertainment,Credit Card
04-23-2022,MBTA,23.82,debit,Travel expenses,Credit Card
04-23-2022,Stop and Shop,259.18,debit,Grocery shopping,Credit Card
04-23-2022,Uber,17.46,debit,Travel expenses,Credit Card
04-23-2022,Boston Shawarma,38.23,debit,Restaurants,Credit Card
04-24-2022,Lyft,31.09,debit,Travel expenses,Credit Card
04-24-2022,Boston Halal,56.32,debit,Restaurants,Credit Card
04-24-2022,Uber,14.51,debit,Travel expenses,Credit Card
04-25-2022,Mall,44.28,debit,Shopping,Credit Card
04-25-2022,Dominos,35.04,debit,Restaurants,Credit Card
04-25-2022,Karaoke,43.04,debit,Entertainment,Credit Card
04-26-2022,AMC Boston,29.98,debit,Entertainment,Credit Card
04-27-2022,Credit Transaction,7.61,credit,Cashback Rewards,Savings
04-27-2022,Market Basket,229.22,debit,Grocery shopping,Credit Card
04-27-2022,Mall,53.02,debit,Shopping,Credit Card
04-28-2022,Market Basket,171.88,debit,Grocery shopping,Credit Card
04-28-2022,Ace Hardware,232.47,debit,Grocery shopping,Credit Card
04-28-2022,Ice skating,63.68,debit,Entertainment,Credit Card
04-29-2022,Boston Halal,65.99,debit,Restaurants,Credit Card
04-29-2022,Ace Hardware,239.75,debit,Grocery shopping,Credit Card
04-29-2022,Uber,17.23,debit,Travel expenses,Credit Card
04-29-2022,Mall,20.94,debit,Shopping,Credit Card
04-30-2022,Mall,61.4,debit,Shopping,Credit Card
04-30-2022,Temu,64.66,debit,Shopping,Credit Card
04-30-2022,MBTA,21.39,debit,Travel expenses,Credit Card
05-01-2022,Amazon,27.81,debit,Shopping,Credit Card
05-01-2022,Rent/ Mortgage,1500,debit,Mortgage & Rent,Savings
05-01-2022,Eversource Electricity,55.61,debit,Utilities,Checking
05-01-2022,National Grid Gas,59.68,debit,Utilities,Checking
05-01-2022,Dominos,82.53,debit,Restaurants,Credit Card
05-01-2022,Stop and Shop,257.13,debit,Grocery shopping,Credit Card
05-01-2022,Boston Shawarma,82.75,debit,Restaurants,Credit Card
05-02-2022,Lyft,21.44,debit,Travel expenses,Credit Card
05-03-2022,Trader Joes,202.87,debit,Grocery shopping,Credit Card
05-03-2022,StandUp show,58.12,debit,Entertainment,Credit Card
05-03-2022,Temu,21.41,debit,Shopping,Credit Card
05-04-2022,Boston Halal,60.95,debit,Restaurants,Credit Card
05-04-2022,Boston Shawarma,44.2,debit,Restaurants,Credit Card
05-05-2022,Boston Shawarma,80.34,debit,Restaurants,Credit Card
05-05-2022,Uber,25.54,debit,Travel expenses,Credit Card
05-05-2022,Boston Halal,44.1,debit,Restaurants,Credit Card
05-05-2022,Dominos,50.92,debit,Restaurants,Credit Card
05-05-2022,Mama-cita,48.9,debit,Restaurants,Credit Card
05-06-2022,Boston Shawarma,34.25,debit,Restaurants,Credit Card
05-07-2022,Stop and Shop,186.72,debit,Grocery shopping,Credit Card
05-08-2022,Stop and Shop,204.09,debit,Grocery shopping,Credit Card
05-08-2022,Mama-cita,28.67,debit,Restaurants,Credit Card
05-08-2022,Boston Shawarma,42.79,debit,Restaurants,Credit Card
05-08-2022,Dominos,29.46,debit,Restaurants,Credit Card
05-08-2022,Trader Joes,223.42,debit,Grocery shopping,Credit Card
05-09-2022,Mall,49.71,debit,Shopping,Credit Card
05-09-2022,Dominos,45.92,debit,Restaurants,Credit Card
05-10-2022,Amazon,24.9,debit,Shopping,Credit Card
05-10-2022,AMC Boston,39.54,debit,Entertainment,Credit Card
05-10-2022,Temu,23.97,debit,Shopping,Credit Card
05-10-2022,Uber,22.26,debit,Travel expenses,Credit Card
05-11-2022,MBTA,19.95,debit,Travel expenses,Credit Card
05-11-2022,Uber,18.25,debit,Travel expenses,Credit Card
05-11-2022,Mama-cita,44.86,debit,Restaurants,Credit Card
05-12-2022,Karaoke,44.26,debit,Entertainment,Credit Card
05-13-2022,Lyft,26.36,debit,Travel expenses,Credit Card
05-13-2022,Boston Halal,68.89,debit,Restaurants,Credit Card
05-13-2022,Monthly direct deposit - Salary,7416,credit,Salary,Savings
05-14-2022,Dominos,38.21,debit,Restaurants,Credit Card
05-14-2022,Stop and Shop,254.4,debit,Grocery shopping,Credit Card
05-14-2022,Boston Shawarma,76.19,debit,Restaurants,Credit Card
05-14-2022,Uber,12.67,debit,Travel expenses,Credit Card
05-14-2022,Boston Halal,79.73,debit,Restaurants,Credit Card
05-14-2022,MBTA,16.38,debit,Travel expenses,Credit Card
05-14-2022,Ace Hardware,237.57,debit,Grocery shopping,Credit Card
05-15-2022,Boston Halal,45.3,debit,Restaurants,Credit Card
05-16-2022,Temu,50.99,debit,Shopping,Credit Card
05-16-2022,Amazon,62.54,debit,Shopping,Credit Card
05-17-2022,Stop and Shop,172.9,debit,Grocery shopping,Credit Card
05-17-2022,Credit Transaction,76.88,credit,Dividends,Savings
05-17-2022,Lyft,25.04,debit,Travel expenses,Credit Card
05-19-2022,Uber,13.21,debit,Travel expenses,Credit Card
05-19-2022,Mama-cita,39.83,debit,Restaurants,Credit Card
05-21-2022,Lyft,15.82,debit,Travel expenses,Credit Card
05-22-2022,Mama-cita,70.81,debit,Restaurants,Credit Card
05-22-2022,Amazon,61.99,debit,Shopping,Credit Card
05-22-2022,Uber,15.11,debit,Travel expenses,Credit Card
05-22-2022,Boston Halal,71.21,debit,Restaurants,Credit Card
05-22-2022,Mall,84.07,debit,Shopping,Credit Card
05-23-2022,Dominos,54.49,debit,Restaurants,Credit Card
05-23-2022,Ice skating,64.16,debit,Entertainment,Credit Card
05-23-2022,Mama-cita,69.87,debit,Restaurants,Credit Card
05-23-2022,Boston Halal,68.92,debit,Restaurants,Credit Card
05-23-2022,Boston Shawarma,82.7,debit,Restaurants,Credit Card
05-24-2022,Market Basket,232.11,debit,Grocery shopping,Credit Card
05-24-2022,Trader Joes,165.66,debit,Grocery shopping,Credit Card
05-25-2022,Credit Transaction,13.91,credit,Cashback Rewards,Savings
05-25-2022,Boston Shawarma,65.29,debit,Restaurants,Credit Card
05-25-2022,Boston Halal,64.93,debit,Restaurants,Credit Card
05-26-2022,Mall,23.2,debit,Shopping,Credit Card
05-27-2022,Market Basket,174.86,debit,Grocery shopping,Credit Card
05-27-2022,Uber,27.76,debit,Travel expenses,Credit Card
05-28-2022,Trader Joes,188.88,debit,Grocery shopping,Credit Card
05-29-2022,Uber,22.42,debit,Travel expenses,Credit Card
05-29-2022,Market Basket,247.52,debit,Grocery shopping,Credit Card
05-29-2022,MBTA,30.45,debit,Travel expenses,Credit Card
05-30-2022,Boston Shawarma,81.23,debit,Restaurants,Credit Card
05-30-2022,Dominos,36.78,debit,Restaurants,Credit Card
05-31-2022,Boston Halal,53.97,debit,Restaurants,Credit Card
05-31-2022,Credit Transaction,15.56,credit,Cashback Rewards,Savings
05-31-2022,Temu,28.35,debit,Shopping,Credit Card
06-01-2022,Temu,36.9,debit,Shopping,Credit Card
06-01-2022,Rent/ Mortgage,1500,debit,Mortgage & Rent,Savings
06-01-2022,Eversource Electricity,65.91,debit,Utilities,Checking
06-01-2022,National Grid Gas,64.89,debit,Utilities,Checking
06-01-2022,Amazon,73.24,debit,Shopping,Credit Card
06-01-2022,Mama-cita,41.87,debit,Restaurants,Credit Card
06-01-2022,Mall,39.64,debit,Shopping,Credit Card
06-01-2022,Trader Joes,255.26,debit,Grocery shopping,Credit Card
06-02-2022,Stop and Shop,194.23,debit,Grocery shopping,Credit Card
06-02-2022,Trader Joes,237.72,debit,Grocery shopping,Credit Card
06-02-2022,Credit Transaction,15.42,credit,Cashback Rewards,Savings
06-03-2022,Lyft,17.35,debit,Travel expenses,Credit Card
06-03-2022,Credit Transaction,100.22,credit,Dividends,Savings
06-04-2022,Boston Shawarma,64.44,debit,Restaurants,Credit Card
06-04-2022,Credit Transaction,173.83,credit,Dividends,Savings
06-04-2022,Temu,43.51,debit,Shopping,Credit Card
06-05-2022,Credit Transaction,52.72,credit,Dividends,Savings
06-05-2022,Amazon,68.34,debit,Shopping,Credit Card
06-05-2022,Trader Joes,254.82,debit,Grocery shopping,Credit Card
06-05-2022,Mall,37.29,debit,Shopping,Credit Card
06-05-2022,Temu,57.27,debit,Shopping,Credit Card
06-05-2022,Ice skating,63.86,debit,Entertainment,Credit Card
06-05-2022,Stop and Shop,232.3,debit,Grocery shopping,Credit Card
06-06-2022,Boston Halal,42.49,debit,Restaurants,Credit Card
06-06-2022,Market Basket,186.69,debit,Grocery shopping,Credit Card
06-06-2022,Uber,14.13,debit,Travel expenses,Credit Card
06-06-2022,Dominos,29.93,debit,Restaurants,Credit Card
06-07-2022,Lyft,13.72,debit,Travel expenses,Credit Card
06-07-2022,Ace Hardware,157.99,debit,Grocery shopping,Credit Card
06-07-2022,Stop and Shop,214.41,debit,Grocery shopping,Credit Card
06-08-2022,Boston Halal,46.68,debit,Restaurants,Credit Card
06-08-2022,Amazon,40.7,debit,Shopping,Credit Card
06-09-2022,Boston Shawarma,36.77,debit,Restaurants,Credit Card
06-09-2022,Amazon,21.2,debit,Shopping,Credit Card
06-09-2022,Mama-cita,69.51,debit,Restaurants,Credit Card
06-10-2022,Mama-cita,31.47,debit,Restaurants,Credit Card
06-11-2022,Mama-cita,53.2,debit,Restaurants,Credit Card
06-11-2022,Boston Halal,57.68,debit,Restaurants,Credit Card
06-12-2022,Stop and Shop,203.14,debit,Grocery shopping,Credit Card
06-12-2022,Temu,82.29,debit,Shopping,Credit Card
06-13-2022,Monthly direct deposit - Salary,7416,credit,Salary,Savings
06-14-2022,Trader Joes,159.8,debit,Grocery shopping,Credit Card
06-14-2022,StandUp show,53.59,debit,Entertainment,Credit Card
06-15-2022,MBTA,27.15,debit,Travel expenses,Credit Card
06-15-2022,Ace Hardware,210.85,debit,Grocery shopping,Credit Card
06-15-2022,Uber,22.7,debit,Travel expenses,Credit Card
06-16-2022,Boston Halal,72.54,debit,Restaurants,Credit Card
06-16-2022,Credit Transaction,53.88,credit,Dividends,Savings
06-16-2022,Mama-cita,49.7,debit,Restaurants,Credit Card
06-17-2022,Lyft,13.61,debit,Travel expenses,Credit Card
06-17-2022,StandUp show,23.15,debit,Entertainment,Credit Card
06-17-2022,Credit Transaction,108.75,credit,Dividends,Savings
06-17-2022,Amazon,75.29,debit,Shopping,Credit Card
06-18-2022,Amazon,29.49,debit,Shopping,Credit Card
06-18-2022,Market Basket,158.43,debit,Grocery shopping,Credit Card
06-18-2022,Boston Shawarma,70.64,debit,Restaurants,Credit Card
06-18-2022,Boston Halal,54.47,debit,Restaurants,Credit Card
06-18-2022,Dominos,49.61,debit,Restaurants,Credit Card
06-18-2022,Ace Hardware,184.15,debit,Grocery shopping,Credit Card
06-18-2022,Mama-cita,65.5,debit,Restaurants,Credit Card
06-19-2022,Trader Joes,214.42,debit,Grocery shopping,Credit Card
06-19-2022,Boston Halal,26.8,debit,Restaurants,Credit Card
06-19-2022,Temu,44.73,debit,Shopping,Credit Card
06-19-2022,Mall,30.19,debit,Shopping,Credit Card
06-20-2022,Karaoke,63.65,debit,Entertainment,Credit Card
06-21-2022,Lyft,30.6,debit,Travel expenses,Credit Card
06-22-2022,Ace Hardware,247.28,debit,Grocery shopping,Credit Card
06-22-2022,Boston Shawarma,46.91,debit,Restaurants,Credit Card
06-23-2022,Market Basket,236.69,debit,Grocery shopping,Credit Card
06-25-2022,Dominos,41.73,debit,Restaurants,Credit Card
06-25-2022,MBTA,22.42,debit,Travel expenses,Credit Card
06-25-2022,Mama-cita,36.08,debit,Restaurants,Credit Card
06-25-2022,Lyft,30.66,debit,Travel expenses,Credit Card
06-26-2022,Mama-cita,73.39,debit,Restaurants,Credit Card
06-26-2022,Boston Halal,30.52,debit,Restaurants,Credit Card
06-26-2022,Trader Joes,197.39,debit,Grocery shopping,Credit Card
06-27-2022,MBTA,15.67,debit,Travel expenses,Credit Card
06-27-2022,Amazon,28.53,debit,Shopping,Credit Card
06-28-2022,Lyft,10.51,debit,Travel expenses,Credit Card
06-28-2022,Amazon,38.65,debit,Shopping,Credit Card
06-29-2022,Trader Joes,231.55,debit,Grocery shopping,Credit Card
06-29-2022,Mama-cita,59.07,debit,Restaurants,Credit Card
06-29-2022,Dominos,58.28,debit,Restaurants,Credit Card
06-30-2022,Amazon,58.31,debit,Shopping,Credit Card
07-01-2022,Ice skating,54.83,debit,Entertainment,Credit Card
07-01-2022,Rent/ Mortgage,1500,debit,Mortgage & Rent,Savings
07-01-2022,Eversource Electricity,77.48,debit,Utilities,Checking
07-01-2022,National Grid Gas,59.08,debit,Utilities,Checking
07-01-2022,Boston Shawarma,80.42,debit,Restaurants,Credit Card
07-02-2022,Uber,18.4,debit,Travel expenses,Credit Card
07-02-2022,Market Basket,253.42,debit,Grocery shopping,Credit Card
07-02-2022,Stop and Shop,226.75,debit,Grocery shopping,Credit Card
07-02-2022,Boston Halal,27.8,debit,Restaurants,Credit Card
07-03-2022,Mall,61.93,debit,Shopping,Credit Card
07-04-2022,Dominos,68.08,debit,Restaurants,Credit Card
07-04-2022,Credit Transaction,131.24,credit,Dividends,Savings
07-05-2022,Market Basket,256.46,debit,Grocery shopping,Credit Card
07-05-2022,Stop and Shop,194.09,debit,Grocery shopping,Credit Card
07-06-2022,Ace Hardware,164.27,debit,Grocery shopping,Credit Card
07-06-2022,Boston Halal,57.76,debit,Restaurants,Credit Card
07-06-2022,Market Basket,204.11,debit,Grocery shopping,Credit Card
07-07-2022,Mama-cita,47.85,debit,Restaurants,Credit Card
07-07-2022,Boston Shawarma,29.1,debit,Restaurants,Credit Card
07-07-2022,Market Basket,199.8,debit,Grocery shopping,Credit Card
07-08-2022,Karaoke,56.01,debit,Entertainment,Credit Card
07-08-2022,Boston Halal,80.42,debit,Restaurants,Credit Card
07-09-2022,Credit Transaction,15.04,credit,Cashback Rewards,Savings
07-09-2022,Mall,28.56,debit,Shopping,Credit Card
07-09-2022,Lyft,24.4,debit,Travel expenses,Credit Card
07-09-2022,Dominos,52.78,debit,Restaurants,Credit Card
07-10-2022,Market Basket,164.26,debit,Grocery shopping,Credit Card
07-10-2022,Ace Hardware,176.09,debit,Grocery shopping,Credit Card
07-10-2022,Trader Joes,167.19,debit,Grocery shopping,Credit Card
07-11-2022,Uber,25.95,debit,Travel expenses,Credit Card
07-12-2022,Uber,18.89,debit,Travel expenses,Credit Card
07-12-2022,Lyft,15.56,debit,Travel expenses,Credit Card
07-12-2022,Trader Joes,226.54,debit,Grocery shopping,Credit Card
07-13-2022,Credit Transaction,17.5,credit,Cashback Rewards,Savings
07-13-2022,Monthly direct deposit - Salary,7416,credit,Salary,Savings
07-13-2022,MBTA,18.36,debit,Travel expenses,Credit Card
07-14-2022,Dominos,50.69,debit,Restaurants,Credit Card
07-14-2022,Mama-cita,56.62,debit,Restaurants,Credit Card
07-14-2022,Amazon,75.03,debit,Shopping,Credit Card
07-15-2022,Mall,76.69,debit,Shopping,Credit Card
07-15-2022,Uber,22.49,debit,Travel expenses,Credit Card
07-15-2022,Temu,40.57,debit,Shopping,Credit Card
07-15-2022,Ace Hardware,157.52,debit,Grocery shopping,Credit Card
07-15-2022,Stop and Shop,214.15,debit,Grocery shopping,Credit Card
07-16-2022,Mall,67.61,debit,Shopping,Credit Card
07-17-2022,Uber,30.72,debit,Travel expenses,Credit Card
07-17-2022,Lyft,26.84,debit,Travel expenses,Credit Card
07-18-2022,Uber,30.04,debit,Travel expenses,Credit Card
07-18-2022,Amazon,46.75,debit,Shopping,Credit Card
07-18-2022,Boston Shawarma,53.67,debit,Restaurants,Credit Card
07-19-2022,Dominos,59.83,debit,Restaurants,Credit Card
07-19-2022,Amazon,40.45,debit,Shopping,Credit Card
07-20-2022,Boston Shawarma,70.3,debit,Restaurants,Credit Card
07-20-2022,Dominos,33.36,debit,Restaurants,Credit Card
07-21-2022,Amazon,25.22,debit,Shopping,Credit Card
07-21-2022,Ace Hardware,228.31,debit,Grocery shopping,Credit Card
07-21-2022,Mall,67.3,debit,Shopping,Credit Card
07-22-2022,Trader Joes,156.36,debit,Grocery shopping,Credit Card
07-23-2022,Temu,65.15,debit,Shopping,Credit Card
07-23-2022,Dominos,61.51,debit,Restaurants,Credit Card
07-23-2022,Trader Joes,157.14,debit,Grocery shopping,Credit Card
07-23-2022,Credit Transaction,16.39,credit,Cashback Rewards,Savings
07-23-2022,Karaoke,58.99,debit,Entertainment,Credit Card
07-24-2022,Dominos,78,debit,Restaurants,Credit Card
07-24-2022,MBTA,24.96,debit,Travel expenses,Credit Card
07-24-2022,Mall,74.74,debit,Shopping,Credit Card
07-24-2022,Uber,15.08,debit,Travel expenses,Credit Card
07-25-2022,Amazon,52.85,debit,Shopping,Credit Card
07-26-2022,Dominos,67.4,debit,Restaurants,Credit Card
07-26-2022,Uber,19.98,debit,Travel expenses,Credit Card
07-26-2022,Mall,82.62,debit,Shopping,Credit Card
07-27-2022,Ace Hardware,199.55,debit,Grocery shopping,Credit Card
07-27-2022,Uber,19.31,debit,Travel expenses,Credit Card
07-28-2022,Market Basket,178.76,debit,Grocery shopping,Credit Card
07-28-2022,Ice skating,49.38,debit,Entertainment,Credit Card
07-28-2022,Mama-cita,59.82,debit,Restaurants,Credit Card
07-29-2022,Karaoke,26.07,debit,Entertainment,Credit Card
07-29-2022,Boston Shawarma,70.03,debit,Restaurants,Credit Card
07-29-2022,Dominos,26.01,debit,Restaurants,Credit Card
07-29-2022,Mama-cita,80.45,debit,Restaurants,Credit Card
07-29-2022,Credit Transaction,8.17,credit,Cashback Rewards,Savings
07-29-2022,Boston Halal,56.44,debit,Restaurants,Credit Card
07-31-2022,Stop and Shop,233.23,debit,Grocery shopping,Credit Card
07-31-2022,Dominos,55.19,debit,Restaurants,Credit Card
08-01-2022,Rent/ Mortgage,1500,debit,Mortgage & Rent,Savings
08-01-2022,Eversource Electricity,68.09,debit,Utilities,Checking
08-01-2022,National Grid Gas,72.01,debit,Utilities,Checking
08-02-2022,Market Basket,201.27,debit,Grocery shopping,Credit Card
08-02-2022,Mall,44.01,debit,Shopping,Credit Card
08-04-2022,Market Basket,248.36,debit,Grocery shopping,Credit Card
08-04-2022,Trader Joes,169.9,debit,Grocery shopping,Credit Card
08-04-2022,Dominos,52.19,debit,Restaurants,Credit Card
08-04-2022,Boston Shawarma,46.33,debit,Restaurants,Credit Card
08-05-2022,Stop and Shop,194.67,debit,Grocery shopping,Credit Card
08-06-2022,Temu,82.45,debit,Shopping,Credit Card
08-06-2022,Mall,41.77,debit,Shopping,Credit Card
08-06-2022,Boston Shawarma,66.15,debit,Restaurants,Credit Card
08-06-2022,StandUp show,55.95,debit,Entertainment,Credit Card
08-07-2022,Market Basket,257.5,debit,Grocery shopping,Credit Card
08-07-2022,Stop and Shop,167.95,debit,Grocery shopping,Credit Card
08-07-2022,Uber,21.23,debit,Travel expenses,Credit Card
08-08-2022,AMC Boston,51.24,debit,Entertainment,Credit Card
08-09-2022,Mama-cita,84.39,debit,Restaurants,Credit Card
08-09-2022,Uber,11.25,debit,Travel expenses,Credit Card
08-09-2022,Mall,55.23,debit,Shopping,Credit Card
08-09-2022,Dominos,48.3,debit,Restaurants,Credit Card
08-09-2022,Credit Transaction,18.23,credit,Cashback Rewards,Savings
08-10-2022,Trader Joes,188.7,debit,Grocery shopping,Credit Card
08-10-2022,Lyft,22.83,debit,Travel expenses,Credit Card
08-11-2022,Boston Shawarma,55,debit,Restaurants,Credit Card
08-11-2022,Boston Halal,62.81,debit,Restaurants,Credit Card
08-11-2022,MBTA,12.64,debit,Travel expenses,Credit Card
08-12-2022,Uber,20.18,debit,Travel expenses,Credit Card
08-12-2022,Boston Shawarma,46.15,debit,Restaurants,Credit Card
08-12-2022,Credit Transaction,51.14,credit,Dividends,Savings
08-12-2022,Mama-cita,30.91,debit,Restaurants,Credit Card
08-13-2022,Dominos,28.16,debit,Restaurants,Credit Card
08-13-2022,Monthly direct deposit - Salary,7416,credit,Salary,Savings
08-13-2022,Boston Shawarma,46.75,debit,Restaurants,Credit Card
08-15-2022,Credit Transaction,17.76,credit,Cashback Rewards,Savings
08-15-2022,Temu,78.21,debit,Shopping,Credit Card
08-15-2022,Boston Shawarma,69.12,debit,Restaurants,Credit Card
08-15-2022,Stop and Shop,262.3,debit,Grocery shopping,Credit Card
08-16-2022,Stop and Shop,182.6,debit,Grocery shopping,Credit Card
08-16-2022,Lyft,30.84,debit,Travel expenses,Credit Card
08-17-2022,Amazon,66.5,debit,Shopping,Credit Card
08-18-2022,Temu,77.65,debit,Shopping,Credit Card
08-18-2022,Mall,46.79,debit,Shopping,Credit Card
08-18-2022,Market Basket,226.21,debit,Grocery shopping,Credit Card
08-18-2022,Trader Joes,254.66,debit,Grocery shopping,Credit Card
08-19-2022,Temu,46.71,debit,Shopping,Credit Card
08-19-2022,MBTA,18.48,debit,Travel expenses,Credit Card
08-19-2022,Boston Shawarma,69.66,debit,Restaurants,Credit Card
08-20-2022,Uber,14.4,debit,Travel expenses,Credit Card
08-21-2022,Temu,41.14,debit,Shopping,Credit Card
08-21-2022,Mama-cita,27.7,debit,Restaurants,Credit Card
08-21-2022,MBTA,21.89,debit,Travel expenses,Credit Card
08-22-2022,Dominos,61.01,debit,Restaurants,Credit Card
08-24-2022,Dominos,81.49,debit,Restaurants,Credit Card
08-24-2022,Temu,64.41,debit,Shopping,Credit Card
08-25-2022,Boston Shawarma,38.15,debit,Restaurants,Credit Card
08-25-2022,Mama-cita,84.7,debit,Restaurants,Credit Card
08-26-2022,MBTA,31.39,debit,Travel expenses,Credit Card
08-27-2022,Mall,62.85,debit,Shopping,Credit Card
08-28-2022,Credit Transaction,19.15,credit,Cashback Rewards,Savings
08-28-2022,Mama-cita,77.56,debit,Restaurants,Credit Card
08-28-2022,Boston Halal,60.62,debit,Restaurants,Credit Card
08-28-2022,Dominos,43.76,debit,Restaurants,Credit Card
08-28-2022,Boston Shawarma,42.22,debit,Restaurants,Credit Card
08-29-2022,Ace Hardware,173.49,debit,Grocery shopping,Credit Card
08-29-2022,Lyft,27.92,debit,Travel expenses,Credit Card
08-29-2022,AMC Boston,62.09,debit,Entertainment,Credit Card
08-29-2022,Amazon,78.32,debit,Shopping,Credit Card
08-30-2022,Mall,38.28,debit,Shopping,Credit Card
08-30-2022,Mama-cita,37.9,debit,Restaurants,Credit Card
08-30-2022,Boston Shawarma,37.96,debit,Restaurants,Credit Card
08-30-2022,Dominos,29.26,debit,Restaurants,Credit Card
08-31-2022,Amazon,44.67,debit,Shopping,Credit Card
09-01-2022,Mall,35.64,debit,Shopping,Credit Card
09-01-2022,Uber,17.87,debit,Travel expenses,Credit Card
09-01-2022,Boston Halal,83.13,debit,Restaurants,Credit Card
09-01-2022,Stop and Shop,204.08,debit,Grocery shopping,Credit Card
09-01-2022,Eversource Electricity,71.9,debit,Utilities,Checking
09-01-2022,Rent/ Mortgage,1600,debit,Mortgage & Rent,Savings
09-01-2022,National Grid Gas,62.98,debit,Utilities,Checking
09-02-2022,Lyft,21.16,debit,Travel expenses,Credit Card
09-02-2022,Dominos,47.94,debit,Restaurants,Credit Card
09-02-2022,Temu,82.17,debit,Shopping,Credit Card
09-02-2022,Trader Joes,251.52,debit,Grocery shopping,Credit Card
09-03-2022,MBTA,21.9,debit,Travel expenses,Credit Card
09-03-2022,Uber,23.76,debit,Travel expenses,Credit Card
09-03-2022,Credit Transaction,3.14,credit,Cashback Rewards,Savings
09-03-2022,Boston Shawarma,72.03,debit,Restaurants,Credit Card
09-03-2022,Mall,57.23,debit,Shopping,Credit Card
09-03-2022,Lyft,12.52,debit,Travel expenses,Credit Card
09-04-2022,AMC Boston,21.96,debit,Entertainment,Credit Card
09-04-2022,Temu,52.57,debit,Shopping,Credit Card
09-04-2022,Credit Transaction,160.22,credit,Dividends,Savings
09-04-2022,Boston Halal,60.19,debit,Restaurants,Credit Card
09-04-2022,Market Basket,163.58,debit,Grocery shopping,Credit Card
09-05-2022,Ace Hardware,191.88,debit,Grocery shopping,Credit Card
09-05-2022,Boston Shawarma,66.79,debit,Restaurants,Credit Card
09-06-2022,Stop and Shop,240.56,debit,Grocery shopping,Credit Card
09-06-2022,StandUp show,34.56,debit,Entertainment,Credit Card
09-06-2022,Mall,48.01,debit,Shopping,Credit Card
09-07-2022,Boston Shawarma,50.8,debit,Restaurants,Credit Card
09-07-2022,Mama-cita,36.85,debit,Restaurants,Credit Card
09-08-2022,Mall,52.36,debit,Shopping,Credit Card
09-08-2022,Boston Shawarma,41.19,debit,Restaurants,Credit Card
09-08-2022,MBTA,29.72,debit,Travel expenses,Credit Card
09-08-2022,Amazon,66.04,debit,Shopping,Credit Card
09-09-2022,Temu,74.49,debit,Shopping,Credit Card
09-09-2022,Stop and Shop,162.19,debit,Grocery shopping,Credit Card
09-10-2022,Credit Transaction,7.41,credit,Cashback Rewards,Savings
09-10-2022,Credit Transaction,188.45,credit,Dividends,Savings
09-11-2022,Boston Halal,58.38,debit,Restaurants,Credit Card
09-11-2022,Lyft,21.77,debit,Travel expenses,Credit Card
09-11-2022,MBTA,20.07,debit,Travel expenses,Credit Card
09-11-2022,Mama-cita,82.58,debit,Restaurants,Credit Card
09-11-2022,Dominos,29.12,debit,Restaurants,Credit Card
09-11-2022,Boston Shawarma,46.41,debit,Restaurants,Credit Card
09-12-2022,Dominos,57.46,debit,Restaurants,Credit Card
09-12-2022,Mama-cita,46.21,debit,Restaurants,Credit Card
09-12-2022,Amazon,45.69,debit,Shopping,Credit Card
09-13-2022,Monthly direct deposit - Salary,7416,credit,Salary,Savings
09-13-2022,Dominos,35.73,debit,Restaurants,Credit Card
09-13-2022,Credit Transaction,102.27,credit,Dividends,Savings
09-13-2022,Trader Joes,235.39,debit,Grocery shopping,Credit Card
09-14-2022,Stop and Shop,211.25,debit,Grocery shopping,Credit Card
09-14-2022,Uber,21.4,debit,Travel expenses,Credit Card
09-14-2022,Mall,83.92,debit,Shopping,Credit Card
09-15-2022,Lyft,16.65,debit,Travel expenses,Credit Card
09-15-2022,Mama-cita,36.72,debit,Restaurants,Credit Card
09-15-2022,MBTA,17.29,debit,Travel expenses,Credit Card
09-15-2022,Mall,48.53,debit,Shopping,Credit Card
09-17-2022,Mama-cita,46.32,debit,Restaurants,Credit Card
09-17-2022,Dominos,70.48,debit,Restaurants,Credit Card
09-17-2022,Temu,41.37,debit,Shopping,Credit Card
09-17-2022,Lyft,17.78,debit,Travel expenses,Credit Card
09-18-2022,Dominos,69.22,debit,Restaurants,Credit Card
09-18-2022,Stop and Shop,257.58,debit,Grocery shopping,Credit Card
09-19-2022,Credit Transaction,9.15,credit,Cashback Rewards,Savings
09-19-2022,Ace Hardware,179.42,debit,Grocery shopping,Credit Card
09-19-2022,Trader Joes,190.68,debit,Grocery shopping,Credit Card
09-19-2022,Boston Shawarma,48.97,debit,Restaurants,Credit Card
09-20-2022,Credit Transaction,11.08,credit,Cashback Rewards,Savings
09-20-2022,MBTA,26.16,debit,Travel expenses,Credit Card
09-20-2022,Amazon,55.58,debit,Shopping,Credit Card
09-20-2022,Mall,81.7,debit,Shopping,Credit Card
09-20-2022,Temu,54.16,debit,Shopping,Credit Card
09-21-2022,Market Basket,174,debit,Grocery shopping,Credit Card
09-21-2022,Ace Hardware,227.9,debit,Grocery shopping,Credit Card
09-21-2022,Mall,44.17,debit,Shopping,Credit Card
09-21-2022,Trader Joes,247.32,debit,Grocery shopping,Credit Card
09-21-2022,Dominos,47.92,debit,Restaurants,Credit Card
09-21-2022,Amazon,46.37,debit,Shopping,Credit Card
09-22-2022,Stop and Shop,165.25,debit,Grocery shopping,Credit Card
09-22-2022,Boston Halal,45.4,debit,Restaurants,Credit Card
09-22-2022,Trader Joes,177.58,debit,Grocery shopping,Credit Card
09-22-2022,Ace Hardware,213.64,debit,Grocery shopping,Credit Card
09-22-2022,Market Basket,246.9,debit,Grocery shopping,Credit Card
09-23-2022,Market Basket,239.28,debit,Grocery shopping,Credit Card
09-23-2022,Boston Halal,56.88,debit,Restaurants,Credit Card
09-23-2022,Mall,42.93,debit,Shopping,Credit Card
09-24-2022,Dominos,63.9,debit,Restaurants,Credit Card
09-24-2022,Amazon,77.27,debit,Shopping,Credit Card
09-24-2022,StandUp show,31.84,debit,Entertainment,Credit Card
09-25-2022,MBTA,21.28,debit,Travel expenses,Credit Card
09-25-2022,Boston Shawarma,74.54,debit,Restaurants,Credit Card
09-26-2022,Mama-cita,50.96,debit,Restaurants,Credit Card
09-26-2022,Ace Hardware,160.64,debit,Grocery shopping,Credit Card
09-26-2022,Mall,41.6,debit,Shopping,Credit Card
09-27-2022,Boston Shawarma,53.05,debit,Restaurants,Credit Card
09-27-2022,Dominos,71.96,debit,Restaurants,Credit Card
09-27-2022,Ace Hardware,255.99,debit,Grocery shopping,Credit Card
09-27-2022,Market Basket,215.93,debit,Grocery shopping,Credit Card
09-27-2022,Mama-cita,70.49,debit,Restaurants,Credit Card
09-27-2022,Boston Halal,71.04,debit,Restaurants,Credit Card
09-28-2022,Karaoke,50.05,debit,Entertainment,Credit Card
09-28-2022,Trader Joes,241.15,debit,Grocery shopping,Credit Card
09-29-2022,Ace Hardware,228.21,debit,Grocery shopping,Credit Card
09-30-2022,Market Basket,235.78,debit,Grocery shopping,Credit Card
09-30-2022,Boston Shawarma,79.75,debit,Restaurants,Credit Card
09-30-2022,Amazon,59.6,debit,Shopping,Credit Card
10-01-2022,Rent/ Mortgage,1600,debit,Mortgage & Rent,Savings
10-01-2022,Eversource Electricity,50.7,debit,Utilities,Checking
10-01-2022,National Grid Gas,61.01,debit,Utilities,Checking
10-01-2022,Heating fuel,213.54,debit,Utilities,Checking
10-01-2022,Mall,63.91,debit,Shopping,Credit Card
10-01-2022,Uber,13.57,debit,Travel expenses,Credit Card
10-02-2022,Dominos,50.83,debit,Restaurants,Credit Card
10-02-2022,Boston Shawarma,78.25,debit,Restaurants,Credit Card
10-02-2022,Mama-cita,27.35,debit,Restaurants,Credit Card
10-03-2022,Boston Shawarma,55.6,debit,Restaurants,Credit Card
10-03-2022,Stop and Shop,188.98,debit,Grocery shopping,Credit Card
10-03-2022,Ice skating,43.69,debit,Entertainment,Credit Card
10-04-2022,Temu,82.54,debit,Shopping,Credit Card
10-04-2022,StandUp show,26.19,debit,Entertainment,Credit Card
10-04-2022,Amazon,35.13,debit,Shopping,Credit Card
10-04-2022,AMC Boston,46.51,debit,Entertainment,Credit Card
10-05-2022,Credit Transaction,17.94,credit,Cashback Rewards,Savings
10-06-2022,Mama-cita,74.32,debit,Restaurants,Credit Card
10-06-2022,Credit Transaction,6.47,credit,Cashback Rewards,Savings
10-06-2022,Dominos,42.43,debit,Restaurants,Credit Card
10-07-2022,Boston Shawarma,68.14,debit,Restaurants,Credit Card
10-08-2022,Temu,22.12,debit,Shopping,Credit Card
10-08-2022,Dominos,43.74,debit,Restaurants,Credit Card
10-08-2022,Boston Shawarma,27.4,debit,Restaurants,Credit Card
10-08-2022,Amazon,72.64,debit,Shopping,Credit Card
10-08-2022,Mama-cita,43.52,debit,Restaurants,Credit Card
10-09-2022,Mall,28.31,debit,Shopping,Credit Card
10-09-2022,Stop and Shop,226.22,debit,Grocery shopping,Credit Card
10-09-2022,Market Basket,177.72,debit,Grocery shopping,Credit Card
10-09-2022,Temu,70.5,debit,Shopping,Credit Card
10-10-2022,AMC Boston,29.91,debit,Entertainment,Credit Card
10-10-2022,Trader Joes,215.44,debit,Grocery shopping,Credit Card
10-10-2022,Boston Halal,35.74,debit,Restaurants,Credit Card
10-11-2022,Mama-cita,60.28,debit,Restaurants,Credit Card
10-11-2022,Boston Shawarma,26.11,debit,Restaurants,Credit Card
10-12-2022,Mama-cita,34.75,debit,Restaurants,Credit Card
10-12-2022,Ice skating,32.88,debit,Entertainment,Credit Card
10-12-2022,Mall,56.1,debit,Shopping,Credit Card
10-12-2022,Temu,73.19,debit,Shopping,Credit Card
10-12-2022,Dominos,29.45,debit,Restaurants,Credit Card
10-12-2022,MBTA,16.24,debit,Travel expenses,Credit Card
10-13-2022,Karaoke,41.34,debit,Entertainment,Credit Card
10-13-2022,Mama-cita,80.75,debit,Restaurants,Credit Card
10-13-2022,Dominos,74.14,debit,Restaurants,Credit Card
10-13-2022,Monthly direct deposit - Salary,7416,credit,Salary,Savings
10-13-2022,Boston Halal,75.15,debit,Restaurants,Credit Card
10-13-2022,Boston Shawarma,72.87,debit,Restaurants,Credit Card
10-14-2022,MBTA,11.6,debit,Travel expenses,Credit Card
10-14-2022,Boston Halal,81.72,debit,Restaurants,Credit Card
10-15-2022,Dominos,69.84,debit,Restaurants,Credit Card
10-15-2022,Boston Halal,53.16,debit,Restaurants,Credit Card
10-15-2022,Boston Shawarma,57.44,debit,Restaurants,Credit Card
10-16-2022,Stop and Shop,232.18,debit,Grocery shopping,Credit Card
10-17-2022,Boston Shawarma,34.93,debit,Restaurants,Credit Card
10-17-2022,Amazon,21.01,debit,Shopping,Credit Card
10-17-2022,AMC Boston,49.82,debit,Entertainment,Credit Card
10-17-2022,Boston Halal,29.03,debit,Restaurants,Credit Card
10-18-2022,Dominos,33,debit,Restaurants,Credit Card
10-18-2022,Boston Halal,69.37,debit,Restaurants,Credit Card
10-18-2022,Mall,32.27,debit,Shopping,Credit Card
10-18-2022,Trader Joes,199.14,debit,Grocery shopping,Credit Card
10-19-2022,Boston Shawarma,46.03,debit,Restaurants,Credit Card
10-19-2022,Mama-cita,64.82,debit,Restaurants,Credit Card
10-19-2022,Mall,27.52,debit,Shopping,Credit Card
10-20-2022,Ace Hardware,174.47,debit,Grocery shopping,Credit Card
10-20-2022,AMC Boston,22.57,debit,Entertainment,Credit Card
10-20-2022,Trader Joes,257.83,debit,Grocery shopping,Credit Card
10-20-2022,Mall,67.33,debit,Shopping,Credit Card
10-21-2022,Ace Hardware,232.64,debit,Grocery shopping,Credit Card
10-21-2022,MBTA,25.15,debit,Travel expenses,Credit Card
10-21-2022,Amazon,47.67,debit,Shopping,Credit Card
10-21-2022,Mall,61.06,debit,Shopping,Credit Card
10-21-2022,Temu,61.04,debit,Shopping,Credit Card
10-22-2022,Boston Halal,71.98,debit,Restaurants,Credit Card
10-22-2022,Temu,77.34,debit,Shopping,Credit Card
10-22-2022,Mall,63.53,debit,Shopping,Credit Card
10-23-2022,AMC Boston,31.54,debit,Entertainment,Credit Card
10-23-2022,MBTA,29.88,debit,Travel expenses,Credit Card
10-24-2022,Dominos,42.84,debit,Restaurants,Credit Card
10-24-2022,Mama-cita,66.71,debit,Restaurants,Credit Card
10-24-2022,Karaoke,28.05,debit,Entertainment,Credit Card
10-24-2022,MBTA,12.71,debit,Travel expenses,Credit Card
10-25-2022,Stop and Shop,258.21,debit,Grocery shopping,Credit Card
10-25-2022,Amazon,82.67,debit,Shopping,Credit Card
10-25-2022,Uber,25.7,debit,Travel expenses,Credit Card
10-26-2022,Dominos,53.99,debit,Restaurants,Credit Card
10-26-2022,Mama-cita,30.45,debit,Restaurants,Credit Card
10-26-2022,Boston Halal,61.91,debit,Restaurants,Credit Card
10-26-2022,Mall,24.44,debit,Shopping,Credit Card
10-26-2022,Credit Transaction,14.42,credit,Cashback Rewards,Savings
10-26-2022,Temu,50.16,debit,Shopping,Credit Card
10-27-2022,Mama-cita,79.02,debit,Restaurants,Credit Card
10-27-2022,Market Basket,217.91,debit,Grocery shopping,Credit Card
10-27-2022,Dominos,56.12,debit,Restaurants,Credit Card
10-27-2022,Amazon,69.03,debit,Shopping,Credit Card
10-27-2022,Temu,79.68,debit,Shopping,Credit Card
10-27-2022,Ace Hardware,207.97,debit,Grocery shopping,Credit Card
10-28-2022,Market Basket,206.59,debit,Grocery shopping,Credit Card
10-28-2022,Uber,14.27,debit,Travel expenses,Credit Card
10-28-2022,Lyft,12.76,debit,Travel expenses,Credit Card
10-28-2022,Ace Hardware,166.86,debit,Grocery shopping,Credit Card
10-28-2022,MBTA,23.48,debit,Travel expenses,Credit Card
10-28-2022,Mama-cita,31.46,debit,Restaurants,Credit Card
10-29-2022,Amazon,33.58,debit,Shopping,Credit Card
10-29-2022,Market Basket,219.22,debit,Grocery shopping,Credit Card
10-30-2022,Temu,67.75,debit,Shopping,Credit Card
10-30-2022,Amazon,75.41,debit,Shopping,Credit Card
10-30-2022,Lyft,29.19,debit,Travel expenses,Credit Card
10-30-2022,Boston Shawarma,59.11,debit,Restaurants,Credit Card
10-30-2022,Mama-cita,77.56,debit,Restaurants,Credit Card
10-30-2022,AMC Boston,56.12,debit,Entertainment,Credit Card
10-30-2022,Mall,44.87,debit,Shopping,Credit Card
10-30-2022,Market Basket,228.89,debit,Grocery shopping,Credit Card
10-31-2022,Boston Shawarma,32.42,debit,Restaurants,Credit Card
10-31-2022,Trader Joes,184.63,debit,Grocery shopping,Credit Card
10-31-2022,Amazon,56.22,debit,Shopping,Credit Card
10-31-2022,Ace Hardware,221.39,debit,Grocery shopping,Credit Card
11-01-2022,Boston Shawarma,48.93,debit,Restaurants,Credit Card
11-01-2022,Rent/ Mortgage,1600,debit,Mortgage & Rent,Savings
11-01-2022,Eversource Electricity,79.26,debit,Utilities,Checking
11-01-2022,National Grid Gas,74.95,debit,Utilities,Checking
11-01-2022,Heating fuel,186.16,debit,Utilities,Checking
11-01-2022,Dominos,49.19,debit,Restaurants,Credit Card
11-01-2022,Ace Hardware,252.52,debit,Grocery shopping,Credit Card
11-01-2022,Mama-cita,35.66,debit,Restaurants,Credit Card
11-01-2022,Boston Halal,78.35,debit,Restaurants,Credit Card
11-01-2022,Stop and Shop,226.25,debit,Grocery shopping,Credit Card
11-02-2022,Mama-cita,48.61,debit,Restaurants,Credit Card
11-02-2022,Credit Transaction,100.75,credit,Dividends,Savings
11-02-2022,Lyft,23.02,debit,Travel expenses,Credit Card
11-03-2022,Boston Halal,56.87,debit,Restaurants,Credit Card
11-03-2022,StandUp show,69.74,debit,Entertainment,Credit Card
11-03-2022,Mall,62.98,debit,Shopping,Credit Card
11-03-2022,Dominos,28.36,debit,Restaurants,Credit Card
11-03-2022,Ice skating,31.19,debit,Entertainment,Credit Card
11-03-2022,Mama-cita,67.06,debit,Restaurants,Credit Card
11-04-2022,Amazon,26.4,debit,Shopping,Credit Card
11-04-2022,MBTA,15.87,debit,Travel expenses,Credit Card
11-04-2022,Credit Transaction,11.42,credit,Cashback Rewards,Savings
11-04-2022,Boston Halal,29.48,debit,Restaurants,Credit Card
11-04-2022,Credit Transaction,18.66,credit,Cashback Rewards,Savings
11-05-2022,Mama-cita,74.95,debit,Restaurants,Credit Card
11-05-2022,Dominos,74.82,debit,Restaurants,Credit Card
11-06-2022,Boston Halal,39.15,debit,Restaurants,Credit Card
11-06-2022,Dominos,49.07,debit,Restaurants,Credit Card
11-06-2022,Temu,47.46,debit,Shopping,Credit Card
11-07-2022,Mama-cita,77,debit,Restaurants,Credit Card
11-07-2022,Amazon,81.28,debit,Shopping,Credit Card
11-08-2022,Trader Joes,256.43,debit,Grocery shopping,Credit Card
11-09-2022,Amazon,26.84,debit,Shopping,Credit Card
11-09-2022,Uber,22.2,debit,Travel expenses,Credit Card
11-09-2022,Ace Hardware,236.43,debit,Grocery shopping,Credit Card
11-09-2022,Trader Joes,188.69,debit,Grocery shopping,Credit Card
11-09-2022,Mama-cita,36.84,debit,Restaurants,Credit Card
11-10-2022,Dominos,76.8,debit,Restaurants,Credit Card
11-10-2022,Boston Shawarma,44.25,debit,Restaurants,Credit Card
11-10-2022,Lyft,12.75,debit,Travel expenses,Credit Card
11-10-2022,Market Basket,181.59,debit,Grocery shopping,Credit Card
11-10-2022,Mama-cita,64.13,debit,Restaurants,Credit Card
11-11-2022,Uber,30.63,debit,Travel expenses,Credit Card
11-12-2022,MBTA,19.74,debit,Travel expenses,Credit Card
11-12-2022,Boston Shawarma,71.47,debit,Restaurants,Credit Card
11-13-2022,Dominos,53.9,debit,Restaurants,Credit Card
11-13-2022,Credit Transaction,6.42,credit,Cashback Rewards,Savings
11-13-2022,Credit Transaction,19.14,credit,Cashback Rewards,Savings
11-13-2022,Uber,24.11,debit,Travel expenses,Credit Card
11-13-2022,Lyft,29.51,debit,Travel expenses,Credit Card
11-13-2022,Monthly direct deposit - Salary,7638,credit,Salary,Savings
11-14-2022,Ace Hardware,218.32,debit,Grocery shopping,Credit Card
11-14-2022,Credit Transaction,8.68,credit,Cashback Rewards,Savings
11-15-2022,Temu,65.28,debit,Shopping,Credit Card
11-15-2022,Boston Shawarma,29.9,debit,Restaurants,Credit Card
11-15-2022,AMC Boston,23.47,debit,Entertainment,Credit Card
11-15-2022,Dominos,75.17,debit,Restaurants,Credit Card
11-15-2022,Trader Joes,170.92,debit,Grocery shopping,Credit Card
11-15-2022,Ace Hardware,186.51,debit,Grocery shopping,Credit Card
11-15-2022,Market Basket,184.76,debit,Grocery shopping,Credit Card
11-16-2022,Ace Hardware,226.22,debit,Grocery shopping,Credit Card
11-18-2022,Boston Shawarma,50.68,debit,Restaurants,Credit Card
11-18-2022,Mall,78.64,debit,Shopping,Credit Card
11-18-2022,Stop and Shop,235.61,debit,Grocery shopping,Credit Card
11-19-2022,Temu,44.59,debit,Shopping,Credit Card
11-19-2022,Boston Halal,50.26,debit,Restaurants,Credit Card
11-19-2022,Uber,28.77,debit,Travel expenses,Credit Card
11-19-2022,Mama-cita,82.88,debit,Restaurants,Credit Card
11-19-2022,Market Basket,248.94,debit,Grocery shopping,Credit Card
11-19-2022,Dominos,83.19,debit,Restaurants,Credit Card
11-20-2022,Temu,80.73,debit,Shopping,Credit Card
11-20-2022,Stop and Shop,163.69,debit,Grocery shopping,Credit Card
11-20-2022,Amazon,55.99,debit,Shopping,Credit Card
11-21-2022,Dominos,42.44,debit,Restaurants,Credit Card
11-21-2022,Amazon,45.58,debit,Shopping,Credit Card
11-21-2022,Ice skating,65.74,debit,Entertainment,Credit Card
11-21-2022,Temu,45.95,debit,Shopping,Credit Card
11-22-2022,Boston Halal,74.73,debit,Restaurants,Credit Card
11-22-2022,Ace Hardware,206.07,debit,Grocery shopping,Credit Card
11-22-2022,Mama-cita,75,debit,Restaurants,Credit Card
11-22-2022,Credit Transaction,10.43,credit,Cashback Rewards,Savings
11-23-2022,Boston Halal,82.99,debit,Restaurants,Credit Card
11-23-2022,Dominos,80.12,debit,Restaurants,Credit Card
11-23-2022,Boston Shawarma,55.33,debit,Restaurants,Credit Card
11-23-2022,Mama-cita,51.23,debit,Restaurants,Credit Card
11-24-2022,Ace Hardware,167.6,debit,Grocery shopping,Credit Card
11-24-2022,Boston Halal,42.52,debit,Restaurants,Credit Card
11-24-2022,Dominos,64.95,debit,Restaurants,Credit Card
11-25-2022,Karaoke,37.33,debit,Entertainment,Credit Card
11-25-2022,Ice skating,58.07,debit,Entertainment,Credit Card
11-25-2022,Dominos,28.22,debit,Restaurants,Credit Card
11-25-2022,Temu,30.11,debit,Shopping,Credit Card
11-26-2022,Mall,71.81,debit,Shopping,Credit Card
11-27-2022,Boston Halal,32.03,debit,Restaurants,Credit Card
11-27-2022,Temu,31.21,debit,Shopping,Credit Card
11-27-2022,Mama-cita,42.66,debit,Restaurants,Credit Card
11-27-2022,Lyft,22.47,debit,Travel expenses,Credit Card
11-27-2022,Amazon,33.73,debit,Shopping,Credit Card
11-28-2022,Amazon,32.38,debit,Shopping,Credit Card
11-28-2022,Lyft,14.62,debit,Travel expenses,Credit Card
11-28-2022,Trader Joes,222.8,debit,Grocery shopping,Credit Card
11-29-2022,Boston Shawarma,52.66,debit,Restaurants,Credit Card
11-29-2022,Credit Transaction,4.68,credit,Cashback Rewards,Savings
11-29-2022,Mama-cita,83.12,debit,Restaurants,Credit Card
11-29-2022,Market Basket,241.84,debit,Grocery shopping,Credit Card
11-29-2022,Dominos,69.89,debit,Restaurants,Credit Card
11-29-2022,MBTA,27.01,debit,Travel expenses,Credit Card
11-29-2022,Lyft,27.35,debit,Travel expenses,Credit Card
11-30-2022,Boston Halal,65.22,debit,Restaurants,Credit Card
11-30-2022,Dominos,29.11,debit,Restaurants,Credit Card
11-30-2022,Boston Shawarma,36.34,debit,Restaurants,Credit Card
11-30-2022,Ace Hardware,225.14,debit,Grocery shopping,Credit Card
11-30-2022,Mama-cita,80.38,debit,Restaurants,Credit Card
12-01-2022,Boston Shawarma,70.49,debit,Restaurants,Credit Card
12-01-2022,Rent/ Mortgage,1600,debit,Mortgage & Rent,Savings
12-01-2022,Eversource Electricity,79.01,debit,Utilities,Checking
12-01-2022,National Grid Gas,52.18,debit,Utilities,Checking
12-01-2022,Heating fuel,243.7,debit,Utilities,Checking
12-01-2022,Boston Halal,39.4,debit,Restaurants,Credit Card
12-02-2022,Market Basket,254.44,debit,Grocery shopping,Credit Card
12-02-2022,MBTA,14.41,debit,Travel expenses,Credit Card
12-02-2022,Temu,62.69,debit,Shopping,Credit Card
12-02-2022,Ace Hardware,208.02,debit,Grocery shopping,Credit Card
12-02-2022,Trader Joes,203.65,debit,Grocery shopping,Credit Card
12-03-2022,Dominos,49.4,debit,Restaurants,Credit Card
12-03-2022,Boston Halal,39.6,debit,Restaurants,Credit Card
12-03-2022,Lyft,15.14,debit,Travel expenses,Credit Card
12-03-2022,Temu,22.92,debit,Shopping,Credit Card
12-04-2022,Karaoke,22.54,debit,Entertainment,Credit Card
12-05-2022,Uber,20.54,debit,Travel expenses,Credit Card
12-05-2022,Amazon,54.13,debit,Shopping,Credit Card
12-05-2022,Boston Shawarma,74.26,debit,Restaurants,Credit Card
12-05-2022,MBTA,29.65,debit,Travel expenses,Credit Card
12-07-2022,Stop and Shop,186.41,debit,Grocery shopping,Credit Card
12-08-2022,Mall,24.72,debit,Shopping,Credit Card
12-08-2022,Boston Shawarma,30.99,debit,Restaurants,Credit Card
12-08-2022,Credit Transaction,16.74,credit,Cashback Rewards,Savings
12-09-2022,Mama-cita,38.1,debit,Restaurants,Credit Card
12-09-2022,Ace Hardware,158.74,debit,Grocery shopping,Credit Card
12-10-2022,Mama-cita,78.05,debit,Restaurants,Credit Card
12-10-2022,Boston Halal,34.06,debit,Restaurants,Credit Card
12-10-2022,Uber,26.88,debit,Travel expenses,Credit Card
12-10-2022,Market Basket,182.79,debit,Grocery shopping,Credit Card
12-11-2022,Market Basket,217.15,debit,Grocery shopping,Credit Card
12-11-2022,Mama-cita,41.82,debit,Restaurants,Credit Card
12-11-2022,Uber,25.7,debit,Travel expenses,Credit Card
12-11-2022,Trader Joes,227.21,debit,Grocery shopping,Credit Card
12-11-2022,Dominos,55.14,debit,Restaurants,Credit Card
12-12-2022,Lyft,18.52,debit,Travel expenses,Credit Card
12-12-2022,Mall,38.85,debit,Shopping,Credit Card
12-13-2022,Boston Shawarma,31.8,debit,Restaurants,Credit Card
12-13-2022,Trader Joes,208.87,debit,Grocery shopping,Credit Card
12-13-2022,Amazon,77.56,debit,Shopping,Credit Card
12-13-2022,Ace Hardware,247.89,debit,Grocery shopping,Credit Card
12-13-2022,Market Basket,238.6,debit,Grocery shopping,Credit Card
12-13-2022,Monthly direct deposit - Salary,7638,credit,Salary,Savings
12-15-2022,Lyft,27.65,debit,Travel expenses,Credit Card
12-15-2022,Credit Transaction,13.39,credit,Cashback Rewards,Savings
12-15-2022,Uber,15.82,debit,Travel expenses,Credit Card
12-15-2022,Temu,39.04,debit,Shopping,Credit Card
12-15-2022,Mall,40.01,debit,Shopping,Credit Card
12-15-2022,Market Basket,240.75,debit,Grocery shopping,Credit Card
12-16-2022,Mama-cita,60.94,debit,Restaurants,Credit Card
12-16-2022,Boston Halal,46.49,debit,Restaurants,Credit Card
12-16-2022,Dominos,40.98,debit,Restaurants,Credit Card
12-16-2022,Boston Shawarma,51.11,debit,Restaurants,Credit Card
12-17-2022,Dominos,37.75,debit,Restaurants,Credit Card
12-17-2022,Market Basket,214.2,debit,Grocery shopping,Credit Card
12-17-2022,Mall,33.87,debit,Shopping,Credit Card
12-18-2022,Ice skating,22.02,debit,Entertainment,Credit Card
12-18-2022,Market Basket,226.55,debit,Grocery shopping,Credit Card
12-18-2022,Dominos,72.44,debit,Restaurants,Credit Card
12-18-2022,Mama-cita,39.49,debit,Restaurants,Credit Card
12-19-2022,Amazon,40.88,debit,Shopping,Credit Card
12-19-2022,Boston Shawarma,60.24,debit,Restaurants,Credit Card
12-20-2022,Boston Halal,37.24,debit,Restaurants,Credit Card
12-20-2022,Mama-cita,30.6,debit,Restaurants,Credit Card
12-20-2022,Lyft,26.1,debit,Travel expenses,Credit Card
12-20-2022,Stop and Shop,207.3,debit,Grocery shopping,Credit Card
12-20-2022,Mall,76.41,debit,Shopping,Credit Card
12-21-2022,Boston Halal,59.15,debit,Restaurants,Credit Card
12-21-2022,Mama-cita,62.34,debit,Restaurants,Credit Card
12-21-2022,Mall,26.19,debit,Shopping,Credit Card
12-21-2022,MBTA,25.6,debit,Travel expenses,Credit Card
12-22-2022,Lyft,20.93,debit,Travel expenses,Credit Card
12-22-2022,Dominos,35.84,debit,Restaurants,Credit Card
12-22-2022,Trader Joes,191.38,debit,Grocery shopping,Credit Card
12-22-2022,Amazon,28.42,debit,Shopping,Credit Card
12-22-2022,Temu,78.03,debit,Shopping,Credit Card
12-22-2022,Mall,32.97,debit,Shopping,Credit Card
12-23-2022,Boston Shawarma,63.47,debit,Restaurants,Credit Card
12-23-2022,Dominos,54.07,debit,Restaurants,Credit Card
12-23-2022,Trader Joes,246.38,debit,Grocery shopping,Credit Card
12-23-2022,Mama-cita,54.36,debit,Restaurants,Credit Card
12-23-2022,Credit Transaction,19.91,credit,Cashback Rewards,Savings
12-23-2022,Lyft,12.08,debit,Travel expenses,Credit Card
12-24-2022,Uber,17.9,debit,Travel expenses,Credit Card
12-24-2022,Ace Hardware,161.43,debit,Grocery shopping,Credit Card
12-24-2022,Boston Halal,32.68,debit,Restaurants,Credit Card
12-24-2022,MBTA,11.63,debit,Travel expenses,Credit Card
12-24-2022,Credit Transaction,104.97,credit,Dividends,Savings
12-24-2022,Mama-cita,46.62,debit,Restaurants,Credit Card
12-24-2022,Dominos,58.7,debit,Restaurants,Credit Card
12-25-2022,Temu,56.2,debit,Shopping,Credit Card
12-25-2022,Stop and Shop,174.34,debit,Grocery shopping,Credit Card
12-25-2022,Boston Halal,29.86,debit,Restaurants,Credit Card
12-25-2022,Mall,75.81,debit,Shopping,Credit Card
12-26-2022,Karaoke,24.89,debit,Entertainment,Credit Card
12-26-2022,Mama-cita,30.26,debit,Restaurants,Credit Card
12-26-2022,Amazon,81.43,debit,Shopping,Credit Card
12-26-2022,MBTA,20.58,debit,Travel expenses,Credit Card
12-27-2022,StandUp show,45.14,debit,Entertainment,Credit Card
12-27-2022,Stop and Shop,184.35,debit,Grocery shopping,Credit Card
12-27-2022,Ace Hardware,257.31,debit,Grocery shopping,Credit Card
12-27-2022,Credit Transaction,15.35,credit,Cashback Rewards,Savings
12-27-2022,Karaoke,60.46,debit,Entertainment,Credit Card
12-28-2022,Mall,62.74,debit,Shopping,Credit Card
12-29-2022,Boston Shawarma,44.56,debit,Restaurants,Credit Card
12-29-2022,Dominos,75.94,debit,Restaurants,Credit Card
12-29-2022,MBTA,13.72,debit,Travel expenses,Credit Card
12-30-2022,Amazon,69.58,debit,Shopping,Credit Card
12-30-2022,Mama-cita,78.85,debit,Restaurants,Credit Card
12-30-2022,Temu,58.58,debit,Shopping,Credit Card
12-31-2022,Stop and Shop,251.91,debit,Grocery shopping,Credit Card
12-31-2022,Ace Hardware,243.72,debit,Grocery shopping,Credit Card
12-31-2022,Lyft,12.68,debit,Travel expenses,Credit Card
01-01-2023,Ice skating,63.33,debit,Entertainment,Credit Card
01-01-2023,Rent/ Mortgage,1600,debit,Mortgage & Rent,Savings
01-01-2023,Eversource Electricity,52.37,debit,Utilities,Checking
01-01-2023,National Grid Gas,76.48,debit,Utilities,Checking
01-01-2023,Heating fuel,164.45,debit,Utilities,Checking
01-01-2023,Boston Halal,79.24,debit,Restaurants,Credit Card
01-01-2023,Stop and Shop,211.07,debit,Grocery shopping,Credit Card
01-01-2023,MBTA,24.13,debit,Travel expenses,Credit Card
01-02-2023,Ace Hardware,196.06,debit,Grocery shopping,Credit Card
01-02-2023,Temu,40.8,debit,Shopping,Credit Card
01-02-2023,Boston Halal,75.41,debit,Restaurants,Credit Card
01-02-2023,Market Basket,184.77,debit,Grocery shopping,Credit Card
01-02-2023,Stop and Shop,164.39,debit,Grocery shopping,Credit Card
01-03-2023,Boston Shawarma,33.8,debit,Restaurants,Credit Card
01-03-2023,Amazon,72.15,debit,Shopping,Credit Card
01-03-2023,Ace Hardware,177.6,debit,Grocery shopping,Credit Card
01-03-2023,Trader Joes,176.87,debit,Grocery shopping,Credit Card
01-04-2023,AMC Boston,31,debit,Entertainment,Credit Card
01-04-2023,Credit Transaction,198.7,credit,Dividends,Savings
01-04-2023,Ace Hardware,219.77,debit,Grocery shopping,Credit Card
01-05-2023,StandUp show,56.74,debit,Entertainment,Credit Card
01-05-2023,Market Basket,237.47,debit,Grocery shopping,Credit Card
01-05-2023,Stop and Shop,251.84,debit,Grocery shopping,Credit Card
01-06-2023,Credit Transaction,15.99,credit,Cashback Rewards,Savings
01-06-2023,Mama-cita,41.05,debit,Restaurants,Credit Card
01-06-2023,Stop and Shop,189.8,debit,Grocery shopping,Credit Card
01-06-2023,Trader Joes,249.69,debit,Grocery shopping,Credit Card
01-06-2023,Boston Halal,71.6,debit,Restaurants,Credit Card
01-07-2023,Boston Shawarma,30.16,debit,Restaurants,Credit Card
01-08-2023,Market Basket,242.07,debit,Grocery shopping,Credit Card
01-08-2023,Amazon,51.15,debit,Shopping,Credit Card
01-08-2023,Boston Halal,47.22,debit,Restaurants,Credit Card
01-09-2023,Boston Halal,82.71,debit,Restaurants,Credit Card
01-09-2023,Karaoke,67.39,debit,Entertainment,Credit Card
01-09-2023,Stop and Shop,177.72,debit,Grocery shopping,Credit Card
01-10-2023,Uber,29.35,debit,Travel expenses,Credit Card
01-10-2023,Ace Hardware,208.67,debit,Grocery shopping,Credit Card
01-10-2023,Market Basket,252.82,debit,Grocery shopping,Credit Card
01-10-2023,Dominos,68.75,debit,Restaurants,Credit Card
01-11-2023,Amazon,27.95,debit,Shopping,Credit Card
01-11-2023,Mama-cita,47.41,debit,Restaurants,Credit Card
01-11-2023,Stop and Shop,164.04,debit,Grocery shopping,Credit Card
01-11-2023,Boston Halal,67.91,debit,Restaurants,Credit Card
01-11-2023,Dominos,62.66,debit,Restaurants,Credit Card
01-12-2023,Boston Shawarma,61.94,debit,Restaurants,Credit Card
01-12-2023,Credit Transaction,10.58,credit,Cashback Rewards,Savings
01-12-2023,Stop and Shop,242.27,debit,Grocery shopping,Credit Card
01-13-2023,Temu,74.37,debit,Shopping,Credit Card
01-13-2023,Stop and Shop,230.94,debit,Grocery shopping,Credit Card
01-13-2023,Monthly direct deposit - Salary,7638,credit,Salary,Savings
01-13-2023,Amazon,35.64,debit,Shopping,Credit Card
01-13-2023,Mama-cita,26.75,debit,Restaurants,Credit Card
01-13-2023,Trader Joes,160.17,debit,Grocery shopping,Credit Card
01-14-2023,Temu,42.98,debit,Shopping,Credit Card
01-14-2023,Ice skating,32.97,debit,Entertainment,Credit Card
01-14-2023,Stop and Shop,234.77,debit,Grocery shopping,Credit Card
01-14-2023,Ace Hardware,188.46,debit,Grocery shopping,Credit Card
01-15-2023,Market Basket,201.57,debit,Grocery shopping,Credit Card
01-15-2023,Trader Joes,185.05,debit,Grocery shopping,Credit Card
01-15-2023,Mall,66.38,debit,Shopping,Credit Card
01-15-2023,Lyft,14.72,debit,Travel expenses,Credit Card
01-15-2023,StandUp show,60.23,debit,Entertainment,Credit Card
01-15-2023,Temu,76.12,debit,Shopping,Credit Card
01-15-2023,Amazon,29.58,debit,Shopping,Credit Card
01-15-2023,Boston Shawarma,72.94,debit,Restaurants,Credit Card
01-16-2023,Mall,52.84,debit,Shopping,Credit Card
01-16-2023,Boston Halal,26.14,debit,Restaurants,Credit Card
01-16-2023,Boston Shawarma,52.74,debit,Restaurants,Credit Card
01-16-2023,Mama-cita,37.9,debit,Restaurants,Credit Card
01-16-2023,Stop and Shop,237.99,debit,Grocery shopping,Credit Card
01-18-2023,Trader Joes,176.18,debit,Grocery shopping,Credit Card
01-18-2023,Stop and Shop,226.31,debit,Grocery shopping,Credit Card
01-18-2023,Amazon,51.71,debit,Shopping,Credit Card
01-18-2023,Boston Halal,37.7,debit,Restaurants,Credit Card
01-18-2023,Mall,23.39,debit,Shopping,Credit Card
01-18-2023,Boston Shawarma,69.05,debit,Restaurants,Credit Card
01-18-2023,Mama-cita,43.21,debit,Restaurants,Credit Card
01-19-2023,Amazon,67.1,debit,Shopping,Credit Card
01-19-2023,Ace Hardware,227.31,debit,Grocery shopping,Credit Card
01-19-2023,Temu,42.76,debit,Shopping,Credit Card
01-19-2023,Lyft,23.25,debit,Travel expenses,Credit Card
01-20-2023,Dominos,49.84,debit,Restaurants,Credit Card
01-20-2023,Ace Hardware,252.97,debit,Grocery shopping,Credit Card
01-20-2023,Trader Joes,210.43,debit,Grocery shopping,Credit Card
01-20-2023,Uber,28.58,debit,Travel expenses,Credit Card
01-21-2023,Ace Hardware,237.83,debit,Grocery shopping,Credit Card
01-22-2023,MBTA,15.86,debit,Travel expenses,Credit Card
01-22-2023,Temu,32.84,debit,Shopping,Credit Card
01-22-2023,Ice skating,41.14,debit,Entertainment,Credit Card
01-22-2023,Ace Hardware,184.29,debit,Grocery shopping,Credit Card
01-22-2023,Boston Shawarma,77.12,debit,Restaurants,Credit Card
01-22-2023,StandUp show,24.29,debit,Entertainment,Credit Card
01-22-2023,Mama-cita,40.43,debit,Restaurants,Credit Card
01-23-2023,Mama-cita,31.62,debit,Restaurants,Credit Card
01-23-2023,Boston Halal,50.87,debit,Restaurants,Credit Card
01-23-2023,StandUp show,34.84,debit,Entertainment,Credit Card
01-23-2023,Trader Joes,237.08,debit,Grocery shopping,Credit Card
01-24-2023,Boston Shawarma,58.92,debit,Restaurants,Credit Card
01-24-2023,Amazon,78.85,debit,Shopping,Credit Card
01-24-2023,Boston Halal,26.6,debit,Restaurants,Credit Card
01-25-2023,Temu,54.47,debit,Shopping,Credit Card
01-25-2023,Dominos,68.46,debit,Restaurants,Credit Card
01-25-2023,Boston Halal,81.2,debit,Restaurants,Credit Card
01-25-2023,Trader Joes,247.99,debit,Grocery shopping,Credit Card
01-25-2023,Mama-cita,71.14,debit,Restaurants,Credit Card
01-26-2023,StandUp show,71.77,debit,Entertainment,Credit Card
01-26-2023,Temu,39.06,debit,Shopping,Credit Card
01-26-2023,Boston Shawarma,66.98,debit,Restaurants,Credit Card
01-27-2023,Amazon,35.15,debit,Shopping,Credit Card
01-29-2023,Credit Transaction,72.12,credit,Dividends,Savings
01-29-2023,Ace Hardware,243.28,debit,Grocery shopping,Credit Card
01-29-2023,Lyft,27.05,debit,Travel expenses,Credit Card
01-30-2023,Boston Halal,45.27,debit,Restaurants,Credit Card
01-30-2023,Boston Shawarma,74.49,debit,Restaurants,Credit Card
01-30-2023,Mama-cita,74.55,debit,Restaurants,Credit Card
01-30-2023,Dominos,35.03,debit,Restaurants,Credit Card
01-31-2023,Boston Shawarma,76.48,debit,Restaurants,Credit Card
01-31-2023,Credit Transaction,121.29,credit,Dividends,Savings
01-31-2023,Temu,40.35,debit,Shopping,Credit Card
01-31-2023,Mama-cita,60.07,debit,Restaurants,Credit Card
01-31-2023,Market Basket,156.8,debit,Grocery shopping,Credit Card
02-01-2023,Rent/ Mortgage,1600,debit,Mortgage & Rent,Savings
02-01-2023,Eversource Electricity,66.21,debit,Utilities,Checking
02-01-2023,National Grid Gas,60.62,debit,Utilities,Checking
02-01-2023,Heating fuel,223.17,debit,Utilities,Checking
02-01-2023,Mama-cita,50.72,debit,Restaurants,Credit Card
02-01-2023,Market Basket,172.67,debit,Grocery shopping,Credit Card
02-01-2023,Mall,31.42,debit,Shopping,Credit Card
02-01-2023,Boston Shawarma,64.46,debit,Restaurants,Credit Card
02-02-2023,Ace Hardware,207.48,debit,Grocery shopping,Credit Card
02-03-2023,Mall,52.44,debit,Shopping,Credit Card
02-04-2023,Lyft,27.34,debit,Travel expenses,Credit Card
02-04-2023,Mama-cita,44.09,debit,Restaurants,Credit Card
02-04-2023,Mall,77.4,debit,Shopping,Credit Card
02-04-2023,Boston Halal,33.59,debit,Restaurants,Credit Card
02-04-2023,Boston Shawarma,38.7,debit,Restaurants,Credit Card
02-05-2023,Boston Shawarma,26.08,debit,Restaurants,Credit Card
02-05-2023,Ace Hardware,221.13,debit,Grocery shopping,Credit Card
02-06-2023,Stop and Shop,220.26,debit,Grocery shopping,Credit Card
02-06-2023,Lyft,28.59,debit,Travel expenses,Credit Card
02-07-2023,Amazon,78.78,debit,Shopping,Credit Card
02-07-2023,Mall,32.69,debit,Shopping,Credit Card
02-07-2023,Boston Shawarma,56.35,debit,Restaurants,Credit Card
02-07-2023,Lyft,17.14,debit,Travel expenses,Credit Card
02-07-2023,Boston Halal,37.31,debit,Restaurants,Credit Card
02-08-2023,Mama-cita,77.47,debit,Restaurants,Credit Card
02-08-2023,Amazon,24.92,debit,Shopping,Credit Card
02-08-2023,Boston Shawarma,82.07,debit,Restaurants,Credit Card
02-08-2023,Temu,32.89,debit,Shopping,Credit Card
02-09-2023,Temu,61.45,debit,Shopping,Credit Card
02-09-2023,Stop and Shop,231.79,debit,Grocery shopping,Credit Card
02-09-2023,Market Basket,220.58,debit,Grocery shopping,Credit Card
02-09-2023,Mama-cita,35.18,debit,Restaurants,Credit Card
02-09-2023,Amazon,36.32,debit,Shopping,Credit Card
02-10-2023,Stop and Shop,237.36,debit,Grocery shopping,Credit Card
02-10-2023,Lyft,11.01,debit,Travel expenses,Credit Card
02-10-2023,Trader Joes,165.6,debit,Grocery shopping,Credit Card
02-10-2023,Boston Shawarma,57.49,debit,Restaurants,Credit Card
02-11-2023,Dominos,53.01,debit,Restaurants,Credit Card
02-11-2023,Mama-cita,62.65,debit,Restaurants,Credit Card
02-11-2023,Temu,65.84,debit,Shopping,Credit Card
02-11-2023,Credit Transaction,3.19,credit,Cashback Rewards,Savings
02-12-2023,Boston Shawarma,28.4,debit,Restaurants,Credit Card
02-12-2023,Mama-cita,43.35,debit,Restaurants,Credit Card
02-13-2023,Ace Hardware,185.22,debit,Grocery shopping,Credit Card
02-13-2023,Monthly direct deposit - Salary,7638,credit,Salary,Savings
02-13-2023,Uber,26.61,debit,Travel expenses,Credit Card
02-14-2023,Temu,64.43,debit,Shopping,Credit Card
02-14-2023,Mama-cita,34.66,debit,Restaurants,Credit Card
02-14-2023,Mall,33.81,debit,Shopping,Credit Card
02-15-2023,Amazon,35.61,debit,Shopping,Credit Card
02-15-2023,Lyft,28.66,debit,Travel expenses,Credit Card
02-15-2023,Boston Halal,44.65,debit,Restaurants,Credit Card
02-15-2023,Mama-cita,60.42,debit,Restaurants,Credit Card
02-15-2023,Credit Transaction,3.22,credit,Cashback Rewards,Savings
02-15-2023,Dominos,51.4,debit,Restaurants,Credit Card
02-16-2023,Mama-cita,36.79,debit,Restaurants,Credit Card
02-16-2023,Boston Shawarma,59.57,debit,Restaurants,Credit Card
02-17-2023,Boston Shawarma,61.79,debit,Restaurants,Credit Card
02-17-2023,Mall,24.92,debit,Shopping,Credit Card
02-17-2023,Dominos,41.6,debit,Restaurants,Credit Card
02-18-2023,Market Basket,227.94,debit,Grocery shopping,Credit Card
02-18-2023,Boston Shawarma,82.29,debit,Restaurants,Credit Card
02-18-2023,Mama-cita,31.85,debit,Restaurants,Credit Card
02-18-2023,Stop and Shop,169.91,debit,Grocery shopping,Credit Card
02-19-2023,Dominos,78.53,debit,Restaurants,Credit Card
02-19-2023,Uber,30.74,debit,Travel expenses,Credit Card
02-20-2023,Uber,10.9,debit,Travel expenses,Credit Card
02-21-2023,Boston Shawarma,41.48,debit,Restaurants,Credit Card
02-21-2023,Amazon,62.64,debit,Shopping,Credit Card
02-21-2023,StandUp show,47.35,debit,Entertainment,Credit Card
02-22-2023,Boston Halal,79.82,debit,Restaurants,Credit Card
02-22-2023,Boston Shawarma,34.05,debit,Restaurants,Credit Card
02-22-2023,Mall,42.21,debit,Shopping,Credit Card
02-22-2023,MBTA,18.58,debit,Travel expenses,Credit Card
02-23-2023,Dominos,64.16,debit,Restaurants,Credit Card
02-23-2023,Boston Halal,45.33,debit,Restaurants,Credit Card
02-23-2023,Lyft,11.74,debit,Travel expenses,Credit Card
02-23-2023,Boston Shawarma,80.93,debit,Restaurants,Credit Card
02-24-2023,Dominos,63.08,debit,Restaurants,Credit Card
02-24-2023,Credit Transaction,73.3,credit,Dividends,Savings
02-24-2023,Boston Shawarma,81.26,debit,Restaurants,Credit Card
02-24-2023,Stop and Shop,160,debit,Grocery shopping,Credit Card
02-24-2023,Temu,72.08,debit,Shopping,Credit Card
02-24-2023,Amazon,56.58,debit,Shopping,Credit Card
02-24-2023,AMC Boston,46.98,debit,Entertainment,Credit Card
02-24-2023,Boston Halal,29.99,debit,Restaurants,Credit Card
02-25-2023,Trader Joes,156.49,debit,Grocery shopping,Credit Card
02-25-2023,Boston Shawarma,47.05,debit,Restaurants,Credit Card
02-25-2023,Temu,76.52,debit,Shopping,Credit Card
02-25-2023,Mama-cita,60.9,debit,Restaurants,Credit Card
02-26-2023,Temu,49.23,debit,Shopping,Credit Card
02-27-2023,MBTA,26.23,debit,Travel expenses,Credit Card
02-27-2023,Uber,24.5,debit,Travel expenses,Credit Card
02-27-2023,Boston Halal,81.42,debit,Restaurants,Credit Card
02-27-2023,Market Basket,239.11,debit,Grocery shopping,Credit Card
02-27-2023,Temu,59.99,debit,Shopping,Credit Card
02-28-2023,Boston Shawarma,66.83,debit,Restaurants,Credit Card
02-28-2023,Boston Halal,51.65,debit,Restaurants,Credit Card
02-28-2023,Temu,34.73,debit,Shopping,Credit Card
03-01-2023,Ice skating,33.75,debit,Entertainment,Credit Card
03-01-2023,Rent/ Mortgage,1600,debit,Mortgage & Rent,Savings
03-01-2023,Eversource Electricity,66.4,debit,Utilities,Checking
03-01-2023,National Grid Gas,65.73,debit,Utilities,Checking
03-01-2023,Heating fuel,168.51,debit,Utilities,Checking
03-01-2023,AMC Boston,40.73,debit,Entertainment,Credit Card
03-01-2023,Boston Halal,79.26,debit,Restaurants,Credit Card
03-02-2023,Temu,42.64,debit,Shopping,Credit Card
03-02-2023,Stop and Shop,178.2,debit,Grocery shopping,Credit Card
03-03-2023,Boston Halal,78.91,debit,Restaurants,Credit Card
03-03-2023,Trader Joes,232.39,debit,Grocery shopping,Credit Card
03-03-2023,Stop and Shop,235.48,debit,Grocery shopping,Credit Card
03-03-2023,Lyft,15.77,debit,Travel expenses,Credit Card
03-03-2023,Ace Hardware,237.11,debit,Grocery shopping,Credit Card
03-04-2023,Credit Transaction,19.51,credit,Cashback Rewards,Savings
03-04-2023,Stop and Shop,186.18,debit,Grocery shopping,Credit Card
03-04-2023,Boston Halal,36.25,debit,Restaurants,Credit Card
03-04-2023,MBTA,29.01,debit,Travel expenses,Credit Card
03-05-2023,Boston Halal,36.49,debit,Restaurants,Credit Card
03-06-2023,MBTA,29.6,debit,Travel expenses,Credit Card
03-06-2023,Dominos,56.76,debit,Restaurants,Credit Card
03-07-2023,Lyft,14.59,debit,Travel expenses,Credit Card
03-07-2023,Boston Halal,57.18,debit,Restaurants,Credit Card
03-07-2023,Amazon,39.19,debit,Shopping,Credit Card
03-07-2023,Stop and Shop,163.22,debit,Grocery shopping,Credit Card
03-07-2023,Mall,68.06,debit,Shopping,Credit Card
03-07-2023,Temu,47.01,debit,Shopping,Credit Card
03-09-2023,Market Basket,201.14,debit,Grocery shopping,Credit Card
03-09-2023,Mall,80.97,debit,Shopping,Credit Card
03-09-2023,Lyft,28.43,debit,Travel expenses,Credit Card
03-10-2023,Mall,41.08,debit,Shopping,Credit Card
03-10-2023,Dominos,61.14,debit,Restaurants,Credit Card
03-11-2023,Lyft,15.7,debit,Travel expenses,Credit Card
03-11-2023,Boston Halal,47.5,debit,Restaurants,Credit Card
03-11-2023,Dominos,45.57,debit,Restaurants,Credit Card
03-12-2023,StandUp show,32.09,debit,Entertainment,Credit Card
03-12-2023,Dominos,72.75,debit,Restaurants,Credit Card
03-12-2023,Mama-cita,57.16,debit,Restaurants,Credit Card
03-12-2023,Karaoke,50.92,debit,Entertainment,Credit Card
03-12-2023,Mall,47.03,debit,Shopping,Credit Card
03-13-2023,Boston Halal,50.13,debit,Restaurants,Credit Card
03-13-2023,Monthly direct deposit - Salary,7638,credit,Salary,Savings
03-13-2023,Temu,42.65,debit,Shopping,Credit Card
03-13-2023,Mama-cita,53.99,debit,Restaurants,Credit Card
03-14-2023,Dominos,83.78,debit,Restaurants,Credit Card
03-14-2023,Boston Shawarma,40.59,debit,Restaurants,Credit Card
03-14-2023,Mama-cita,58.6,debit,Restaurants,Credit Card
03-14-2023,Boston Halal,62.85,debit,Restaurants,Credit Card
03-14-2023,Temu,32.99,debit,Shopping,Credit Card
03-14-2023,Amazon,84.65,debit,Shopping,Credit Card
03-16-2023,Mama-cita,39.86,debit,Restaurants,Credit Card
03-16-2023,Ace Hardware,258.13,debit,Grocery shopping,Credit Card
03-16-2023,Boston Halal,83.4,debit,Restaurants,Credit Card
03-17-2023,Credit Transaction,8.85,credit,Cashback Rewards,Savings
03-17-2023,Amazon,24.38,debit,Shopping,Credit Card
03-17-2023,Uber,15.78,debit,Travel expenses,Credit Card
03-18-2023,Boston Shawarma,82.42,debit,Restaurants,Credit Card
03-19-2023,Karaoke,57.46,debit,Entertainment,Credit Card
03-19-2023,Boston Shawarma,27.83,debit,Restaurants,Credit Card
03-19-2023,Boston Halal,27.45,debit,Restaurants,Credit Card
03-20-2023,Boston Halal,50.27,debit,Restaurants,Credit Card
03-20-2023,Trader Joes,204.43,debit,Grocery shopping,Credit Card
03-20-2023,Stop and Shop,207.98,debit,Grocery shopping,Credit Card
03-21-2023,Boston Halal,30.13,debit,Restaurants,Credit Card
03-21-2023,Mall,21.35,debit,Shopping,Credit Card
03-22-2023,Boston Halal,61.43,debit,Restaurants,Credit Card
03-22-2023,Uber,29.49,debit,Travel expenses,Credit Card
03-23-2023,Trader Joes,175.06,debit,Grocery shopping,Credit Card
03-24-2023,Mall,68.41,debit,Shopping,Credit Card
03-24-2023,AMC Boston,66.07,debit,Entertainment,Credit Card
03-24-2023,Trader Joes,214.6,debit,Grocery shopping,Credit Card
03-24-2023,Boston Halal,78.1,debit,Restaurants,Credit Card
03-24-2023,Dominos,84.51,debit,Restaurants,Credit Card
03-24-2023,Credit Transaction,18.27,credit,Cashback Rewards,Savings
03-24-2023,Temu,44.97,debit,Shopping,Credit Card
03-25-2023,Boston Shawarma,48.67,debit,Restaurants,Credit Card
03-25-2023,Mall,82.8,debit,Shopping,Credit Card
03-26-2023,Stop and Shop,181.36,debit,Grocery shopping,Credit Card
03-26-2023,Lyft,20.85,debit,Travel expenses,Credit Card
03-27-2023,Boston Shawarma,29.65,debit,Restaurants,Credit Card
03-27-2023,Dominos,79.24,debit,Restaurants,Credit Card
03-27-2023,MBTA,30.61,debit,Travel expenses,Credit Card
03-27-2023,Mall,65.87,debit,Shopping,Credit Card
03-28-2023,Boston Halal,50.69,debit,Restaurants,Credit Card
03-28-2023,Ace Hardware,181.51,debit,Grocery shopping,Credit Card
03-29-2023,Ace Hardware,264.52,debit,Grocery shopping,Credit Card
03-29-2023,Temu,46.12,debit,Shopping,Credit Card
03-29-2023,MBTA,29.87,debit,Travel expenses,Credit Card
03-29-2023,Mama-cita,55.47,debit,Restaurants,Credit Card
03-29-2023,Trader Joes,233.51,debit,Grocery shopping,Credit Card
03-30-2023,Ace Hardware,189.08,debit,Grocery shopping,Credit Card
03-30-2023,Market Basket,259.83,debit,Grocery shopping,Credit Card
03-30-2023,Temu,26.35,debit,Shopping,Credit Card
04-01-2023,Rent/ Mortgage,1600,debit,Mortgage & Rent,Savings
04-01-2023,Eversource Electricity,70.85,debit,Utilities,Checking
04-01-2023,National Grid Gas,57.75,debit,Utilities,Checking
04-01-2023,Heating fuel,215.25,debit,Utilities,Checking
04-01-2023,Boston Halal,73.82,debit,Restaurants,Credit Card
04-01-2023,Uber,11.43,debit,Travel expenses,Credit Card
04-01-2023,Ace Hardware,188.42,debit,Grocery shopping,Credit Card
04-02-2023,Mama-cita,53.8,debit,Restaurants,Credit Card
04-03-2023,Mama-cita,65.78,debit,Restaurants,Credit Card
04-03-2023,Stop and Shop,189.53,debit,Grocery shopping,Credit Card
04-03-2023,Dominos,61.15,debit,Restaurants,Credit Card
04-03-2023,Boston Halal,52.27,debit,Restaurants,Credit Card
04-04-2023,Temu,70.37,debit,Shopping,Credit Card
04-04-2023,Credit Transaction,16.53,credit,Cashback Rewards,Savings
04-04-2023,Trader Joes,177.66,debit,Grocery shopping,Credit Card
04-04-2023,Boston Shawarma,28.53,debit,Restaurants,Credit Card
04-05-2023,Karaoke,66.27,debit,Entertainment,Credit Card
04-05-2023,Trader Joes,241.55,debit,Grocery shopping,Credit Card
04-05-2023,StandUp show,38.13,debit,Entertainment,Credit Card
04-06-2023,Uber,29.48,debit,Travel expenses,Credit Card
04-07-2023,Mall,47.71,debit,Shopping,Credit Card
04-08-2023,Dominos,66.15,debit,Restaurants,Credit Card
04-08-2023,Mama-cita,47.47,debit,Restaurants,Credit Card
04-09-2023,AMC Boston,37.62,debit,Entertainment,Credit Card
04-09-2023,Credit Transaction,19.11,credit,Cashback Rewards,Savings
04-09-2023,Ice skating,46.94,debit,Entertainment,Credit Card
04-09-2023,Temu,22.99,debit,Shopping,Credit Card
04-09-2023,Karaoke,53.97,debit,Entertainment,Credit Card
04-10-2023,Boston Shawarma,66.45,debit,Restaurants,Credit Card
04-10-2023,MBTA,24.33,debit,Travel expenses,Credit Card
04-10-2023,Mall,48.53,debit,Shopping,Credit Card
04-10-2023,Dominos,66.51,debit,Restaurants,Credit Card
04-11-2023,Amazon,76.66,debit,Shopping,Credit Card
04-11-2023,Dominos,55.62,debit,Restaurants,Credit Card
04-11-2023,Mama-cita,42.54,debit,Restaurants,Credit Card
04-11-2023,Boston Halal,35.89,debit,Restaurants,Credit Card
04-12-2023,Boston Halal,41.82,debit,Restaurants,Credit Card
04-12-2023,Mama-cita,47.94,debit,Restaurants,Credit Card
04-13-2023,MBTA,27.22,debit,Travel expenses,Credit Card
04-13-2023,Stop and Shop,233.72,debit,Grocery shopping,Credit Card
04-13-2023,Monthly direct deposit - Salary,7638,credit,Salary,Savings
04-13-2023,Credit Transaction,193.96,credit,Dividends,Savings
04-14-2023,Dominos,50.26,debit,Restaurants,Credit Card
04-14-2023,StandUp show,52.47,debit,Entertainment,Credit Card
04-14-2023,Mall,36.4,debit,Shopping,Credit Card
04-14-2023,Stop and Shop,188.19,debit,Grocery shopping,Credit Card
04-15-2023,Dominos,51.2,debit,Restaurants,Credit Card
04-16-2023,Ace Hardware,227.07,debit,Grocery shopping,Credit Card
04-16-2023,Trader Joes,167.54,debit,Grocery shopping,Credit Card
04-17-2023,Temu,34.19,debit,Shopping,Credit Card
04-18-2023,Lyft,16.34,debit,Travel expenses,Credit Card
04-18-2023,Uber,19.85,debit,Travel expenses,Credit Card
04-20-2023,Dominos,55.97,debit,Restaurants,Credit Card
04-20-2023,Credit Transaction,5.89,credit,Cashback Rewards,Savings
04-21-2023,Ace Hardware,163.23,debit,Grocery shopping,Credit Card
04-21-2023,Amazon,45.29,debit,Shopping,Credit Card
04-22-2023,Dominos,36.99,debit,Restaurants,Credit Card
04-23-2023,Stop and Shop,217.77,debit,Grocery shopping,Credit Card
04-23-2023,Lyft,14.06,debit,Travel expenses,Credit Card
04-23-2023,Dominos,35.47,debit,Restaurants,Credit Card
04-24-2023,Boston Halal,56.31,debit,Restaurants,Credit Card
04-24-2023,Boston Shawarma,68.1,debit,Restaurants,Credit Card
04-24-2023,Dominos,84.01,debit,Restaurants,Credit Card
04-24-2023,Market Basket,261.41,debit,Grocery shopping,Credit Card
04-24-2023,Amazon,45.21,debit,Shopping,Credit Card
04-25-2023,Trader Joes,234.14,debit,Grocery shopping,Credit Card
04-26-2023,Mama-cita,26.52,debit,Restaurants,Credit Card
04-27-2023,Uber,20.54,debit,Travel expenses,Credit Card
04-27-2023,Mama-cita,67.48,debit,Restaurants,Credit Card
04-27-2023,Credit Transaction,16.45,credit,Cashback Rewards,Savings
04-28-2023,Dominos,68.4,debit,Restaurants,Credit Card
04-28-2023,Boston Shawarma,73.27,debit,Restaurants,Credit Card
04-28-2023,Amazon,64.25,debit,Shopping,Credit Card
04-29-2023,Mall,65.82,debit,Shopping,Credit Card
04-29-2023,StandUp show,32.96,debit,Entertainment,Credit Card
04-29-2023,Boston Shawarma,74.83,debit,Restaurants,Credit Card
04-30-2023,Mall,22.27,debit,Shopping,Credit Card
04-30-2023,Amazon,40.97,debit,Shopping,Credit Card
05-01-2023,Rent/ Mortgage,1600,debit,Mortgage & Rent,Savings
05-01-2023,Eversource Electricity,75.03,debit,Utilities,Checking
05-01-2023,National Grid Gas,67.4,debit,Utilities,Checking
05-01-2023,Boston Halal,62.96,debit,Restaurants,Credit Card
05-01-2023,Mama-cita,39.91,debit,Restaurants,Credit Card
05-02-2023,Temu,46.66,debit,Shopping,Credit Card
05-02-2023,Credit Transaction,198.78,credit,Dividends,Savings
05-02-2023,Uber,25.02,debit,Travel expenses,Credit Card
05-03-2023,Lyft,18.47,debit,Travel expenses,Credit Card
05-03-2023,Mama-cita,27.14,debit,Restaurants,Credit Card
05-03-2023,Dominos,62.57,debit,Restaurants,Credit Card
05-03-2023,MBTA,27.18,debit,Travel expenses,Credit Card
05-03-2023,AMC Boston,70.01,debit,Entertainment,Credit Card
05-04-2023,Temu,29.11,debit,Shopping,Credit Card
05-04-2023,Amazon,52.06,debit,Shopping,Credit Card
05-04-2023,StandUp show,50.03,debit,Entertainment,Credit Card
05-05-2023,Temu,55.31,debit,Shopping,Credit Card
05-05-2023,StandUp show,34.86,debit,Entertainment,Credit Card
05-05-2023,Mama-cita,81.32,debit,Restaurants,Credit Card
05-05-2023,Market Basket,210.23,debit,Grocery shopping,Credit Card
05-06-2023,Dominos,64.63,debit,Restaurants,Credit Card
05-06-2023,MBTA,31.07,debit,Travel expenses,Credit Card
05-06-2023,Lyft,29.37,debit,Travel expenses,Credit Card
05-06-2023,Mama-cita,63.68,debit,Restaurants,Credit Card
05-06-2023,Credit Transaction,6.22,credit,Cashback Rewards,Savings
05-06-2023,Boston Halal,79.97,debit,Restaurants,Credit Card
05-07-2023,MBTA,10.78,debit,Travel expenses,Credit Card
05-07-2023,Uber,26.53,debit,Travel expenses,Credit Card
05-07-2023,Dominos,76.3,debit,Restaurants,Credit Card
05-07-2023,Trader Joes,166.47,debit,Grocery shopping,Credit Card
05-07-2023,Amazon,71.76,debit,Shopping,Credit Card
05-08-2023,Mama-cita,71.37,debit,Restaurants,Credit Card
05-08-2023,Boston Halal,67.56,debit,Restaurants,Credit Card
05-08-2023,Stop and Shop,194.86,debit,Grocery shopping,Credit Card
05-08-2023,Boston Shawarma,77.43,debit,Restaurants,Credit Card
05-09-2023,Amazon,53.45,debit,Shopping,Credit Card
05-09-2023,Temu,79.14,debit,Shopping,Credit Card
05-09-2023,Uber,28.44,debit,Travel expenses,Credit Card
05-09-2023,MBTA,16.35,debit,Travel expenses,Credit Card
05-09-2023,Boston Shawarma,70.49,debit,Restaurants,Credit Card
05-09-2023,Mall,80.21,debit,Shopping,Credit Card
05-10-2023,Market Basket,169.84,debit,Grocery shopping,Credit Card
05-10-2023,Credit Transaction,19.88,credit,Cashback Rewards,Savings
05-10-2023,Credit Transaction,129.49,credit,Dividends,Savings
05-10-2023,Ace Hardware,194.04,debit,Grocery shopping,Credit Card
05-10-2023,Boston Shawarma,79.19,debit,Restaurants,Credit Card
05-10-2023,Stop and Shop,169.43,debit,Grocery shopping,Credit Card
05-11-2023,Stop and Shop,237.96,debit,Grocery shopping,Credit Card
05-11-2023,MBTA,21.81,debit,Travel expenses,Credit Card
05-11-2023,Ace Hardware,233.12,debit,Grocery shopping,Credit Card
05-11-2023,Mall,44.53,debit,Shopping,Credit Card
05-11-2023,Lyft,17.29,debit,Travel expenses,Credit Card
05-12-2023,Mama-cita,40.61,debit,Restaurants,Credit Card
05-12-2023,Dominos,68.95,debit,Restaurants,Credit Card
05-12-2023,Market Basket,186.2,debit,Grocery shopping,Credit Card
05-12-2023,Amazon,78.9,debit,Shopping,Credit Card
05-13-2023,Mama-cita,65.6,debit,Restaurants,Credit Card
05-13-2023,Monthly direct deposit - Salary,7638,credit,Salary,Savings
05-13-2023,Amazon,62.18,debit,Shopping,Credit Card
05-14-2023,Mall,33.63,debit,Shopping,Credit Card
05-14-2023,Ace Hardware,216.81,debit,Grocery shopping,Credit Card
05-14-2023,Dominos,39.89,debit,Restaurants,Credit Card
05-14-2023,Mama-cita,26.69,debit,Restaurants,Credit Card
05-14-2023,Trader Joes,162.34,debit,Grocery shopping,Credit Card
05-14-2023,StandUp show,26.27,debit,Entertainment,Credit Card
05-14-2023,Lyft,30.61,debit,Travel expenses,Credit Card
05-14-2023,Boston Halal,29.87,debit,Restaurants,Credit Card
05-15-2023,MBTA,28.41,debit,Travel expenses,Credit Card
05-15-2023,Temu,21.45,debit,Shopping,Credit Card
05-15-2023,Amazon,71.98,debit,Shopping,Credit Card
05-15-2023,Mall,48.01,debit,Shopping,Credit Card
05-16-2023,Ice skating,48,debit,Entertainment,Credit Card
05-17-2023,Market Basket,165.26,debit,Grocery shopping,Credit Card
05-17-2023,AMC Boston,70.02,debit,Entertainment,Credit Card
05-17-2023,StandUp show,60.27,debit,Entertainment,Credit Card
05-17-2023,Amazon,50.49,debit,Shopping,Credit Card
05-17-2023,Stop and Shop,187.67,debit,Grocery shopping,Credit Card
05-17-2023,Ace Hardware,176.34,debit,Grocery shopping,Credit Card
05-18-2023,Boston Halal,46.14,debit,Restaurants,Credit Card
05-18-2023,Amazon,77.95,debit,Shopping,Credit Card
05-19-2023,Credit Transaction,126.09,credit,Dividends,Savings
05-19-2023,Boston Halal,63.05,debit,Restaurants,Credit Card
05-19-2023,Boston Shawarma,65.13,debit,Restaurants,Credit Card
05-19-2023,Uber,21.52,debit,Travel expenses,Credit Card
05-19-2023,Ace Hardware,177.84,debit,Grocery shopping,Credit Card
05-19-2023,Mama-cita,30.69,debit,Restaurants,Credit Card
05-19-2023,Dominos,81.99,debit,Restaurants,Credit Card
05-21-2023,Ace Hardware,167.63,debit,Grocery shopping,Credit Card
05-21-2023,Dominos,56.16,debit,Restaurants,Credit Card
05-21-2023,Market Basket,178.79,debit,Grocery shopping,Credit Card
05-21-2023,Temu,29.52,debit,Shopping,Credit Card
05-22-2023,Boston Halal,75.46,debit,Restaurants,Credit Card
05-22-2023,Mama-cita,65.5,debit,Restaurants,Credit Card
05-22-2023,StandUp show,63.72,debit,Entertainment,Credit Card
05-22-2023,Boston Shawarma,78.49,debit,Restaurants,Credit Card
05-22-2023,Uber,21.9,debit,Travel expenses,Credit Card
05-23-2023,Trader Joes,169.47,debit,Grocery shopping,Credit Card
05-23-2023,Temu,36.9,debit,Shopping,Credit Card
05-23-2023,Mama-cita,55.69,debit,Restaurants,Credit Card
05-24-2023,Mama-cita,75.94,debit,Restaurants,Credit Card
05-24-2023,Temu,36.98,debit,Shopping,Credit Card
05-25-2023,Lyft,23.07,debit,Travel expenses,Credit Card
05-26-2023,Boston Halal,59.15,debit,Restaurants,Credit Card
05-26-2023,Temu,28.27,debit,Shopping,Credit Card
05-26-2023,Mall,62.43,debit,Shopping,Credit Card
05-27-2023,Market Basket,195.15,debit,Grocery shopping,Credit Card
05-27-2023,Mall,43.27,debit,Shopping,Credit Card
05-28-2023,Amazon,31.55,debit,Shopping,Credit Card
05-28-2023,Mama-cita,45.28,debit,Restaurants,Credit Card
05-28-2023,Stop and Shop,222.7,debit,Grocery shopping,Credit Card
05-29-2023,Credit Transaction,7.74,credit,Cashback Rewards,Savings
05-29-2023,Ice skating,29.23,debit,Entertainment,Credit Card
05-29-2023,Boston Halal,61.17,debit,Restaurants,Credit Card
05-30-2023,Market Basket,257.98,debit,Grocery shopping,Credit Card
05-30-2023,Dominos,80.77,debit,Restaurants,Credit Card
05-31-2023,Boston Halal,50.04,debit,Restaurants,Credit Card
05-31-2023,Temu,72.53,debit,Shopping,Credit Card
05-31-2023,MBTA,15.98,debit,Travel expenses,Credit Card
05-31-2023,Lyft,27.42,debit,Travel expenses,Credit Card
06-01-2023,MBTA,10.7,debit,Travel expenses,Credit Card
06-01-2023,Rent/ Mortgage,1600,debit,Mortgage & Rent,Savings
06-01-2023,Eversource Electricity,74.18,debit,Utilities,Checking
06-01-2023,National Grid Gas,51.01,debit,Utilities,Checking
06-02-2023,Dominos,43.11,debit,Restaurants,Credit Card
06-03-2023,Boston Shawarma,29.3,debit,Restaurants,Credit Card
06-03-2023,Boston Halal,54.47,debit,Restaurants,Credit Card
06-03-2023,Dominos,45.52,debit,Restaurants,Credit Card
06-03-2023,Lyft,26.75,debit,Travel expenses,Credit Card
06-04-2023,Mall,50.54,debit,Shopping,Credit Card
06-04-2023,Credit Transaction,4.74,credit,Cashback Rewards,Savings
06-04-2023,Boston Shawarma,70.16,debit,Restaurants,Credit Card
06-04-2023,Lyft,21.07,debit,Travel expenses,Credit Card
06-04-2023,Amazon,27.28,debit,Shopping,Credit Card
06-04-2023,Credit Transaction,4.81,credit,Cashback Rewards,Savings
06-05-2023,Stop and Shop,188.02,debit,Grocery shopping,Credit Card
06-05-2023,Temu,52.14,debit,Shopping,Credit Card
06-06-2023,Mama-cita,42.97,debit,Restaurants,Credit Card
06-06-2023,Lyft,15.74,debit,Travel expenses,Credit Card
06-07-2023,Boston Shawarma,70.86,debit,Restaurants,Credit Card
06-07-2023,Boston Halal,82.89,debit,Restaurants,Credit Card
06-07-2023,Karaoke,51.01,debit,Entertainment,Credit Card
06-08-2023,Mama-cita,51.01,debit,Restaurants,Credit Card
06-08-2023,Mall,62.31,debit,Shopping,Credit Card
06-09-2023,Trader Joes,237.63,debit,Grocery shopping,Credit Card
06-10-2023,Temu,52.32,debit,Shopping,Credit Card
06-11-2023,Mama-cita,50.18,debit,Restaurants,Credit Card
06-11-2023,Amazon,29.28,debit,Shopping,Credit Card
06-11-2023,Ace Hardware,246.86,debit,Grocery shopping,Credit Card
06-11-2023,Market Basket,235.73,debit,Grocery shopping,Credit Card
06-13-2023,Trader Joes,181.31,debit,Grocery shopping,Credit Card
06-13-2023,Lyft,18.9,debit,Travel expenses,Credit Card
06-13-2023,Boston Shawarma,42.14,debit,Restaurants,Credit Card
06-13-2023,Market Basket,261.6,debit,Grocery shopping,Credit Card
06-13-2023,MBTA,19.32,debit,Travel expenses,Credit Card
06-13-2023,Monthly direct deposit - Salary,7638,credit,Salary,Savings
06-13-2023,Stop and Shop,208.14,debit,Grocery shopping,Credit Card
06-14-2023,Trader Joes,231.86,debit,Grocery shopping,Credit Card
06-14-2023,Ace Hardware,246,debit,Grocery shopping,Credit Card
06-14-2023,Boston Halal,45.34,debit,Restaurants,Credit Card
06-14-2023,Stop and Shop,182.11,debit,Grocery shopping,Credit Card
06-14-2023,Credit Transaction,11.25,credit,Cashback Rewards,Savings
06-15-2023,Mall,77.74,debit,Shopping,Credit Card
06-16-2023,MBTA,25.22,debit,Travel expenses,Credit Card
06-16-2023,Dominos,78.23,debit,Restaurants,Credit Card
06-16-2023,Boston Halal,82.62,debit,Restaurants,Credit Card
06-17-2023,Temu,52.56,debit,Shopping,Credit Card
06-18-2023,Stop and Shop,210.07,debit,Grocery shopping,Credit Card
06-18-2023,Temu,53.31,debit,Shopping,Credit Card
06-18-2023,Uber,15.25,debit,Travel expenses,Credit Card
06-19-2023,Mama-cita,82.59,debit,Restaurants,Credit Card
06-19-2023,Boston Halal,76.1,debit,Restaurants,Credit Card
06-19-2023,Dominos,53.61,debit,Restaurants,Credit Card
06-20-2023,StandUp show,58.4,debit,Entertainment,Credit Card
06-20-2023,Boston Shawarma,29.13,debit,Restaurants,Credit Card
06-21-2023,Boston Halal,48.16,debit,Restaurants,Credit Card
06-21-2023,Boston Shawarma,38.8,debit,Restaurants,Credit Card
06-21-2023,Amazon,42.03,debit,Shopping,Credit Card
06-21-2023,Trader Joes,256.89,debit,Grocery shopping,Credit Card
06-22-2023,Dominos,63.98,debit,Restaurants,Credit Card
06-22-2023,Boston Shawarma,42.39,debit,Restaurants,Credit Card
06-22-2023,Mama-cita,76.67,debit,Restaurants,Credit Card
06-22-2023,Boston Halal,53.6,debit,Restaurants,Credit Card
06-23-2023,Boston Halal,79.96,debit,Restaurants,Credit Card
06-23-2023,Temu,37.58,debit,Shopping,Credit Card
06-23-2023,Market Basket,197.66,debit,Grocery shopping,Credit Card
06-24-2023,Boston Shawarma,57.29,debit,Restaurants,Credit Card
06-25-2023,Mama-cita,82.9,debit,Restaurants,Credit Card
06-25-2023,Trader Joes,250.53,debit,Grocery shopping,Credit Card
06-26-2023,Mall,53.29,debit,Shopping,Credit Card
06-26-2023,Amazon,40.63,debit,Shopping,Credit Card
06-26-2023,Boston Shawarma,74.7,debit,Restaurants,Credit Card
06-27-2023,Ice skating,66.68,debit,Entertainment,Credit Card
06-27-2023,Market Basket,252.5,debit,Grocery shopping,Credit Card
06-27-2023,Mall,32,debit,Shopping,Credit Card
06-27-2023,Amazon,29.23,debit,Shopping,Credit Card
06-28-2023,Karaoke,50.92,debit,Entertainment,Credit Card
06-29-2023,Stop and Shop,188.9,debit,Grocery shopping,Credit Card
06-29-2023,Boston Shawarma,34.92,debit,Restaurants,Credit Card
06-29-2023,Dominos,64.94,debit,Restaurants,Credit Card
06-30-2023,Market Basket,204.9,debit,Grocery shopping,Credit Card
06-30-2023,Uber,28.96,debit,Travel expenses,Credit Card
06-30-2023,Stop and Shop,249.32,debit,Grocery shopping,Credit Card
06-30-2023,Amazon,70.27,debit,Shopping,Credit Card
06-30-2023,MBTA,17.67,debit,Travel expenses,Credit Card
07-01-2023,Rent/ Mortgage,1600,debit,Mortgage & Rent,Savings
07-01-2023,Eversource Electricity,60.1,debit,Utilities,Checking
07-01-2023,National Grid Gas,73.47,debit,Utilities,Checking
07-01-2023,Temu,30.72,debit,Shopping,Credit Card
07-01-2023,Market Basket,233.65,debit,Grocery shopping,Credit Card
07-01-2023,Amazon,51.19,debit,Shopping,Credit Card
07-01-2023,Trader Joes,165.76,debit,Grocery shopping,Credit Card
07-02-2023,Credit Transaction,118.79,credit,Dividends,Savings
07-02-2023,Market Basket,194.84,debit,Grocery shopping,Credit Card
07-03-2023,Uber,16.38,debit,Travel expenses,Credit Card
07-04-2023,MBTA,19.9,debit,Travel expenses,Credit Card
07-04-2023,Lyft,24.87,debit,Travel expenses,Credit Card
07-04-2023,Mall,42.01,debit,Shopping,Credit Card
07-04-2023,Mama-cita,40.7,debit,Restaurants,Credit Card
07-04-2023,Temu,46.82,debit,Shopping,Credit Card
07-04-2023,Trader Joes,212.55,debit,Grocery shopping,Credit Card
07-04-2023,Boston Halal,62.1,debit,Restaurants,Credit Card
07-05-2023,MBTA,20.35,debit,Travel expenses,Credit Card
07-05-2023,Uber,22.79,debit,Travel expenses,Credit Card
07-05-2023,Trader Joes,221.15,debit,Grocery shopping,Credit Card
07-05-2023,Stop and Shop,219.74,debit,Grocery shopping,Credit Card
07-05-2023,Mama-cita,82.3,debit,Restaurants,Credit Card
07-06-2023,Mama-cita,66.04,debit,Restaurants,Credit Card
07-07-2023,Lyft,28.13,debit,Travel expenses,Credit Card
07-07-2023,Mama-cita,30.52,debit,Restaurants,Credit Card
07-07-2023,Dominos,61.4,debit,Restaurants,Credit Card
07-08-2023,Stop and Shop,258.32,debit,Grocery shopping,Credit Card
07-08-2023,Mama-cita,40.2,debit,Restaurants,Credit Card
07-08-2023,StandUp show,24.21,debit,Entertainment,Credit Card
07-08-2023,Dominos,59.09,debit,Restaurants,Credit Card
07-08-2023,Ace Hardware,177.06,debit,Grocery shopping,Credit Card
07-09-2023,Stop and Shop,249.69,debit,Grocery shopping,Credit Card
07-09-2023,Dominos,80.12,debit,Restaurants,Credit Card
07-09-2023,Market Basket,223.61,debit,Grocery shopping,Credit Card
07-10-2023,Lyft,27.6,debit,Travel expenses,Credit Card
07-10-2023,Mall,56.58,debit,Shopping,Credit Card
07-10-2023,Credit Transaction,17.88,credit,Cashback Rewards,Savings
07-12-2023,Lyft,24.28,debit,Travel expenses,Credit Card
07-12-2023,Trader Joes,161.34,debit,Grocery shopping,Credit Card
07-13-2023,Monthly direct deposit - Salary,7638,credit,Salary,Savings
07-13-2023,Lyft,26.43,debit,Travel expenses,Credit Card
07-13-2023,AMC Boston,23.82,debit,Entertainment,Credit Card
07-13-2023,Market Basket,171.38,debit,Grocery shopping,Credit Card
07-13-2023,Mama-cita,58.33,debit,Restaurants,Credit Card
07-14-2023,Uber,24.12,debit,Travel expenses,Credit Card
07-14-2023,Ace Hardware,181.84,debit,Grocery shopping,Credit Card
07-14-2023,Lyft,17.4,debit,Travel expenses,Credit Card
07-14-2023,Mall,31.86,debit,Shopping,Credit Card
07-14-2023,Market Basket,260.07,debit,Grocery shopping,Credit Card
07-15-2023,Boston Halal,30.5,debit,Restaurants,Credit Card
07-15-2023,Dominos,49.32,debit,Restaurants,Credit Card
07-15-2023,Ace Hardware,196.24,debit,Grocery shopping,Credit Card
07-15-2023,Mama-cita,61.86,debit,Restaurants,Credit Card
07-16-2023,AMC Boston,40.44,debit,Entertainment,Credit Card
07-16-2023,Ace Hardware,202.3,debit,Grocery shopping,Credit Card
07-16-2023,Mama-cita,51.89,debit,Restaurants,Credit Card
07-16-2023,StandUp show,46.16,debit,Entertainment,Credit Card
07-17-2023,Amazon,33.15,debit,Shopping,Credit Card
07-17-2023,Credit Transaction,4.81,credit,Cashback Rewards,Savings
07-17-2023,Temu,63.73,debit,Shopping,Credit Card
07-17-2023,Boston Halal,73.43,debit,Restaurants,Credit Card
07-17-2023,Mall,42.86,debit,Shopping,Credit Card
07-18-2023,Karaoke,51.28,debit,Entertainment,Credit Card
07-18-2023,Mall,53.66,debit,Shopping,Credit Card
07-18-2023,Ice skating,44.89,debit,Entertainment,Credit Card
07-18-2023,Dominos,66.93,debit,Restaurants,Credit Card
07-18-2023,Temu,34.74,debit,Shopping,Credit Card
07-18-2023,Amazon,76.34,debit,Shopping,Credit Card
07-18-2023,Ace Hardware,192.94,debit,Grocery shopping,Credit Card
07-19-2023,Amazon,34.56,debit,Shopping,Credit Card
07-19-2023,Boston Shawarma,32.64,debit,Restaurants,Credit Card
07-19-2023,Temu,27.18,debit,Shopping,Credit Card
07-19-2023,Trader Joes,195.81,debit,Grocery shopping,Credit Card
07-20-2023,Boston Halal,28.08,debit,Restaurants,Credit Card
07-20-2023,Dominos,63.47,debit,Restaurants,Credit Card
07-20-2023,Mama-cita,40.22,debit,Restaurants,Credit Card
07-20-2023,Credit Transaction,185.9,credit,Dividends,Savings
07-20-2023,Stop and Shop,216.82,debit,Grocery shopping,Credit Card
07-20-2023,MBTA,31.29,debit,Travel expenses,Credit Card
07-21-2023,Dominos,79.99,debit,Restaurants,Credit Card
07-21-2023,Mama-cita,27.38,debit,Restaurants,Credit Card
07-21-2023,Ice skating,34.49,debit,Entertainment,Credit Card
07-21-2023,Amazon,45.79,debit,Shopping,Credit Card
07-22-2023,MBTA,27.55,debit,Travel expenses,Credit Card
07-22-2023,Lyft,29.16,debit,Travel expenses,Credit Card
07-22-2023,Boston Halal,53.56,debit,Restaurants,Credit Card
07-23-2023,Mama-cita,39.81,debit,Restaurants,Credit Card
07-23-2023,Uber,27.74,debit,Travel expenses,Credit Card
07-23-2023,Boston Halal,49.27,debit,Restaurants,Credit Card
07-24-2023,Ice skating,39.24,debit,Entertainment,Credit Card
07-24-2023,Lyft,26.92,debit,Travel expenses,Credit Card
07-24-2023,Stop and Shop,176.58,debit,Grocery shopping,Credit Card
07-25-2023,Mall,68.2,debit,Shopping,Credit Card
07-25-2023,Boston Halal,48.76,debit,Restaurants,Credit Card
07-25-2023,Dominos,69.52,debit,Restaurants,Credit Card
07-25-2023,Ace Hardware,170.43,debit,Grocery shopping,Credit Card
07-25-2023,Mama-cita,52.35,debit,Restaurants,Credit Card
07-25-2023,Credit Transaction,14.41,credit,Cashback Rewards,Savings
07-26-2023,Temu,79.39,debit,Shopping,Credit Card
07-26-2023,Ace Hardware,195.41,debit,Grocery shopping,Credit Card
07-27-2023,Stop and Shop,183.08,debit,Grocery shopping,Credit Card
07-27-2023,Dominos,60.97,debit,Restaurants,Credit Card
07-27-2023,Boston Shawarma,54.85,debit,Restaurants,Credit Card
07-28-2023,Boston Halal,79.92,debit,Restaurants,Credit Card
07-28-2023,Lyft,16.01,debit,Travel expenses,Credit Card
07-28-2023,Dominos,32.7,debit,Restaurants,Credit Card
07-28-2023,Mama-cita,52.63,debit,Restaurants,Credit Card
07-28-2023,Boston Shawarma,61.67,debit,Restaurants,Credit Card
07-29-2023,Market Basket,239.3,debit,Grocery shopping,Credit Card
07-29-2023,Boston Shawarma,71.7,debit,Restaurants,Credit Card
07-29-2023,Mama-cita,74.48,debit,Restaurants,Credit Card
07-30-2023,Boston Halal,30.36,debit,Restaurants,Credit Card
07-30-2023,MBTA,27.86,debit,Travel expenses,Credit Card
07-30-2023,AMC Boston,68.92,debit,Entertainment,Credit Card
07-31-2023,Trader Joes,229.83,debit,Grocery shopping,Credit Card
07-31-2023,Karaoke,37.29,debit,Entertainment,Credit Card
08-01-2023,Mama-cita,28.69,debit,Restaurants,Credit Card
08-01-2023,Rent/ Mortgage,1600,debit,Mortgage & Rent,Savings
08-01-2023,Eversource Electricity,77.18,debit,Utilities,Checking
08-01-2023,National Grid Gas,65.32,debit,Utilities,Checking
08-01-2023,Lyft,28.45,debit,Travel expenses,Credit Card
08-01-2023,Mall,76.93,debit,Shopping,Credit Card
08-02-2023,Dominos,80.72,debit,Restaurants,Credit Card
08-02-2023,Mama-cita,36.31,debit,Restaurants,Credit Card
08-02-2023,Amazon,77.22,debit,Shopping,Credit Card
08-02-2023,Stop and Shop,224.1,debit,Grocery shopping,Credit Card
08-03-2023,Market Basket,206.87,debit,Grocery shopping,Credit Card
08-03-2023,Dominos,71.49,debit,Restaurants,Credit Card
08-03-2023,Temu,43.94,debit,Shopping,Credit Card
08-03-2023,Credit Transaction,9.29,credit,Cashback Rewards,Savings
08-03-2023,Mall,45.72,debit,Shopping,Credit Card
08-04-2023,MBTA,20.68,debit,Travel expenses,Credit Card
08-04-2023,Credit Transaction,10.14,credit,Cashback Rewards,Savings
08-04-2023,Boston Shawarma,29.42,debit,Restaurants,Credit Card
08-04-2023,Temu,24.38,debit,Shopping,Credit Card
08-04-2023,Market Basket,169.35,debit,Grocery shopping,Credit Card
08-05-2023,Boston Halal,54.55,debit,Restaurants,Credit Card
08-05-2023,Stop and Shop,190.37,debit,Grocery shopping,Credit Card
08-05-2023,MBTA,20.86,debit,Travel expenses,Credit Card
08-06-2023,Mall,75.42,debit,Shopping,Credit Card
08-06-2023,Temu,21.38,debit,Shopping,Credit Card
08-06-2023,Karaoke,56.72,debit,Entertainment,Credit Card
08-07-2023,Temu,41.93,debit,Shopping,Credit Card
08-07-2023,Mall,23.53,debit,Shopping,Credit Card
08-07-2023,Boston Shawarma,43.41,debit,Restaurants,Credit Card
08-08-2023,Amazon,77.1,debit,Shopping,Credit Card
08-08-2023,Mama-cita,81.63,debit,Restaurants,Credit Card
08-08-2023,Boston Shawarma,63.02,debit,Restaurants,Credit Card
08-08-2023,Trader Joes,164.71,debit,Grocery shopping,Credit Card
08-08-2023,Market Basket,193.44,debit,Grocery shopping,Credit Card
08-08-2023,Dominos,34.71,debit,Restaurants,Credit Card
08-08-2023,Credit Transaction,188.6,credit,Dividends,Savings
08-09-2023,Dominos,62.56,debit,Restaurants,Credit Card
08-09-2023,Boston Halal,64.67,debit,Restaurants,Credit Card
08-09-2023,Temu,44.02,debit,Shopping,Credit Card
08-09-2023,Trader Joes,173.59,debit,Grocery shopping,Credit Card
08-11-2023,Boston Shawarma,44.35,debit,Restaurants,Credit Card
08-11-2023,Dominos,26.57,debit,Restaurants,Credit Card
08-11-2023,MBTA,11.74,debit,Travel expenses,Credit Card
08-12-2023,Amazon,44.47,debit,Shopping,Credit Card
08-12-2023,Dominos,35.12,debit,Restaurants,Credit Card
08-12-2023,Credit Transaction,9.07,credit,Cashback Rewards,Savings
08-13-2023,StandUp show,56.3,debit,Entertainment,Credit Card
08-13-2023,Mall,41.73,debit,Shopping,Credit Card
08-13-2023,Monthly direct deposit - Salary,7638,credit,Salary,Savings
08-13-2023,Amazon,77.99,debit,Shopping,Credit Card
08-14-2023,Boston Shawarma,32.73,debit,Restaurants,Credit Card
08-14-2023,MBTA,14.66,debit,Travel expenses,Credit Card
08-14-2023,Mama-cita,55.51,debit,Restaurants,Credit Card
08-15-2023,Boston Shawarma,61.45,debit,Restaurants,Credit Card
08-15-2023,Credit Transaction,18.21,credit,Cashback Rewards,Savings
08-15-2023,Uber,12.89,debit,Travel expenses,Credit Card
08-15-2023,Dominos,78.43,debit,Restaurants,Credit Card
08-15-2023,Lyft,28.06,debit,Travel expenses,Credit Card
08-15-2023,Boston Halal,73.51,debit,Restaurants,Credit Card
08-15-2023,Mama-cita,47.12,debit,Restaurants,Credit Card
08-16-2023,Dominos,78.18,debit,Restaurants,Credit Card
08-16-2023,Ice skating,58.58,debit,Entertainment,Credit Card
08-16-2023,Credit Transaction,4.15,credit,Cashback Rewards,Savings
08-16-2023,Mall,62.05,debit,Shopping,Credit Card
08-16-2023,Credit Transaction,15.25,credit,Cashback Rewards,Savings
08-17-2023,Trader Joes,161.78,debit,Grocery shopping,Credit Card
08-17-2023,Mall,38.91,debit,Shopping,Credit Card
08-17-2023,Market Basket,243.49,debit,Grocery shopping,Credit Card
08-17-2023,Lyft,28.07,debit,Travel expenses,Credit Card
08-18-2023,Boston Halal,47.02,debit,Restaurants,Credit Card
08-18-2023,Mama-cita,73.76,debit,Restaurants,Credit Card
08-18-2023,MBTA,11.36,debit,Travel expenses,Credit Card
08-18-2023,Amazon,66.55,debit,Shopping,Credit Card
08-18-2023,Lyft,19.8,debit,Travel expenses,Credit Card
08-19-2023,Boston Shawarma,64.33,debit,Restaurants,Credit Card
08-19-2023,Credit Transaction,4.35,credit,Cashback Rewards,Savings
08-19-2023,Mama-cita,39.22,debit,Restaurants,Credit Card
08-19-2023,Lyft,17.28,debit,Travel expenses,Credit Card
08-19-2023,Amazon,73.73,debit,Shopping,Credit Card
08-19-2023,Boston Halal,72.16,debit,Restaurants,Credit Card
08-20-2023,Mall,22.13,debit,Shopping,Credit Card
08-20-2023,Market Basket,233.61,debit,Grocery shopping,Credit Card
08-21-2023,Temu,77.43,debit,Shopping,Credit Card
08-21-2023,Uber,27.63,debit,Travel expenses,Credit Card
08-21-2023,MBTA,15.66,debit,Travel expenses,Credit Card
08-21-2023,AMC Boston,23.96,debit,Entertainment,Credit Card
08-22-2023,MBTA,22.5,debit,Travel expenses,Credit Card
08-22-2023,Boston Halal,50.63,debit,Restaurants,Credit Card
08-22-2023,Credit Transaction,10.25,credit,Cashback Rewards,Savings
08-22-2023,Mama-cita,28.83,debit,Restaurants,Credit Card
08-22-2023,Credit Transaction,12.33,credit,Cashback Rewards,Savings
08-23-2023,Ace Hardware,175.94,debit,Grocery shopping,Credit Card
08-23-2023,Ice skating,33.55,debit,Entertainment,Credit Card
08-23-2023,Karaoke,47.59,debit,Entertainment,Credit Card
08-24-2023,Credit Transaction,8.25,credit,Cashback Rewards,Savings
08-24-2023,Mama-cita,73.23,debit,Restaurants,Credit Card
08-24-2023,Boston Shawarma,69.59,debit,Restaurants,Credit Card
08-25-2023,Temu,49.27,debit,Shopping,Credit Card
08-25-2023,Mama-cita,74.1,debit,Restaurants,Credit Card
08-25-2023,Credit Transaction,13.32,credit,Cashback Rewards,Savings
08-25-2023,Uber,23.48,debit,Travel expenses,Credit Card
08-25-2023,Boston Halal,61.58,debit,Restaurants,Credit Card
08-25-2023,Ace Hardware,171.52,debit,Grocery shopping,Credit Card
08-26-2023,Amazon,22.96,debit,Shopping,Credit Card
08-26-2023,Dominos,60.76,debit,Restaurants,Credit Card
08-26-2023,Mall,44.78,debit,Shopping,Credit Card
08-26-2023,Mama-cita,48.61,debit,Restaurants,Credit Card
08-26-2023,Uber,11.28,debit,Travel expenses,Credit Card
08-26-2023,Credit Transaction,112.84,credit,Dividends,Savings
08-27-2023,Boston Halal,79.92,debit,Restaurants,Credit Card
08-27-2023,Lyft,27.12,debit,Travel expenses,Credit Card
08-27-2023,Amazon,35.19,debit,Shopping,Credit Card
08-28-2023,Boston Halal,81.55,debit,Restaurants,Credit Card
08-28-2023,Trader Joes,200.02,debit,Grocery shopping,Credit Card
08-28-2023,Boston Shawarma,79.08,debit,Restaurants,Credit Card
08-28-2023,Dominos,27.47,debit,Restaurants,Credit Card
08-29-2023,Uber,15.14,debit,Travel expenses,Credit Card
08-30-2023,Mall,50.66,debit,Shopping,Credit Card
08-30-2023,Temu,49.72,debit,Shopping,Credit Card
08-30-2023,Dominos,50.74,debit,Restaurants,Credit Card
08-31-2023,StandUp show,32.81,debit,Entertainment,Credit Card
08-31-2023,Amazon,81.64,debit,Shopping,Credit Card
08-31-2023,Boston Halal,26.71,debit,Restaurants,Credit Card
08-31-2023,Lyft,21.1,debit,Travel expenses,Credit Card
09-01-2023,Rent/ Mortgage,1700,debit,Mortgage & Rent,Savings
09-01-2023,Eversource Electricity,57.09,debit,Utilities,Checking
09-01-2023,National Grid Gas,65.05,debit,Utilities,Checking
09-01-2023,Boston Shawarma,36.2,debit,Restaurants,Credit Card
09-01-2023,Stop and Shop,252.77,debit,Grocery shopping,Credit Card
09-01-2023,Ace Hardware,224.68,debit,Grocery shopping,Credit Card
09-02-2023,Trader Joes,204.84,debit,Grocery shopping,Credit Card
09-03-2023,Amazon,21.22,debit,Shopping,Credit Card
09-03-2023,Market Basket,244.18,debit,Grocery shopping,Credit Card
09-03-2023,Mama-cita,78.78,debit,Restaurants,Credit Card
09-04-2023,Dominos,83.35,debit,Restaurants,Credit Card
09-04-2023,Boston Shawarma,71.37,debit,Restaurants,Credit Card
09-04-2023,Mall,74.8,debit,Shopping,Credit Card
09-05-2023,Stop and Shop,235.4,debit,Grocery shopping,Credit Card
09-05-2023,Lyft,29.48,debit,Travel expenses,Credit Card
09-06-2023,Temu,82.85,debit,Shopping,Credit Card
09-06-2023,Credit Transaction,11.69,credit,Cashback Rewards,Savings
09-06-2023,Boston Halal,56.16,debit,Restaurants,Credit Card
09-06-2023,Mama-cita,45.24,debit,Restaurants,Credit Card
09-07-2023,Temu,72.42,debit,Shopping,Credit Card
09-07-2023,Boston Halal,32.07,debit,Restaurants,Credit Card
09-07-2023,Boston Shawarma,63.54,debit,Restaurants,Credit Card
09-07-2023,Credit Transaction,18.61,credit,Cashback Rewards,Savings
09-07-2023,Dominos,70.5,debit,Restaurants,Credit Card
09-08-2023,Dominos,77.7,debit,Restaurants,Credit Card
09-08-2023,Boston Halal,67.13,debit,Restaurants,Credit Card
09-08-2023,Mama-cita,65.41,debit,Restaurants,Credit Card
09-08-2023,Temu,67.82,debit,Shopping,Credit Card
09-08-2023,Market Basket,177.96,debit,Grocery shopping,Credit Card
09-10-2023,Dominos,32.46,debit,Restaurants,Credit Card
09-10-2023,Mall,49.67,debit,Shopping,Credit Card
09-11-2023,Market Basket,190.91,debit,Grocery shopping,Credit Card
09-11-2023,Uber,17.25,debit,Travel expenses,Credit Card
09-11-2023,MBTA,22.76,debit,Travel expenses,Credit Card
09-12-2023,Market Basket,241.3,debit,Grocery shopping,Credit Card
09-12-2023,Mall,26.17,debit,Shopping,Credit Card
09-12-2023,Boston Halal,39.3,debit,Restaurants,Credit Card
09-12-2023,Temu,21.76,debit,Shopping,Credit Card
09-13-2023,Market Basket,244.61,debit,Grocery shopping,Credit Card
09-13-2023,Monthly direct deposit - Salary,7638,credit,Salary,Savings
09-13-2023,Mama-cita,46.31,debit,Restaurants,Credit Card
09-14-2023,Trader Joes,256.45,debit,Grocery shopping,Credit Card
09-14-2023,Uber,14.31,debit,Travel expenses,Credit Card
09-14-2023,Lyft,26.72,debit,Travel expenses,Credit Card
09-15-2023,AMC Boston,31.48,debit,Entertainment,Credit Card
09-15-2023,Mall,63.72,debit,Shopping,Credit Card
09-15-2023,Dominos,46.45,debit,Restaurants,Credit Card
09-15-2023,Amazon,64.63,debit,Shopping,Credit Card
09-15-2023,Trader Joes,251.98,debit,Grocery shopping,Credit Card
09-16-2023,Mama-cita,44.66,debit,Restaurants,Credit Card
09-17-2023,StandUp show,22.01,debit,Entertainment,Credit Card
09-17-2023,Dominos,57.04,debit,Restaurants,Credit Card
09-17-2023,Uber,30.37,debit,Travel expenses,Credit Card
09-19-2023,StandUp show,39.57,debit,Entertainment,Credit Card
09-19-2023,Market Basket,161.99,debit,Grocery shopping,Credit Card
09-19-2023,MBTA,29.51,debit,Travel expenses,Credit Card
09-19-2023,Ace Hardware,205,debit,Grocery shopping,Credit Card
09-20-2023,Boston Halal,74.21,debit,Restaurants,Credit Card
09-20-2023,Stop and Shop,247.08,debit,Grocery shopping,Credit Card
09-20-2023,Trader Joes,204.89,debit,Grocery shopping,Credit Card
09-20-2023,Mama-cita,48.61,debit,Restaurants,Credit Card
09-21-2023,Dominos,63.74,debit,Restaurants,Credit Card
09-23-2023,Credit Transaction,17.6,credit,Cashback Rewards,Savings
09-23-2023,Trader Joes,255.63,debit,Grocery shopping,Credit Card
09-24-2023,Mall,69.52,debit,Shopping,Credit Card
09-25-2023,Dominos,79.54,debit,Restaurants,Credit Card
09-25-2023,StandUp show,67.16,debit,Entertainment,Credit Card
09-26-2023,MBTA,14.14,debit,Travel expenses,Credit Card
09-26-2023,Dominos,78.5,debit,Restaurants,Credit Card
09-26-2023,Boston Halal,79.7,debit,Restaurants,Credit Card
09-27-2023,Boston Shawarma,67.08,debit,Restaurants,Credit Card
09-28-2023,Boston Shawarma,59.7,debit,Restaurants,Credit Card
09-28-2023,MBTA,18.52,debit,Travel expenses,Credit Card
09-28-2023,Mall,79.54,debit,Shopping,Credit Card
09-29-2023,Stop and Shop,220.75,debit,Grocery shopping,Credit Card
09-29-2023,Ace Hardware,163.87,debit,Grocery shopping,Credit Card
09-29-2023,Dominos,40.52,debit,Restaurants,Credit Card
09-29-2023,Temu,72.16,debit,Shopping,Credit Card
09-30-2023,Karaoke,41.47,debit,Entertainment,Credit Card
10-01-2023,Rent/ Mortgage,1700,debit,Mortgage & Rent,Savings
10-01-2023,Eversource Electricity,57.98,debit,Utilities,Checking
10-01-2023,National Grid Gas,67.61,debit,Utilities,Checking
10-01-2023,Heating fuel,185.72,debit,Utilities,Checking
10-01-2023,Stop and Shop,171.36,debit,Grocery shopping,Credit Card
10-01-2023,Lyft,30.43,debit,Travel expenses,Credit Card
10-02-2023,Credit Transaction,18.53,credit,Cashback Rewards,Savings
10-02-2023,Credit Transaction,7.79,credit,Cashback Rewards,Savings
10-02-2023,Boston Halal,68.17,debit,Restaurants,Credit Card
10-03-2023,Ice skating,71.84,debit,Entertainment,Credit Card
10-04-2023,Temu,29.57,debit,Shopping,Credit Card
10-05-2023,Amazon,27.11,debit,Shopping,Credit Card
10-05-2023,MBTA,13.82,debit,Travel expenses,Credit Card
10-06-2023,Stop and Shop,194.1,debit,Grocery shopping,Credit Card
10-06-2023,Mama-cita,79.56,debit,Restaurants,Credit Card
10-06-2023,Karaoke,25.92,debit,Entertainment,Credit Card
10-06-2023,Market Basket,205.34,debit,Grocery shopping,Credit Card
10-06-2023,Temu,36.75,debit,Shopping,Credit Card
10-06-2023,Boston Halal,65.97,debit,Restaurants,Credit Card
10-07-2023,Amazon,51.39,debit,Shopping,Credit Card
10-07-2023,Mama-cita,38.41,debit,Restaurants,Credit Card
10-08-2023,Temu,78.93,debit,Shopping,Credit Card
10-08-2023,Boston Shawarma,40.13,debit,Restaurants,Credit Card
10-08-2023,Trader Joes,181.4,debit,Grocery shopping,Credit Card
10-08-2023,Lyft,14.15,debit,Travel expenses,Credit Card
10-09-2023,Stop and Shop,242.96,debit,Grocery shopping,Credit Card
10-09-2023,Ace Hardware,232.29,debit,Grocery shopping,Credit Card
10-10-2023,Dominos,61.27,debit,Restaurants,Credit Card
10-11-2023,Boston Shawarma,60.79,debit,Restaurants,Credit Card
10-11-2023,StandUp show,62.05,debit,Entertainment,Credit Card
10-11-2023,Temu,58.44,debit,Shopping,Credit Card
10-12-2023,Dominos,40.43,debit,Restaurants,Credit Card
10-12-2023,Boston Halal,72.4,debit,Restaurants,Credit Card
10-13-2023,Boston Shawarma,80.41,debit,Restaurants,Credit Card
10-13-2023,Market Basket,202.07,debit,Grocery shopping,Credit Card
10-13-2023,Monthly direct deposit - Salary,7638,credit,Salary,Savings
10-13-2023,Boston Halal,29.34,debit,Restaurants,Credit Card
10-13-2023,Mama-cita,34.59,debit,Restaurants,Credit Card
10-14-2023,AMC Boston,30.3,debit,Entertainment,Credit Card
10-14-2023,Ace Hardware,239.26,debit,Grocery shopping,Credit Card
10-15-2023,Credit Transaction,15.18,credit,Cashback Rewards,Savings
10-15-2023,Market Basket,174.94,debit,Grocery shopping,Credit Card
10-15-2023,Temu,61.45,debit,Shopping,Credit Card
10-15-2023,StandUp show,33.19,debit,Entertainment,Credit Card
10-16-2023,Boston Halal,61.71,debit,Restaurants,Credit Card
10-16-2023,Stop and Shop,160.47,debit,Grocery shopping,Credit Card
10-16-2023,Uber,25.36,debit,Travel expenses,Credit Card
10-17-2023,Stop and Shop,170.4,debit,Grocery shopping,Credit Card
10-17-2023,Market Basket,204.45,debit,Grocery shopping,Credit Card
10-17-2023,Boston Halal,81.06,debit,Restaurants,Credit Card
10-17-2023,Mama-cita,80.08,debit,Restaurants,Credit Card
10-17-2023,Boston Shawarma,77.23,debit,Restaurants,Credit Card
10-17-2023,Ice skating,24.43,debit,Entertainment,Credit Card
10-17-2023,Dominos,52.9,debit,Restaurants,Credit Card
10-18-2023,Mama-cita,55.59,debit,Restaurants,Credit Card
10-18-2023,StandUp show,53.27,debit,Entertainment,Credit Card
10-18-2023,Boston Halal,58.82,debit,Restaurants,Credit Card
10-18-2023,Dominos,71.23,debit,Restaurants,Credit Card
10-18-2023,Boston Shawarma,40.5,debit,Restaurants,Credit Card
10-19-2023,Mama-cita,31.27,debit,Restaurants,Credit Card
10-19-2023,Temu,26.11,debit,Shopping,Credit Card
10-19-2023,Boston Shawarma,45.55,debit,Restaurants,Credit Card
10-20-2023,Mama-cita,54.89,debit,Restaurants,Credit Card
10-20-2023,Dominos,45.91,debit,Restaurants,Credit Card
10-20-2023,Market Basket,210.02,debit,Grocery shopping,Credit Card
10-21-2023,Ace Hardware,177.64,debit,Grocery shopping,Credit Card
10-22-2023,Boston Halal,60.34,debit,Restaurants,Credit Card
10-22-2023,Temu,72.68,debit,Shopping,Credit Card
10-22-2023,Amazon,38.95,debit,Shopping,Credit Card
10-22-2023,Mama-cita,54.51,debit,Restaurants,Credit Card
10-23-2023,Temu,43.06,debit,Shopping,Credit Card
10-23-2023,Mama-cita,48.15,debit,Restaurants,Credit Card
10-24-2023,Mall,38.05,debit,Shopping,Credit Card
10-26-2023,Lyft,27.32,debit,Travel expenses,Credit Card
10-26-2023,Boston Shawarma,49.56,debit,Restaurants,Credit Card
10-26-2023,MBTA,29.01,debit,Travel expenses,Credit Card
10-26-2023,Stop and Shop,212.86,debit,Grocery shopping,Credit Card
10-26-2023,Temu,23.63,debit,Shopping,Credit Card
10-27-2023,Market Basket,187.1,debit,Grocery shopping,Credit Card
10-27-2023,Temu,43.98,debit,Shopping,Credit Card
10-27-2023,Lyft,21.69,debit,Travel expenses,Credit Card
10-28-2023,MBTA,11.69,debit,Travel expenses,Credit Card
10-28-2023,Credit Transaction,7.51,credit,Cashback Rewards,Savings
10-29-2023,Boston Shawarma,62.19,debit,Restaurants,Credit Card
10-29-2023,Ice skating,39.74,debit,Entertainment,Credit Card
10-29-2023,Market Basket,247.43,debit,Grocery shopping,Credit Card
10-29-2023,Uber,28.21,debit,Travel expenses,Credit Card
10-30-2023,Credit Transaction,19.42,credit,Cashback Rewards,Savings
10-30-2023,Ace Hardware,232.56,debit,Grocery shopping,Credit Card
10-30-2023,MBTA,27.18,debit,Travel expenses,Credit Card
10-30-2023,Stop and Shop,171.48,debit,Grocery shopping,Credit Card
10-30-2023,Market Basket,171.18,debit,Grocery shopping,Credit Card
10-30-2023,Credit Transaction,7.41,credit,Cashback Rewards,Savings
10-30-2023,Trader Joes,162.34,debit,Grocery shopping,Credit Card
10-30-2023,AMC Boston,66.75,debit,Entertainment,Credit Card
10-31-2023,Trader Joes,245.56,debit,Grocery shopping,Credit Card
10-31-2023,AMC Boston,34.54,debit,Entertainment,Credit Card
10-31-2023,Lyft,17.37,debit,Travel expenses,Credit Card
10-31-2023,Uber,20.42,debit,Travel expenses,Credit Card
11-01-2023,Lyft,25.84,debit,Travel expenses,Credit Card
11-01-2023,Rent/ Mortgage,1700,debit,Mortgage & Rent,Savings
11-01-2023,Eversource Electricity,69.41,debit,Utilities,Checking
11-01-2023,National Grid Gas,57.92,debit,Utilities,Checking
11-01-2023,Heating fuel,249.85,debit,Utilities,Checking
11-01-2023,Dominos,44.69,debit,Restaurants,Credit Card
11-02-2023,Boston Shawarma,41.13,debit,Restaurants,Credit Card
11-03-2023,Stop and Shop,235.75,debit,Grocery shopping,Credit Card
11-04-2023,Lyft,11.4,debit,Travel expenses,Credit Card
11-04-2023,Ace Hardware,223.64,debit,Grocery shopping,Credit Card
11-04-2023,Credit Transaction,3.26,credit,Cashback Rewards,Savings
11-04-2023,Ice skating,63.55,debit,Entertainment,Credit Card
11-05-2023,Boston Halal,67.45,debit,Restaurants,Credit Card
11-05-2023,Trader Joes,228.3,debit,Grocery shopping,Credit Card
11-06-2023,Ace Hardware,227.09,debit,Grocery shopping,Credit Card
11-06-2023,Temu,74.77,debit,Shopping,Credit Card
11-06-2023,Stop and Shop,185.23,debit,Grocery shopping,Credit Card
11-06-2023,Credit Transaction,4.84,credit,Cashback Rewards,Savings
11-07-2023,Mama-cita,38.84,debit,Restaurants,Credit Card
11-07-2023,Amazon,62.18,debit,Shopping,Credit Card
11-07-2023,Dominos,72.1,debit,Restaurants,Credit Card
11-08-2023,Trader Joes,162.28,debit,Grocery shopping,Credit Card
11-08-2023,MBTA,12.23,debit,Travel expenses,Credit Card
11-08-2023,Temu,40,debit,Shopping,Credit Card
11-08-2023,Lyft,20.37,debit,Travel expenses,Credit Card
11-09-2023,Credit Transaction,19.74,credit,Cashback Rewards,Savings
11-09-2023,Market Basket,201.04,debit,Grocery shopping,Credit Card
11-09-2023,Stop and Shop,198.91,debit,Grocery shopping,Credit Card
11-10-2023,Stop and Shop,197.19,debit,Grocery shopping,Credit Card
11-10-2023,Temu,78.68,debit,Shopping,Credit Card
11-10-2023,Mama-cita,59.31,debit,Restaurants,Credit Card
11-11-2023,Amazon,72.14,debit,Shopping,Credit Card
11-12-2023,Mama-cita,45.48,debit,Restaurants,Credit Card
11-13-2023,Trader Joes,235.36,debit,Grocery shopping,Credit Card
11-13-2023,Monthly direct deposit - Salary,7867,credit,Salary,Savings
11-13-2023,StandUp show,42.26,debit,Entertainment,Credit Card
11-13-2023,Uber,14.83,debit,Travel expenses,Credit Card
11-13-2023,Ice skating,36.78,debit,Entertainment,Credit Card
11-13-2023,Amazon,36.27,debit,Shopping,Credit Card
11-14-2023,Stop and Shop,208.63,debit,Grocery shopping,Credit Card
11-14-2023,Temu,27.5,debit,Shopping,Credit Card
11-14-2023,Mall,55.35,debit,Shopping,Credit Card
11-14-2023,Market Basket,155.31,debit,Grocery shopping,Credit Card
11-14-2023,Boston Halal,29.42,debit,Restaurants,Credit Card
11-15-2023,Dominos,60.08,debit,Restaurants,Credit Card
11-15-2023,Mama-cita,25.82,debit,Restaurants,Credit Card
11-16-2023,Mama-cita,30.61,debit,Restaurants,Credit Card
11-16-2023,Dominos,70.65,debit,Restaurants,Credit Card
11-16-2023,Market Basket,251.81,debit,Grocery shopping,Credit Card
11-17-2023,Stop and Shop,195.17,debit,Grocery shopping,Credit Card
11-17-2023,Boston Shawarma,73.28,debit,Restaurants,Credit Card
11-18-2023,Market Basket,193.8,debit,Grocery shopping,Credit Card
11-19-2023,Mama-cita,61.06,debit,Restaurants,Credit Card
11-19-2023,Dominos,57.47,debit,Restaurants,Credit Card
11-19-2023,Temu,80.21,debit,Shopping,Credit Card
11-19-2023,StandUp show,51.25,debit,Entertainment,Credit Card
11-20-2023,Market Basket,156.4,debit,Grocery shopping,Credit Card
11-21-2023,Boston Halal,52.96,debit,Restaurants,Credit Card
11-21-2023,Market Basket,170.69,debit,Grocery shopping,Credit Card
11-21-2023,Mall,38.93,debit,Shopping,Credit Card
11-21-2023,Ice skating,45.69,debit,Entertainment,Credit Card
11-21-2023,Amazon,39.38,debit,Shopping,Credit Card
11-22-2023,Mama-cita,28.65,debit,Restaurants,Credit Card
11-22-2023,AMC Boston,21.36,debit,Entertainment,Credit Card
11-23-2023,Karaoke,47.59,debit,Entertainment,Credit Card
11-23-2023,Mall,48.48,debit,Shopping,Credit Card
11-23-2023,Boston Halal,35.31,debit,Restaurants,Credit Card
11-24-2023,MBTA,11.71,debit,Travel expenses,Credit Card
11-24-2023,Uber,21.68,debit,Travel expenses,Credit Card
11-24-2023,Credit Transaction,6.18,credit,Cashback Rewards,Savings
11-26-2023,Market Basket,206.4,debit,Grocery shopping,Credit Card
11-26-2023,Stop and Shop,181.7,debit,Grocery shopping,Credit Card
11-26-2023,Boston Shawarma,39.05,debit,Restaurants,Credit Card
11-26-2023,StandUp show,39.42,debit,Entertainment,Credit Card
11-26-2023,Mama-cita,79.92,debit,Restaurants,Credit Card
11-26-2023,Amazon,58.29,debit,Shopping,Credit Card
11-27-2023,Mama-cita,28.88,debit,Restaurants,Credit Card
11-27-2023,Lyft,20.42,debit,Travel expenses,Credit Card
11-27-2023,Dominos,36.74,debit,Restaurants,Credit Card
11-27-2023,StandUp show,68.35,debit,Entertainment,Credit Card
11-28-2023,Trader Joes,184.47,debit,Grocery shopping,Credit Card
11-29-2023,Karaoke,30.77,debit,Entertainment,Credit Card
11-30-2023,Ace Hardware,203.99,debit,Grocery shopping,Credit Card
11-30-2023,Mama-cita,41.76,debit,Restaurants,Credit Card
11-30-2023,Dominos,45.76,debit,Restaurants,Credit Card
12-01-2023,Market Basket,232.64,debit,Grocery shopping,Credit Card
12-01-2023,Rent/ Mortgage,1700,debit,Mortgage & Rent,Savings
12-01-2023,Eversource Electricity,51.3,debit,Utilities,Checking
12-01-2023,National Grid Gas,50.86,debit,Utilities,Checking
12-01-2023,Heating fuel,156.05,debit,Utilities,Checking
12-01-2023,Mama-cita,78.14,debit,Restaurants,Credit Card
12-01-2023,Mall,36.01,debit,Shopping,Credit Card
12-01-2023,Uber,23.81,debit,Travel expenses,Credit Card
12-02-2023,Lyft,11.99,debit,Travel expenses,Credit Card
12-03-2023,Boston Halal,68.97,debit,Restaurants,Credit Card
12-03-2023,Uber,18.55,debit,Travel expenses,Credit Card
12-05-2023,Mama-cita,41.36,debit,Restaurants,Credit Card
12-05-2023,Boston Shawarma,32.82,debit,Restaurants,Credit Card
12-05-2023,Dominos,37.48,debit,Restaurants,Credit Card
12-05-2023,Ice skating,55.84,debit,Entertainment,Credit Card
12-05-2023,Boston Halal,81.4,debit,Restaurants,Credit Card
12-06-2023,Ace Hardware,211.26,debit,Grocery shopping,Credit Card
12-06-2023,Credit Transaction,121.84,credit,Dividends,Savings
12-06-2023,Amazon,43.83,debit,Shopping,Credit Card
12-07-2023,Amazon,48.98,debit,Shopping,Credit Card
12-07-2023,Mall,54.57,debit,Shopping,Credit Card
12-08-2023,Credit Transaction,166.27,credit,Dividends,Savings
12-09-2023,MBTA,22.73,debit,Travel expenses,Credit Card
12-09-2023,Boston Halal,40.8,debit,Restaurants,Credit Card
12-09-2023,Dominos,38.96,debit,Restaurants,Credit Card
12-10-2023,Mama-cita,35.09,debit,Restaurants,Credit Card
12-10-2023,Ice skating,59.15,debit,Entertainment,Credit Card
12-11-2023,Ace Hardware,194,debit,Grocery shopping,Credit Card
12-11-2023,Boston Halal,62.33,debit,Restaurants,Credit Card
12-11-2023,Stop and Shop,176.68,debit,Grocery shopping,Credit Card
12-11-2023,Boston Shawarma,65.76,debit,Restaurants,Credit Card
12-12-2023,Karaoke,46.25,debit,Entertainment,Credit Card
12-12-2023,Credit Transaction,8.21,credit,Cashback Rewards,Savings
12-12-2023,Stop and Shop,221.86,debit,Grocery shopping,Credit Card
12-13-2023,Dominos,47.77,debit,Restaurants,Credit Card
12-13-2023,Amazon,34.5,debit,Shopping,Credit Card
12-13-2023,Monthly direct deposit - Salary,7867,credit,Salary,Savings
12-15-2023,Stop and Shop,157.41,debit,Grocery shopping,Credit Card
12-15-2023,Boston Halal,45.49,debit,Restaurants,Credit Card
12-16-2023,Dominos,36.46,debit,Restaurants,Credit Card
12-16-2023,Boston Halal,28.47,debit,Restaurants,Credit Card
12-17-2023,Uber,28.13,debit,Travel expenses,Credit Card
12-17-2023,Amazon,28.98,debit,Shopping,Credit Card
12-18-2023,Trader Joes,180.09,debit,Grocery shopping,Credit Card
12-18-2023,MBTA,16.52,debit,Travel expenses,Credit Card
12-19-2023,Dominos,35.11,debit,Restaurants,Credit Card
12-20-2023,Boston Halal,43.09,debit,Restaurants,Credit Card
12-20-2023,Ace Hardware,255.64,debit,Grocery shopping,Credit Card
12-20-2023,Mama-cita,45.8,debit,Restaurants,Credit Card
12-21-2023,Boston Halal,58.65,debit,Restaurants,Credit Card
12-21-2023,Trader Joes,256.92,debit,Grocery shopping,Credit Card
12-21-2023,Stop and Shop,228.52,debit,Grocery shopping,Credit Card
12-21-2023,Dominos,42.4,debit,Restaurants,Credit Card
12-22-2023,Amazon,68.26,debit,Shopping,Credit Card
12-22-2023,Stop and Shop,162.11,debit,Grocery shopping,Credit Card
12-23-2023,Mall,41.42,debit,Shopping,Credit Card
12-24-2023,Temu,80.47,debit,Shopping,Credit Card
12-24-2023,Dominos,82.01,debit,Restaurants,Credit Card
12-24-2023,Boston Halal,53.43,debit,Restaurants,Credit Card
12-25-2023,Boston Halal,66.27,debit,Restaurants,Credit Card
12-25-2023,Boston Shawarma,52.6,debit,Restaurants,Credit Card
12-25-2023,Stop and Shop,200.06,debit,Grocery shopping,Credit Card
12-25-2023,Ace Hardware,193.64,debit,Grocery shopping,Credit Card
12-25-2023,Trader Joes,236.73,debit,Grocery shopping,Credit Card
12-26-2023,Credit Transaction,11.56,credit,Cashback Rewards,Savings
12-26-2023,Lyft,27.94,debit,Travel expenses,Credit Card
12-26-2023,AMC Boston,27.77,debit,Entertainment,Credit Card
12-26-2023,Boston Halal,82.2,debit,Restaurants,Credit Card
12-27-2023,Mama-cita,54.87,debit,Restaurants,Credit Card
12-27-2023,Boston Halal,57.09,debit,Restaurants,Credit Card
12-28-2023,Temu,77.2,debit,Shopping,Credit Card
12-30-2023,Ace Hardware,242.74,debit,Grocery shopping,Credit Card
12-30-2023,Boston Halal,38.11,debit,Restaurants,Credit Card
12-30-2023,Uber,15.98,debit,Travel expenses,Credit Card
12-30-2023,Dominos,39.65,debit,Restaurants,Credit Card
12-31-2023,Dominos,26.34,debit,Restaurants,Credit Card
12-31-2023,Trader Joes,206.11,debit,Grocery shopping,Credit Card
12-31-2023,Boston Halal,37.96,debit,Restaurants,Credit Card
01-01-2024,Rent/ Mortgage,1700,debit,Mortgage & Rent,Savings
01-01-2024,Eversource Electricity,68.61,debit,Utilities,Checking
01-01-2024,National Grid Gas,74.25,debit,Utilities,Checking
01-01-2024,Heating fuel,243.49,debit,Utilities,Checking
01-01-2024,Temu,30.04,debit,Shopping,Credit Card
01-01-2024,Dominos,73.72,debit,Restaurants,Credit Card
01-01-2024,Uber,28.92,debit,Travel expenses,Credit Card
01-01-2024,Boston Shawarma,55.3,debit,Restaurants,Credit Card
01-01-2024,Mama-cita,69.18,debit,Restaurants,Credit Card
01-02-2024,Mama-cita,62.01,debit,Restaurants,Credit Card
01-02-2024,Boston Shawarma,31.4,debit,Restaurants,Credit Card
01-03-2024,Market Basket,210.18,debit,Grocery shopping,Credit Card
01-03-2024,Credit Transaction,103.66,credit,Dividends,Savings
01-04-2024,Lyft,20.77,debit,Travel expenses,Credit Card
01-04-2024,Uber,18.98,debit,Travel expenses,Credit Card
01-04-2024,Mama-cita,59.01,debit,Restaurants,Credit Card
01-04-2024,Boston Halal,55.24,debit,Restaurants,Credit Card
01-04-2024,Mall,21.65,debit,Shopping,Credit Card
01-05-2024,Amazon,51.48,debit,Shopping,Credit Card
01-05-2024,AMC Boston,44.69,debit,Entertainment,Credit Card
01-05-2024,Temu,65.65,debit,Shopping,Credit Card
01-05-2024,Mama-cita,37.26,debit,Restaurants,Credit Card
01-06-2024,Lyft,15.57,debit,Travel expenses,Credit Card
01-06-2024,Boston Halal,29.63,debit,Restaurants,Credit Card
01-06-2024,Mama-cita,41.15,debit,Restaurants,Credit Card
01-06-2024,Karaoke,45.39,debit,Entertainment,Credit Card
01-06-2024,Credit Transaction,17.84,credit,Cashback Rewards,Savings
01-06-2024,Trader Joes,259.82,debit,Grocery shopping,Credit Card
01-07-2024,Market Basket,233.88,debit,Grocery shopping,Credit Card
01-07-2024,Lyft,22.8,debit,Travel expenses,Credit Card
01-07-2024,Ace Hardware,214.2,debit,Grocery shopping,Credit Card
01-07-2024,Boston Halal,81.15,debit,Restaurants,Credit Card
01-07-2024,Temu,58.19,debit,Shopping,Credit Card
01-07-2024,Dominos,55.74,debit,Restaurants,Credit Card
01-08-2024,Dominos,46.54,debit,Restaurants,Credit Card
01-08-2024,Trader Joes,245.54,debit,Grocery shopping,Credit Card
01-08-2024,Market Basket,206.95,debit,Grocery shopping,Credit Card
01-08-2024,Ace Hardware,243.69,debit,Grocery shopping,Credit Card
01-09-2024,Temu,36.44,debit,Shopping,Credit Card
01-09-2024,Market Basket,219.78,debit,Grocery shopping,Credit Card
01-10-2024,Trader Joes,243.59,debit,Grocery shopping,Credit Card
01-10-2024,Stop and Shop,180.86,debit,Grocery shopping,Credit Card
01-10-2024,StandUp show,67.88,debit,Entertainment,Credit Card
01-11-2024,Boston Halal,36.74,debit,Restaurants,Credit Card
01-11-2024,Dominos,48.31,debit,Restaurants,Credit Card
01-11-2024,Market Basket,197.83,debit,Grocery shopping,Credit Card
01-11-2024,Mall,39.46,debit,Shopping,Credit Card
01-11-2024,Boston Shawarma,69.19,debit,Restaurants,Credit Card
01-11-2024,Lyft,13.44,debit,Travel expenses,Credit Card
01-12-2024,Amazon,83.17,debit,Shopping,Credit Card
01-13-2024,Boston Shawarma,44.92,debit,Restaurants,Credit Card
01-13-2024,Amazon,43.06,debit,Shopping,Credit Card
01-13-2024,Dominos,36.75,debit,Restaurants,Credit Card
01-13-2024,Monthly direct deposit - Salary,7867,credit,Salary,Savings
01-14-2024,Dominos,39.56,debit,Restaurants,Credit Card
01-14-2024,Mama-cita,51.93,debit,Restaurants,Credit Card
01-14-2024,Boston Halal,66.21,debit,Restaurants,Credit Card
01-15-2024,Boston Halal,44.68,debit,Restaurants,Credit Card
01-15-2024,Mama-cita,66.62,debit,Restaurants,Credit Card
01-15-2024,Amazon,23.5,debit,Shopping,Credit Card
01-15-2024,Boston Shawarma,40.52,debit,Restaurants,Credit Card
01-16-2024,Uber,16.05,debit,Travel expenses,Credit Card
01-17-2024,Ace Hardware,242.96,debit,Grocery shopping,Credit Card
01-17-2024,Mall,68.06,debit,Shopping,Credit Card
01-17-2024,Market Basket,203.41,debit,Grocery shopping,Credit Card
01-17-2024,Uber,13.51,debit,Travel expenses,Credit Card
01-17-2024,Lyft,30.85,debit,Travel expenses,Credit Card
01-17-2024,Amazon,47.95,debit,Shopping,Credit Card
01-18-2024,Trader Joes,209.08,debit,Grocery shopping,Credit Card
01-18-2024,Stop and Shop,246.12,debit,Grocery shopping,Credit Card
01-18-2024,Market Basket,159.3,debit,Grocery shopping,Credit Card
01-19-2024,Mall,79.54,debit,Shopping,Credit Card
01-19-2024,AMC Boston,23.8,debit,Entertainment,Credit Card
01-19-2024,Uber,16.3,debit,Travel expenses,Credit Card
01-19-2024,Market Basket,238.82,debit,Grocery shopping,Credit Card
01-20-2024,Temu,67.57,debit,Shopping,Credit Card
01-20-2024,Mama-cita,31.62,debit,Restaurants,Credit Card
01-20-2024,Credit Transaction,5.86,credit,Cashback Rewards,Savings
01-21-2024,StandUp show,34.26,debit,Entertainment,Credit Card
01-21-2024,Mama-cita,46.9,debit,Restaurants,Credit Card
01-22-2024,Credit Transaction,78.76,credit,Dividends,Savings
01-22-2024,Boston Shawarma,58.85,debit,Restaurants,Credit Card
01-22-2024,Trader Joes,213.1,debit,Grocery shopping,Credit Card
01-22-2024,Credit Transaction,9.4,credit,Cashback Rewards,Savings
01-22-2024,AMC Boston,25.66,debit,Entertainment,Credit Card
01-23-2024,Boston Halal,45.41,debit,Restaurants,Credit Card
01-23-2024,Dominos,68.43,debit,Restaurants,Credit Card
01-24-2024,Mall,81.44,debit,Shopping,Credit Card
01-25-2024,Stop and Shop,193.64,debit,Grocery shopping,Credit Card
01-25-2024,Mall,40.27,debit,Shopping,Credit Card
01-25-2024,Boston Halal,67.75,debit,Restaurants,Credit Card
01-25-2024,Trader Joes,258.78,debit,Grocery shopping,Credit Card
01-25-2024,Boston Shawarma,65.51,debit,Restaurants,Credit Card
01-25-2024,Credit Transaction,171.24,credit,Dividends,Savings
01-25-2024,Credit Transaction,12.78,credit,Cashback Rewards,Savings
01-25-2024,Market Basket,173.59,debit,Grocery shopping,Credit Card
01-25-2024,MBTA,17.92,debit,Travel expenses,Credit Card
01-25-2024,Dominos,76.55,debit,Restaurants,Credit Card
01-26-2024,Boston Halal,52.79,debit,Restaurants,Credit Card
01-26-2024,Mall,27.36,debit,Shopping,Credit Card
01-26-2024,Dominos,64.67,debit,Restaurants,Credit Card
01-27-2024,Boston Halal,50.08,debit,Restaurants,Credit Card
01-27-2024,Mama-cita,74.09,debit,Restaurants,Credit Card
01-27-2024,Dominos,53.82,debit,Restaurants,Credit Card
01-28-2024,Boston Halal,77.38,debit,Restaurants,Credit Card
01-28-2024,Mama-cita,28.66,debit,Restaurants,Credit Card
01-28-2024,Market Basket,225.38,debit,Grocery shopping,Credit Card
01-29-2024,Karaoke,69.17,debit,Entertainment,Credit Card
01-29-2024,Boston Halal,31.06,debit,Restaurants,Credit Card
01-29-2024,Credit Transaction,171.08,credit,Dividends,Savings
01-29-2024,Boston Shawarma,67.6,debit,Restaurants,Credit Card
01-29-2024,MBTA,24.96,debit,Travel expenses,Credit Card
01-30-2024,StandUp show,51.94,debit,Entertainment,Credit Card
01-31-2024,Ace Hardware,243.7,debit,Grocery shopping,Credit Card
01-31-2024,Mama-cita,45.98,debit,Restaurants,Credit Card
01-31-2024,Boston Shawarma,48.25,debit,Restaurants,Credit Card
01-31-2024,Dominos,34.41,debit,Restaurants,Credit Card
01-31-2024,Temu,73.26,debit,Shopping,Credit Card
02-01-2024,Boston Halal,30.47,debit,Restaurants,Credit Card
02-01-2024,Rent/ Mortgage,1700,debit,Mortgage & Rent,Savings
02-01-2024,Eversource Electricity,65.06,debit,Utilities,Checking
02-01-2024,National Grid Gas,62.65,debit,Utilities,Checking
02-01-2024,Heating fuel,160.54,debit,Utilities,Checking
02-01-2024,Market Basket,255.32,debit,Grocery shopping,Credit Card
02-01-2024,Mall,64.19,debit,Shopping,Credit Card
02-01-2024,Uber,13.48,debit,Travel expenses,Credit Card
02-02-2024,Ace Hardware,224.02,debit,Grocery shopping,Credit Card
02-02-2024,Mama-cita,68.93,debit,Restaurants,Credit Card
02-02-2024,Credit Transaction,4.25,credit,Cashback Rewards,Savings
02-02-2024,Boston Shawarma,62.56,debit,Restaurants,Credit Card
02-03-2024,Mall,43.08,debit,Shopping,Credit Card
02-03-2024,Dominos,68.65,debit,Restaurants,Credit Card
02-04-2024,Temu,40.05,debit,Shopping,Credit Card
02-04-2024,Boston Halal,26.99,debit,Restaurants,Credit Card
02-04-2024,Mama-cita,74.84,debit,Restaurants,Credit Card
02-05-2024,Credit Transaction,13.12,credit,Cashback Rewards,Savings
02-05-2024,MBTA,25.25,debit,Travel expenses,Credit Card
02-05-2024,Trader Joes,159.59,debit,Grocery shopping,Credit Card
02-06-2024,Mama-cita,29.75,debit,Restaurants,Credit Card
02-06-2024,Amazon,27.94,debit,Shopping,Credit Card
02-06-2024,Uber,25.59,debit,Travel expenses,Credit Card
02-06-2024,Lyft,27.97,debit,Travel expenses,Credit Card
02-06-2024,Boston Shawarma,82.24,debit,Restaurants,Credit Card
02-07-2024,Mama-cita,30.5,debit,Restaurants,Credit Card
02-07-2024,Temu,22.8,debit,Shopping,Credit Card
02-08-2024,Mall,23.78,debit,Shopping,Credit Card
02-08-2024,Stop and Shop,238.02,debit,Grocery shopping,Credit Card
02-08-2024,Lyft,19.01,debit,Travel expenses,Credit Card
02-09-2024,Mama-cita,42.38,debit,Restaurants,Credit Card
02-09-2024,Lyft,18.09,debit,Travel expenses,Credit Card
02-09-2024,Credit Transaction,107.65,credit,Dividends,Savings
02-10-2024,Ace Hardware,258.21,debit,Grocery shopping,Credit Card
02-10-2024,Mall,53.18,debit,Shopping,Credit Card
02-10-2024,AMC Boston,30.04,debit,Entertainment,Credit Card
02-11-2024,Temu,70.31,debit,Shopping,Credit Card
02-12-2024,MBTA,15.41,debit,Travel expenses,Credit Card
02-12-2024,Ace Hardware,193.28,debit,Grocery shopping,Credit Card
02-13-2024,Boston Halal,47.71,debit,Restaurants,Credit Card
02-13-2024,Trader Joes,261,debit,Grocery shopping,Credit Card
02-13-2024,Stop and Shop,238.32,debit,Grocery shopping,Credit Card
02-13-2024,Mall,62.15,debit,Shopping,Credit Card
02-13-2024,Dominos,58.84,debit,Restaurants,Credit Card
02-13-2024,Mama-cita,50.4,debit,Restaurants,Credit Card
02-13-2024,Ace Hardware,175.27,debit,Grocery shopping,Credit Card
02-13-2024,Monthly direct deposit - Salary,7867,credit,Salary,Savings
02-14-2024,Lyft,24.71,debit,Travel expenses,Credit Card
02-14-2024,Karaoke,43.94,debit,Entertainment,Credit Card
02-16-2024,Lyft,11.87,debit,Travel expenses,Credit Card
02-16-2024,Boston Halal,47.23,debit,Restaurants,Credit Card
02-16-2024,Boston Shawarma,34.68,debit,Restaurants,Credit Card
02-16-2024,MBTA,24.7,debit,Travel expenses,Credit Card
02-16-2024,Market Basket,171.2,debit,Grocery shopping,Credit Card
02-16-2024,Dominos,52.04,debit,Restaurants,Credit Card
02-16-2024,Amazon,34.24,debit,Shopping,Credit Card
02-17-2024,Credit Transaction,181.86,credit,Dividends,Savings
02-17-2024,Temu,66.12,debit,Shopping,Credit Card
02-18-2024,Amazon,42.97,debit,Shopping,Credit Card
02-19-2024,Stop and Shop,233.19,debit,Grocery shopping,Credit Card
02-19-2024,Ice skating,43.39,debit,Entertainment,Credit Card
02-19-2024,Boston Halal,77.09,debit,Restaurants,Credit Card
02-20-2024,Boston Shawarma,38.99,debit,Restaurants,Credit Card
02-20-2024,Dominos,67.13,debit,Restaurants,Credit Card
02-20-2024,Market Basket,179.86,debit,Grocery shopping,Credit Card
02-21-2024,MBTA,16.88,debit,Travel expenses,Credit Card
02-21-2024,Boston Shawarma,57.25,debit,Restaurants,Credit Card
02-21-2024,Boston Halal,29.12,debit,Restaurants,Credit Card
02-21-2024,Market Basket,214.86,debit,Grocery shopping,Credit Card
02-23-2024,Mall,80.57,debit,Shopping,Credit Card
02-23-2024,Uber,26.74,debit,Travel expenses,Credit Card
02-23-2024,Market Basket,179.4,debit,Grocery shopping,Credit Card
02-23-2024,Boston Shawarma,76.85,debit,Restaurants,Credit Card
02-24-2024,Lyft,14.23,debit,Travel expenses,Credit Card
02-24-2024,Mama-cita,66.81,debit,Restaurants,Credit Card
02-24-2024,Boston Shawarma,31.03,debit,Restaurants,Credit Card
02-25-2024,Market Basket,244.61,debit,Grocery shopping,Credit Card
02-25-2024,Temu,43.41,debit,Shopping,Credit Card
02-25-2024,Credit Transaction,8.02,credit,Cashback Rewards,Savings
02-25-2024,Dominos,63.07,debit,Restaurants,Credit Card
02-25-2024,MBTA,19.1,debit,Travel expenses,Credit Card
02-26-2024,Temu,64.09,debit,Shopping,Credit Card
02-26-2024,StandUp show,57.76,debit,Entertainment,Credit Card
02-26-2024,Boston Halal,30.32,debit,Restaurants,Credit Card
02-26-2024,Uber,16.92,debit,Travel expenses,Credit Card
02-26-2024,Amazon,39.34,debit,Shopping,Credit Card
02-27-2024,Amazon,79.34,debit,Shopping,Credit Card
02-27-2024,Uber,15.22,debit,Travel expenses,Credit Card
02-27-2024,Temu,64.41,debit,Shopping,Credit Card
02-27-2024,MBTA,24.18,debit,Travel expenses,Credit Card
02-27-2024,Lyft,26.33,debit,Travel expenses,Credit Card
02-27-2024,Mall,25.03,debit,Shopping,Credit Card
02-28-2024,Temu,74.89,debit,Shopping,Credit Card
02-28-2024,Ace Hardware,255.39,debit,Grocery shopping,Credit Card
02-28-2024,Mall,44.07,debit,Shopping,Credit Card
02-29-2024,Lyft,23.02,debit,Travel expenses,Credit Card
02-29-2024,Boston Shawarma,37.42,debit,Restaurants,Credit Card
02-29-2024,Market Basket,249.87,debit,Grocery shopping,Credit Card
03-01-2024,Credit Transaction,3.76,credit,Cashback Rewards,Savings
03-01-2024,Rent/ Mortgage,1700,debit,Mortgage & Rent,Savings
03-01-2024,Eversource Electricity,76.41,debit,Utilities,Checking
03-01-2024,National Grid Gas,69.34,debit,Utilities,Checking
03-01-2024,Heating fuel,152.12,debit,Utilities,Checking
03-01-2024,Dominos,74.23,debit,Restaurants,Credit Card
03-02-2024,Stop and Shop,158.63,debit,Grocery shopping,Credit Card
03-02-2024,Temu,24.85,debit,Shopping,Credit Card
03-02-2024,Market Basket,261.87,debit,Grocery shopping,Credit Card
03-03-2024,Boston Halal,32.94,debit,Restaurants,Credit Card
03-03-2024,Credit Transaction,12.15,credit,Cashback Rewards,Savings
03-03-2024,Lyft,22.41,debit,Travel expenses,Credit Card
03-03-2024,Mall,50.31,debit,Shopping,Credit Card
03-03-2024,Trader Joes,176.3,debit,Grocery shopping,Credit Card
03-04-2024,Lyft,25.65,debit,Travel expenses,Credit Card
03-04-2024,Boston Shawarma,67.31,debit,Restaurants,Credit Card
03-04-2024,Uber,24.68,debit,Travel expenses,Credit Card
03-04-2024,StandUp show,39.42,debit,Entertainment,Credit Card
03-05-2024,Trader Joes,191.76,debit,Grocery shopping,Credit Card
03-05-2024,Boston Shawarma,60.98,debit,Restaurants,Credit Card
03-05-2024,Dominos,57.78,debit,Restaurants,Credit Card
03-05-2024,Boston Halal,73,debit,Restaurants,Credit Card
03-05-2024,Temu,39.01,debit,Shopping,Credit Card
03-06-2024,Mama-cita,55.62,debit,Restaurants,Credit Card
03-06-2024,Stop and Shop,166.18,debit,Grocery shopping,Credit Card
03-06-2024,Boston Shawarma,33.29,debit,Restaurants,Credit Card
03-06-2024,Dominos,53.84,debit,Restaurants,Credit Card
03-06-2024,Temu,44.72,debit,Shopping,Credit Card
03-07-2024,Stop and Shop,187.25,debit,Grocery shopping,Credit Card
03-07-2024,Dominos,47.86,debit,Restaurants,Credit Card
03-07-2024,Market Basket,179.19,debit,Grocery shopping,Credit Card
03-07-2024,Credit Transaction,14.64,credit,Cashback Rewards,Savings
03-08-2024,Boston Halal,73.1,debit,Restaurants,Credit Card
03-08-2024,Ace Hardware,200.95,debit,Grocery shopping,Credit Card
03-08-2024,Amazon,33.46,debit,Shopping,Credit Card
03-08-2024,Credit Transaction,14.96,credit,Cashback Rewards,Savings
03-08-2024,Karaoke,36.16,debit,Entertainment,Credit Card
03-08-2024,Mama-cita,61.45,debit,Restaurants,Credit Card
03-08-2024,Ice skating,59.11,debit,Entertainment,Credit Card
03-08-2024,Stop and Shop,230.89,debit,Grocery shopping,Credit Card
03-10-2024,Dominos,51.68,debit,Restaurants,Credit Card
03-10-2024,Mama-cita,26.29,debit,Restaurants,Credit Card
03-11-2024,Boston Halal,33.44,debit,Restaurants,Credit Card
03-12-2024,Boston Shawarma,75.94,debit,Restaurants,Credit Card
03-12-2024,Uber,14.77,debit,Travel expenses,Credit Card
03-12-2024,Mall,56.64,debit,Shopping,Credit Card
03-12-2024,Lyft,11.11,debit,Travel expenses,Credit Card
03-13-2024,Temu,54.59,debit,Shopping,Credit Card
03-13-2024,Monthly direct deposit - Salary,7867,credit,Salary,Savings
03-14-2024,Stop and Shop,254.41,debit,Grocery shopping,Credit Card
03-14-2024,MBTA,11.72,debit,Travel expenses,Credit Card
03-14-2024,Lyft,28.2,debit,Travel expenses,Credit Card
03-15-2024,Mama-cita,80.15,debit,Restaurants,Credit Card
03-15-2024,Dominos,43.13,debit,Restaurants,Credit Card
03-15-2024,Boston Shawarma,39.01,debit,Restaurants,Credit Card
03-16-2024,Dominos,61.12,debit,Restaurants,Credit Card
03-16-2024,Amazon,78.7,debit,Shopping,Credit Card
03-17-2024,Mall,61.21,debit,Shopping,Credit Card
03-17-2024,Mama-cita,67.71,debit,Restaurants,Credit Card
03-17-2024,Dominos,60.15,debit,Restaurants,Credit Card
03-18-2024,Amazon,69.67,debit,Shopping,Credit Card
03-18-2024,Trader Joes,228.44,debit,Grocery shopping,Credit Card
03-18-2024,Dominos,76.21,debit,Restaurants,Credit Card
03-18-2024,Ace Hardware,168.22,debit,Grocery shopping,Credit Card
03-19-2024,Boston Shawarma,78.21,debit,Restaurants,Credit Card
03-19-2024,Dominos,45.04,debit,Restaurants,Credit Card
03-19-2024,Mama-cita,30.94,debit,Restaurants,Credit Card
03-19-2024,Boston Halal,41.6,debit,Restaurants,Credit Card
03-19-2024,Credit Transaction,14.24,credit,Cashback Rewards,Savings
03-20-2024,MBTA,16.13,debit,Travel expenses,Credit Card
03-20-2024,Temu,70.45,debit,Shopping,Credit Card
03-21-2024,Dominos,74.35,debit,Restaurants,Credit Card
03-21-2024,Mall,74.16,debit,Shopping,Credit Card
03-21-2024,Mama-cita,50.12,debit,Restaurants,Credit Card
03-21-2024,Amazon,79.2,debit,Shopping,Credit Card
03-21-2024,Temu,81.42,debit,Shopping,Credit Card
03-21-2024,Trader Joes,197.08,debit,Grocery shopping,Credit Card
03-21-2024,MBTA,28.9,debit,Travel expenses,Credit Card
03-21-2024,Boston Shawarma,39.43,debit,Restaurants,Credit Card
03-22-2024,Stop and Shop,212.8,debit,Grocery shopping,Credit Card
03-22-2024,Mall,67.44,debit,Shopping,Credit Card
03-22-2024,Temu,43.44,debit,Shopping,Credit Card
03-22-2024,Boston Shawarma,74.88,debit,Restaurants,Credit Card
03-23-2024,Dominos,55.42,debit,Restaurants,Credit Card
03-24-2024,Market Basket,242.48,debit,Grocery shopping,Credit Card
03-24-2024,Boston Shawarma,71.7,debit,Restaurants,Credit Card
03-25-2024,Mama-cita,73.31,debit,Restaurants,Credit Card
03-25-2024,Market Basket,190.41,debit,Grocery shopping,Credit Card
03-25-2024,MBTA,23.47,debit,Travel expenses,Credit Card
03-25-2024,Credit Transaction,16.64,credit,Cashback Rewards,Savings
03-25-2024,Boston Halal,83.5,debit,Restaurants,Credit Card
03-26-2024,Mama-cita,39.73,debit,Restaurants,Credit Card
03-26-2024,Trader Joes,232.94,debit,Grocery shopping,Credit Card
03-26-2024,Stop and Shop,183.88,debit,Grocery shopping,Credit Card
03-26-2024,Boston Halal,40.68,debit,Restaurants,Credit Card
03-26-2024,Boston Shawarma,77.98,debit,Restaurants,Credit Card
03-27-2024,StandUp show,52.92,debit,Entertainment,Credit Card
03-28-2024,Uber,18.41,debit,Travel expenses,Credit Card
03-28-2024,Lyft,24.23,debit,Travel expenses,Credit Card
03-28-2024,Credit Transaction,17.77,credit,Cashback Rewards,Savings
03-29-2024,Mall,64.41,debit,Shopping,Credit Card
03-30-2024,Dominos,38.1,debit,Restaurants,Credit Card
03-30-2024,Uber,11.83,debit,Travel expenses,Credit Card
03-31-2024,Mall,60.65,debit,Shopping,Credit Card
03-31-2024,Uber,12.08,debit,Travel expenses,Credit Card
03-31-2024,Lyft,21.13,debit,Travel expenses,Credit Card
03-31-2024,Ace Hardware,188.12,debit,Grocery shopping,Credit Card
04-01-2024,Karaoke,61.14,debit,Entertainment,Credit Card
04-01-2024,Rent/ Mortgage,1700,debit,Mortgage & Rent,Savings
04-01-2024,Eversource Electricity,55.22,debit,Utilities,Checking
04-01-2024,National Grid Gas,57.58,debit,Utilities,Checking
04-01-2024,Heating fuel,170.66,debit,Utilities,Checking
04-01-2024,Amazon,44.96,debit,Shopping,Credit Card
04-01-2024,Mall,69.26,debit,Shopping,Credit Card
04-01-2024,Mama-cita,76.66,debit,Restaurants,Credit Card
04-01-2024,Credit Transaction,11.98,credit,Cashback Rewards,Savings
04-01-2024,Dominos,70.53,debit,Restaurants,Credit Card
04-02-2024,Boston Halal,60.68,debit,Restaurants,Credit Card
04-02-2024,Temu,36.97,debit,Shopping,Credit Card
04-02-2024,Credit Transaction,18.38,credit,Cashback Rewards,Savings
04-02-2024,Uber,28.5,debit,Travel expenses,Credit Card
04-03-2024,AMC Boston,34.66,debit,Entertainment,Credit Card
04-03-2024,Market Basket,202.44,debit,Grocery shopping,Credit Card
04-03-2024,Ace Hardware,242.74,debit,Grocery shopping,Credit Card
04-03-2024,Boston Shawarma,42.72,debit,Restaurants,Credit Card
04-04-2024,Market Basket,202.53,debit,Grocery shopping,Credit Card
04-05-2024,Mall,69.3,debit,Shopping,Credit Card
04-05-2024,Market Basket,247.93,debit,Grocery shopping,Credit Card
04-06-2024,MBTA,21.81,debit,Travel expenses,Credit Card
04-06-2024,Stop and Shop,172.88,debit,Grocery shopping,Credit Card
04-06-2024,Uber,14.99,debit,Travel expenses,Credit Card
04-06-2024,Mall,26.73,debit,Shopping,Credit Card
04-06-2024,Lyft,17.94,debit,Travel expenses,Credit Card
04-07-2024,Amazon,30.48,debit,Shopping,Credit Card
04-07-2024,Market Basket,183.08,debit,Grocery shopping,Credit Card
04-08-2024,Amazon,61.16,debit,Shopping,Credit Card
04-08-2024,Mama-cita,27.66,debit,Restaurants,Credit Card
04-08-2024,Temu,36.89,debit,Shopping,Credit Card
04-08-2024,Boston Halal,76.87,debit,Restaurants,Credit Card
04-09-2024,Dominos,77.38,debit,Restaurants,Credit Card
04-09-2024,Uber,15.07,debit,Travel expenses,Credit Card
04-09-2024,Ace Hardware,217.92,debit,Grocery shopping,Credit Card
04-10-2024,Dominos,40.38,debit,Restaurants,Credit Card
04-10-2024,Mama-cita,39.76,debit,Restaurants,Credit Card
04-11-2024,Trader Joes,213.18,debit,Grocery shopping,Credit Card
04-11-2024,Lyft,28.56,debit,Travel expenses,Credit Card
04-12-2024,Trader Joes,240.03,debit,Grocery shopping,Credit Card
04-13-2024,Monthly direct deposit - Salary,7867,credit,Salary,Savings
04-14-2024,Dominos,83.18,debit,Restaurants,Credit Card
04-15-2024,Market Basket,221.47,debit,Grocery shopping,Credit Card
04-15-2024,Boston Shawarma,59.97,debit,Restaurants,Credit Card
04-16-2024,Dominos,76.99,debit,Restaurants,Credit Card
04-16-2024,Market Basket,211.36,debit,Grocery shopping,Credit Card
04-16-2024,Uber,12.36,debit,Travel expenses,Credit Card
04-16-2024,Boston Halal,62.52,debit,Restaurants,Credit Card
04-17-2024,AMC Boston,66.05,debit,Entertainment,Credit Card
04-17-2024,Amazon,46.53,debit,Shopping,Credit Card
04-18-2024,Uber,20.15,debit,Travel expenses,Credit Card
04-18-2024,MBTA,22.57,debit,Travel expenses,Credit Card
04-19-2024,Uber,19.51,debit,Travel expenses,Credit Card
04-19-2024,Mama-cita,48.65,debit,Restaurants,Credit Card
04-22-2024,Amazon,51.12,debit,Shopping,Credit Card
04-22-2024,Temu,51.14,debit,Shopping,Credit Card
04-22-2024,Ace Hardware,185.69,debit,Grocery shopping,Credit Card
04-22-2024,Mall,72.51,debit,Shopping,Credit Card
04-22-2024,Boston Halal,33.04,debit,Restaurants,Credit Card
04-23-2024,Amazon,70.83,debit,Shopping,Credit Card
04-23-2024,Mall,76.56,debit,Shopping,Credit Card
04-23-2024,Temu,51.5,debit,Shopping,Credit Card
04-24-2024,Dominos,33.1,debit,Restaurants,Credit Card
04-25-2024,Mama-cita,29.33,debit,Restaurants,Credit Card
04-26-2024,Dominos,68.26,debit,Restaurants,Credit Card
04-26-2024,Market Basket,173.98,debit,Grocery shopping,Credit Card
04-26-2024,Uber,29.2,debit,Travel expenses,Credit Card
04-26-2024,Mall,82.42,debit,Shopping,Credit Card
04-27-2024,Amazon,71.03,debit,Shopping,Credit Card
04-27-2024,Ace Hardware,167.05,debit,Grocery shopping,Credit Card
04-27-2024,Mall,39.11,debit,Shopping,Credit Card
04-27-2024,AMC Boston,54.45,debit,Entertainment,Credit Card
04-27-2024,Temu,77.02,debit,Shopping,Credit Card
04-28-2024,Mama-cita,82.92,debit,Restaurants,Credit Card
04-28-2024,Boston Shawarma,48.56,debit,Restaurants,Credit Card
04-28-2024,MBTA,17.55,debit,Travel expenses,Credit Card
04-28-2024,Uber,30.24,debit,Travel expenses,Credit Card
04-28-2024,Dominos,80.4,debit,Restaurants,Credit Card
04-28-2024,Lyft,28.64,debit,Travel expenses,Credit Card
04-28-2024,Amazon,46.4,debit,Shopping,Credit Card
04-30-2024,StandUp show,35.61,debit,Entertainment,Credit Card
04-30-2024,Market Basket,186.91,debit,Grocery shopping,Credit Card
05-01-2024,Boston Shawarma,52.8,debit,Restaurants,Credit Card
05-01-2024,Rent/ Mortgage,1700,debit,Mortgage & Rent,Savings
05-01-2024,Eversource Electricity,77.08,debit,Utilities,Checking
05-01-2024,National Grid Gas,58.09,debit,Utilities,Checking
05-01-2024,Dominos,59.52,debit,Restaurants,Credit Card
05-01-2024,Temu,60.58,debit,Shopping,Credit Card
05-01-2024,Karaoke,67.88,debit,Entertainment,Credit Card
05-01-2024,MBTA,19.06,debit,Travel expenses,Credit Card
05-01-2024,Mama-cita,34.74,debit,Restaurants,Credit Card
05-01-2024,Lyft,22.63,debit,Travel expenses,Credit Card
05-02-2024,Credit Transaction,12.33,credit,Cashback Rewards,Savings
05-02-2024,Mall,60.01,debit,Shopping,Credit Card
05-02-2024,Mama-cita,67.87,debit,Restaurants,Credit Card
05-03-2024,Boston Shawarma,26.28,debit,Restaurants,Credit Card
05-04-2024,Ace Hardware,203.35,debit,Grocery shopping,Credit Card
05-04-2024,Temu,24.24,debit,Shopping,Credit Card
05-04-2024,Lyft,23.35,debit,Travel expenses,Credit Card
05-04-2024,Credit Transaction,4.8,credit,Cashback Rewards,Savings
05-04-2024,Trader Joes,257.24,debit,Grocery shopping,Credit Card
05-05-2024,MBTA,23.56,debit,Travel expenses,Credit Card
05-05-2024,Mall,43.86,debit,Shopping,Credit Card
05-05-2024,Boston Shawarma,40.2,debit,Restaurants,Credit Card
05-05-2024,Boston Halal,56.28,debit,Restaurants,Credit Card
05-06-2024,Dominos,82.82,debit,Restaurants,Credit Card
05-06-2024,Stop and Shop,198.37,debit,Grocery shopping,Credit Card
05-09-2024,Stop and Shop,178.97,debit,Grocery shopping,Credit Card
05-09-2024,Market Basket,182.95,debit,Grocery shopping,Credit Card
05-10-2024,Boston Halal,50.87,debit,Restaurants,Credit Card
05-10-2024,Mama-cita,58.11,debit,Restaurants,Credit Card
05-11-2024,Dominos,66.45,debit,Restaurants,Credit Card
05-11-2024,Stop and Shop,189.26,debit,Grocery shopping,Credit Card
05-11-2024,Lyft,20.73,debit,Travel expenses,Credit Card
05-11-2024,Credit Transaction,11.94,credit,Cashback Rewards,Savings
05-11-2024,Mama-cita,55.24,debit,Restaurants,Credit Card
05-12-2024,Mall,52.86,debit,Shopping,Credit Card
05-12-2024,Stop and Shop,253.17,debit,Grocery shopping,Credit Card
05-12-2024,Ice skating,70.1,debit,Entertainment,Credit Card
05-13-2024,Monthly direct deposit - Salary,7867,credit,Salary,Savings
05-13-2024,Dominos,77.47,debit,Restaurants,Credit Card
05-13-2024,Boston Halal,41.96,debit,Restaurants,Credit Card
05-13-2024,Market Basket,235.63,debit,Grocery shopping,Credit Card
05-14-2024,Dominos,65.43,debit,Restaurants,Credit Card
05-14-2024,Mama-cita,62.1,debit,Restaurants,Credit Card
05-15-2024,Stop and Shop,250.3,debit,Grocery shopping,Credit Card
05-15-2024,Market Basket,196.46,debit,Grocery shopping,Credit Card
05-15-2024,Mama-cita,75.02,debit,Restaurants,Credit Card
05-15-2024,Trader Joes,190.88,debit,Grocery shopping,Credit Card
05-16-2024,Uber,27.01,debit,Travel expenses,Credit Card
05-16-2024,Amazon,73.52,debit,Shopping,Credit Card
05-16-2024,StandUp show,56.93,debit,Entertainment,Credit Card
05-17-2024,Uber,30.96,debit,Travel expenses,Credit Card
05-17-2024,Ace Hardware,217.84,debit,Grocery shopping,Credit Card
05-18-2024,Trader Joes,177.15,debit,Grocery shopping,Credit Card
05-18-2024,Mall,66.7,debit,Shopping,Credit Card
05-18-2024,Dominos,64.56,debit,Restaurants,Credit Card
05-18-2024,AMC Boston,25.2,debit,Entertainment,Credit Card
05-19-2024,Amazon,27.08,debit,Shopping,Credit Card
05-19-2024,Market Basket,245.56,debit,Grocery shopping,Credit Card
05-19-2024,Credit Transaction,195.03,credit,Dividends,Savings
05-19-2024,Stop and Shop,167.56,debit,Grocery shopping,Credit Card
05-19-2024,Boston Halal,40.92,debit,Restaurants,Credit Card
05-19-2024,Boston Shawarma,32.77,debit,Restaurants,Credit Card
05-19-2024,Ice skating,33.2,debit,Entertainment,Credit Card
05-20-2024,Ace Hardware,254.67,debit,Grocery shopping,Credit Card
05-20-2024,Trader Joes,226.7,debit,Grocery shopping,Credit Card
05-20-2024,Temu,57.24,debit,Shopping,Credit Card
05-20-2024,Mall,44.78,debit,Shopping,Credit Card
05-20-2024,Market Basket,189.86,debit,Grocery shopping,Credit Card
05-21-2024,Dominos,57.36,debit,Restaurants,Credit Card
05-21-2024,Ace Hardware,169.94,debit,Grocery shopping,Credit Card
05-21-2024,Temu,53.67,debit,Shopping,Credit Card
05-21-2024,Boston Halal,56.22,debit,Restaurants,Credit Card
05-21-2024,Market Basket,253.2,debit,Grocery shopping,Credit Card
05-22-2024,Market Basket,196.02,debit,Grocery shopping,Credit Card
05-22-2024,Lyft,28.15,debit,Travel expenses,Credit Card
05-22-2024,Mall,63.56,debit,Shopping,Credit Card
05-22-2024,Mama-cita,66.57,debit,Restaurants,Credit Card
05-23-2024,Ace Hardware,185.96,debit,Grocery shopping,Credit Card
05-23-2024,Mall,32.83,debit,Shopping,Credit Card
05-23-2024,Dominos,39.05,debit,Restaurants,Credit Card
05-23-2024,Temu,46.14,debit,Shopping,Credit Card
05-23-2024,AMC Boston,63.12,debit,Entertainment,Credit Card
05-23-2024,Amazon,82.28,debit,Shopping,Credit Card
05-23-2024,Boston Halal,73.72,debit,Restaurants,Credit Card
05-23-2024,Stop and Shop,232.64,debit,Grocery shopping,Credit Card
05-24-2024,Lyft,22.69,debit,Travel expenses,Credit Card
05-24-2024,Amazon,72.9,debit,Shopping,Credit Card
05-25-2024,Trader Joes,258.06,debit,Grocery shopping,Credit Card
05-25-2024,Lyft,27.54,debit,Travel expenses,Credit Card
05-25-2024,Stop and Shop,225.44,debit,Grocery shopping,Credit Card
05-26-2024,Dominos,69.51,debit,Restaurants,Credit Card
05-26-2024,Temu,36.28,debit,Shopping,Credit Card
05-26-2024,Credit Transaction,120.09,credit,Dividends,Savings
05-26-2024,Amazon,53.2,debit,Shopping,Credit Card
05-26-2024,Market Basket,159.21,debit,Grocery shopping,Credit Card
05-27-2024,Boston Shawarma,41.98,debit,Restaurants,Credit Card
05-27-2024,Amazon,68.13,debit,Shopping,Credit Card
05-27-2024,Temu,24.91,debit,Shopping,Credit Card
05-28-2024,Credit Transaction,175.13,credit,Dividends,Savings
05-28-2024,AMC Boston,29.34,debit,Entertainment,Credit Card
05-29-2024,Market Basket,224.84,debit,Grocery shopping,Credit Card
05-29-2024,Trader Joes,250.03,debit,Grocery shopping,Credit Card
05-30-2024,Dominos,27.67,debit,Restaurants,Credit Card
05-30-2024,Boston Halal,36.12,debit,Restaurants,Credit Card
05-30-2024,Market Basket,188.8,debit,Grocery shopping,Credit Card
05-31-2024,Trader Joes,246.53,debit,Grocery shopping,Credit Card
05-31-2024,Boston Halal,75.53,debit,Restaurants,Credit Card
05-31-2024,Boston Shawarma,70.06,debit,Restaurants,Credit Card
05-31-2024,Temu,34.44,debit,Shopping,Credit Card
05-31-2024,Amazon,61.49,debit,Shopping,Credit Card
05-31-2024,Mall,66.44,debit,Shopping,Credit Card
05-31-2024,Dominos,59.65,debit,Restaurants,Credit Card
05-31-2024,Mama-cita,77.72,debit,Restaurants,Credit Card
06-01-2024,Rent/ Mortgage,1700,debit,Mortgage & Rent,Savings
06-01-2024,Eversource Electricity,71.71,debit,Utilities,Checking
06-01-2024,National Grid Gas,68.47,debit,Utilities,Checking
06-01-2024,Boston Halal,26.2,debit,Restaurants,Credit Card
06-01-2024,Credit Transaction,11.34,credit,Cashback Rewards,Savings
06-01-2024,Mama-cita,41.85,debit,Restaurants,Credit Card
06-01-2024,Stop and Shop,159.79,debit,Grocery shopping,Credit Card
06-01-2024,Ace Hardware,192.76,debit,Grocery shopping,Credit Card
06-02-2024,Dominos,31.12,debit,Restaurants,Credit Card
06-02-2024,Mama-cita,26.06,debit,Restaurants,Credit Card
06-02-2024,Boston Shawarma,38.34,debit,Restaurants,Credit Card
06-03-2024,Mall,31.22,debit,Shopping,Credit Card
06-03-2024,Temu,50.88,debit,Shopping,Credit Card
06-03-2024,Amazon,39.49,debit,Shopping,Credit Card
06-03-2024,Market Basket,233.26,debit,Grocery shopping,Credit Card
06-03-2024,Ace Hardware,244.17,debit,Grocery shopping,Credit Card
06-03-2024,Boston Shawarma,69.48,debit,Restaurants,Credit Card
06-04-2024,Boston Shawarma,33.55,debit,Restaurants,Credit Card
06-06-2024,MBTA,14.99,debit,Travel expenses,Credit Card
06-06-2024,Boston Halal,81.62,debit,Restaurants,Credit Card
06-06-2024,Boston Shawarma,42.36,debit,Restaurants,Credit Card
06-06-2024,Trader Joes,208.87,debit,Grocery shopping,Credit Card
06-07-2024,Ace Hardware,171.66,debit,Grocery shopping,Credit Card
06-07-2024,Boston Halal,79.97,debit,Restaurants,Credit Card
06-08-2024,Mama-cita,54.1,debit,Restaurants,Credit Card
06-08-2024,Stop and Shop,239.87,debit,Grocery shopping,Credit Card
06-08-2024,Market Basket,235.83,debit,Grocery shopping,Credit Card
06-08-2024,Ace Hardware,184.23,debit,Grocery shopping,Credit Card
06-09-2024,Mall,52.73,debit,Shopping,Credit Card
06-09-2024,Boston Halal,40.07,debit,Restaurants,Credit Card
06-09-2024,Temu,80.37,debit,Shopping,Credit Card
06-10-2024,Boston Shawarma,31.3,debit,Restaurants,Credit Card
06-10-2024,Ace Hardware,189.51,debit,Grocery shopping,Credit Card
06-11-2024,Mall,38.14,debit,Shopping,Credit Card
06-11-2024,Trader Joes,245.31,debit,Grocery shopping,Credit Card
06-11-2024,Dominos,71.11,debit,Restaurants,Credit Card
06-11-2024,Temu,35.65,debit,Shopping,Credit Card
06-11-2024,Boston Halal,72.57,debit,Restaurants,Credit Card
06-12-2024,Boston Halal,39.94,debit,Restaurants,Credit Card
06-12-2024,Amazon,63.93,debit,Shopping,Credit Card
06-13-2024,Ace Hardware,256.45,debit,Grocery shopping,Credit Card
06-13-2024,Boston Shawarma,64.59,debit,Restaurants,Credit Card
06-13-2024,Monthly direct deposit - Salary,7867,credit,Salary,Savings
06-13-2024,Temu,38.12,debit,Shopping,Credit Card
06-13-2024,Dominos,26.51,debit,Restaurants,Credit Card
06-13-2024,Boston Halal,49.99,debit,Restaurants,Credit Card
06-14-2024,Boston Halal,35.81,debit,Restaurants,Credit Card
06-14-2024,Dominos,63.82,debit,Restaurants,Credit Card
06-14-2024,Mall,25.8,debit,Shopping,Credit Card
06-15-2024,Temu,35.88,debit,Shopping,Credit Card
06-15-2024,Boston Shawarma,42.83,debit,Restaurants,Credit Card
06-15-2024,Trader Joes,167.53,debit,Grocery shopping,Credit Card
06-15-2024,Stop and Shop,238.79,debit,Grocery shopping,Credit Card
06-16-2024,Boston Halal,33.94,debit,Restaurants,Credit Card
06-16-2024,Lyft,27.37,debit,Travel expenses,Credit Card
06-17-2024,Uber,22.65,debit,Travel expenses,Credit Card
06-18-2024,Mama-cita,75.14,debit,Restaurants,Credit Card
06-18-2024,Boston Halal,40.31,debit,Restaurants,Credit Card
06-18-2024,Dominos,71.44,debit,Restaurants,Credit Card
06-18-2024,Ice skating,21.96,debit,Entertainment,Credit Card
06-18-2024,Temu,81.57,debit,Shopping,Credit Card
06-19-2024,Mama-cita,42.86,debit,Restaurants,Credit Card
06-19-2024,Ice skating,39.17,debit,Entertainment,Credit Card
06-20-2024,MBTA,17.17,debit,Travel expenses,Credit Card
06-21-2024,Uber,16.4,debit,Travel expenses,Credit Card
06-21-2024,Credit Transaction,19.69,credit,Cashback Rewards,Savings
06-21-2024,Boston Shawarma,73.44,debit,Restaurants,Credit Card
06-21-2024,Market Basket,172.07,debit,Grocery shopping,Credit Card
06-23-2024,Mall,31.69,debit,Shopping,Credit Card
06-23-2024,Mama-cita,53.51,debit,Restaurants,Credit Card
06-23-2024,Boston Halal,77.03,debit,Restaurants,Credit Card
06-23-2024,Uber,26.5,debit,Travel expenses,Credit Card
06-23-2024,Karaoke,33.93,debit,Entertainment,Credit Card
06-23-2024,Boston Shawarma,74.18,debit,Restaurants,Credit Card
06-23-2024,Credit Transaction,6.2,credit,Cashback Rewards,Savings
06-23-2024,Dominos,47.49,debit,Restaurants,Credit Card
06-24-2024,Mall,24.2,debit,Shopping,Credit Card
06-24-2024,Market Basket,214.26,debit,Grocery shopping,Credit Card
06-24-2024,AMC Boston,71.66,debit,Entertainment,Credit Card
06-24-2024,Lyft,29.08,debit,Travel expenses,Credit Card
06-24-2024,Amazon,48.34,debit,Shopping,Credit Card
06-24-2024,Temu,25.66,debit,Shopping,Credit Card
06-25-2024,Boston Shawarma,28.28,debit,Restaurants,Credit Card
06-25-2024,Mama-cita,66.78,debit,Restaurants,Credit Card
06-25-2024,Boston Halal,64.93,debit,Restaurants,Credit Card
06-25-2024,Ice skating,23.39,debit,Entertainment,Credit Card
06-26-2024,Ace Hardware,205.45,debit,Grocery shopping,Credit Card
06-26-2024,Lyft,30.91,debit,Travel expenses,Credit Card
06-26-2024,Amazon,81.11,debit,Shopping,Credit Card
06-26-2024,Temu,70.85,debit,Shopping,Credit Card
06-26-2024,Credit Transaction,143.09,credit,Dividends,Savings
06-26-2024,Credit Transaction,19.86,credit,Cashback Rewards,Savings
06-26-2024,Mall,59.16,debit,Shopping,Credit Card
06-27-2024,Boston Halal,56.44,debit,Restaurants,Credit Card
06-27-2024,Boston Shawarma,73.02,debit,Restaurants,Credit Card
06-27-2024,Dominos,45.11,debit,Restaurants,Credit Card
06-28-2024,Dominos,76.28,debit,Restaurants,Credit Card
06-28-2024,Trader Joes,219.4,debit,Grocery shopping,Credit Card
06-28-2024,Uber,24.93,debit,Travel expenses,Credit Card
06-28-2024,Market Basket,196,debit,Grocery shopping,Credit Card
06-28-2024,Boston Halal,65.72,debit,Restaurants,Credit Card
06-28-2024,Mama-cita,27.2,debit,Restaurants,Credit Card
06-28-2024,Lyft,19.69,debit,Travel expenses,Credit Card
06-28-2024,Credit Transaction,16.43,credit,Cashback Rewards,Savings
06-28-2024,Mall,32.69,debit,Shopping,Credit Card
06-29-2024,Uber,21.32,debit,Travel expenses,Credit Card
06-29-2024,Boston Halal,45.67,debit,Restaurants,Credit Card
06-29-2024,Credit Transaction,16.58,credit,Cashback Rewards,Savings
06-29-2024,Temu,71.75,debit,Shopping,Credit Card
06-29-2024,Mall,26.96,debit,Shopping,Credit Card
06-30-2024,Market Basket,230.09,debit,Grocery shopping,Credit Card
06-30-2024,MBTA,16.38,debit,Travel expenses,Credit Card
06-30-2024,Boston Halal,48.88,debit,Restaurants,Credit Card
07-01-2024,Rent/ Mortgage,1700,debit,Mortgage & Rent,Savings
07-01-2024,Eversource Electricity,52.51,debit,Utilities,Checking
07-01-2024,National Grid Gas,61.6,debit,Utilities,Checking
07-01-2024,Mama-cita,54.72,debit,Restaurants,Credit Card
07-02-2024,Temu,74.43,debit,Shopping,Credit Card
07-02-2024,Uber,17.63,debit,Travel expenses,Credit Card
07-02-2024,Boston Halal,69.42,debit,Restaurants,Credit Card
07-02-2024,Stop and Shop,172.77,debit,Grocery shopping,Credit Card
07-03-2024,Mall,77.93,debit,Shopping,Credit Card
07-04-2024,Stop and Shop,199,debit,Grocery shopping,Credit Card
07-05-2024,Boston Shawarma,35.62,debit,Restaurants,Credit Card
07-06-2024,Amazon,33.21,debit,Shopping,Credit Card
07-06-2024,MBTA,30.99,debit,Travel expenses,Credit Card
07-08-2024,Lyft,29.34,debit,Travel expenses,Credit Card
07-08-2024,MBTA,15.05,debit,Travel expenses,Credit Card
07-08-2024,Credit Transaction,12.04,credit,Cashback Rewards,Savings
07-08-2024,Mama-cita,73.23,debit,Restaurants,Credit Card
07-08-2024,Amazon,25.4,debit,Shopping,Credit Card
07-09-2024,Lyft,26.96,debit,Travel expenses,Credit Card
07-09-2024,Dominos,62.95,debit,Restaurants,Credit Card
07-10-2024,Mama-cita,30.48,debit,Restaurants,Credit Card
07-10-2024,Amazon,28.02,debit,Shopping,Credit Card
07-11-2024,Boston Halal,68.16,debit,Restaurants,Credit Card
07-11-2024,Mall,48.09,debit,Shopping,Credit Card
07-11-2024,Boston Shawarma,36.38,debit,Restaurants,Credit Card
07-11-2024,Uber,20.11,debit,Travel expenses,Credit Card
07-11-2024,Lyft,24.95,debit,Travel expenses,Credit Card
07-12-2024,Lyft,12.56,debit,Travel expenses,Credit Card
07-12-2024,Boston Shawarma,35.93,debit,Restaurants,Credit Card
07-12-2024,Dominos,27.56,debit,Restaurants,Credit Card
07-12-2024,Mama-cita,41.04,debit,Restaurants,Credit Card
07-13-2024,Lyft,20.25,debit,Travel expenses,Credit Card
07-13-2024,Uber,27.56,debit,Travel expenses,Credit Card
07-13-2024,Temu,26.43,debit,Shopping,Credit Card
07-13-2024,StandUp show,69.71,debit,Entertainment,Credit Card
07-13-2024,Market Basket,245.92,debit,Grocery shopping,Credit Card
07-13-2024,Monthly direct deposit - Salary,7867,credit,Salary,Savings
07-14-2024,Trader Joes,186.74,debit,Grocery shopping,Credit Card
07-14-2024,Mama-cita,45.95,debit,Restaurants,Credit Card
07-14-2024,Dominos,70.79,debit,Restaurants,Credit Card
07-15-2024,Trader Joes,174.04,debit,Grocery shopping,Credit Card
07-15-2024,Boston Halal,62.47,debit,Restaurants,Credit Card
07-15-2024,Ace Hardware,260.63,debit,Grocery shopping,Credit Card
07-15-2024,Credit Transaction,4.96,credit,Cashback Rewards,Savings
07-16-2024,Dominos,59.83,debit,Restaurants,Credit Card
07-16-2024,Trader Joes,214.59,debit,Grocery shopping,Credit Card
07-17-2024,Market Basket,213.22,debit,Grocery shopping,Credit Card
07-17-2024,Temu,47.63,debit,Shopping,Credit Card
07-17-2024,Ace Hardware,248.61,debit,Grocery shopping,Credit Card
07-17-2024,Boston Shawarma,49.05,debit,Restaurants,Credit Card
07-18-2024,Trader Joes,219.34,debit,Grocery shopping,Credit Card
07-18-2024,Temu,44.48,debit,Shopping,Credit Card
07-18-2024,Mama-cita,77.42,debit,Restaurants,Credit Card
07-18-2024,Karaoke,32.83,debit,Entertainment,Credit Card
07-19-2024,Dominos,29,debit,Restaurants,Credit Card
07-19-2024,MBTA,24.11,debit,Travel expenses,Credit Card
07-20-2024,Amazon,81.37,debit,Shopping,Credit Card
07-21-2024,Lyft,29.47,debit,Travel expenses,Credit Card
07-21-2024,Mall,71.61,debit,Shopping,Credit Card
07-22-2024,Dominos,42.07,debit,Restaurants,Credit Card
07-23-2024,Mall,62.45,debit,Shopping,Credit Card
07-23-2024,Market Basket,254.05,debit,Grocery shopping,Credit Card
07-23-2024,Temu,62.28,debit,Shopping,Credit Card
07-23-2024,Stop and Shop,250.76,debit,Grocery shopping,Credit Card
07-24-2024,Mama-cita,29.17,debit,Restaurants,Credit Card
07-24-2024,Lyft,15.58,debit,Travel expenses,Credit Card
07-24-2024,Dominos,62.9,debit,Restaurants,Credit Card
07-25-2024,Mama-cita,50.8,debit,Restaurants,Credit Card
07-25-2024,Temu,28.5,debit,Shopping,Credit Card
07-25-2024,AMC Boston,38.74,debit,Entertainment,Credit Card
07-25-2024,Boston Halal,75.39,debit,Restaurants,Credit Card
07-25-2024,Amazon,39.54,debit,Shopping,Credit Card
07-25-2024,Mall,46.91,debit,Shopping,Credit Card
07-26-2024,Uber,13.98,debit,Travel expenses,Credit Card
07-26-2024,Temu,75.32,debit,Shopping,Credit Card
07-26-2024,AMC Boston,48.46,debit,Entertainment,Credit Card
07-26-2024,Stop and Shop,162.22,debit,Grocery shopping,Credit Card
07-26-2024,Boston Shawarma,46.4,debit,Restaurants,Credit Card
07-27-2024,Dominos,45.61,debit,Restaurants,Credit Card
07-27-2024,Mama-cita,38.32,debit,Restaurants,Credit Card
07-27-2024,Boston Halal,69.12,debit,Restaurants,Credit Card
07-27-2024,Market Basket,259.89,debit,Grocery shopping,Credit Card
07-27-2024,MBTA,27.88,debit,Travel expenses,Credit Card
07-27-2024,Boston Shawarma,82.96,debit,Restaurants,Credit Card
07-27-2024,AMC Boston,22.42,debit,Entertainment,Credit Card
07-28-2024,Credit Transaction,3.88,credit,Cashback Rewards,Savings
07-28-2024,Amazon,59.57,debit,Shopping,Credit Card
07-28-2024,Boston Halal,29.45,debit,Restaurants,Credit Card
07-28-2024,Credit Transaction,7.07,credit,Cashback Rewards,Savings
07-29-2024,Ace Hardware,207.11,debit,Grocery shopping,Credit Card
07-29-2024,Credit Transaction,15.38,credit,Cashback Rewards,Savings
07-29-2024,Stop and Shop,246.85,debit,Grocery shopping,Credit Card
07-30-2024,Boston Shawarma,40.52,debit,Restaurants,Credit Card
07-31-2024,Stop and Shop,256.34,debit,Grocery shopping,Credit Card
07-31-2024,Temu,25.98,debit,Shopping,Credit Card
07-31-2024,Boston Shawarma,81.06,debit,Restaurants,Credit Card
08-01-2024,Rent/ Mortgage,1700,debit,Mortgage & Rent,Savings
08-01-2024,Eversource Electricity,70.1,debit,Utilities,Checking
08-01-2024,National Grid Gas,79.45,debit,Utilities,Checking
08-01-2024,Dominos,60.26,debit,Restaurants,Credit Card
08-02-2024,Mall,48.42,debit,Shopping,Credit Card
08-02-2024,Amazon,32.52,debit,Shopping,Credit Card
08-03-2024,Boston Shawarma,47.87,debit,Restaurants,Credit Card
08-03-2024,Stop and Shop,230.34,debit,Grocery shopping,Credit Card
08-03-2024,Amazon,38.83,debit,Shopping,Credit Card
08-03-2024,Credit Transaction,16.14,credit,Cashback Rewards,Savings
08-04-2024,Dominos,62.64,debit,Restaurants,Credit Card
08-04-2024,Ace Hardware,198.16,debit,Grocery shopping,Credit Card
08-04-2024,Temu,80.93,debit,Shopping,Credit Card
08-04-2024,Lyft,12.13,debit,Travel expenses,Credit Card
08-05-2024,Stop and Shop,209.78,debit,Grocery shopping,Credit Card
08-05-2024,Credit Transaction,14.96,credit,Cashback Rewards,Savings
08-05-2024,MBTA,26.05,debit,Travel expenses,Credit Card
08-05-2024,Amazon,59.96,debit,Shopping,Credit Card
08-06-2024,Amazon,29.12,debit,Shopping,Credit Card
08-07-2024,Trader Joes,178.41,debit,Grocery shopping,Credit Card
08-07-2024,Dominos,45.05,debit,Restaurants,Credit Card
08-07-2024,Mama-cita,42.99,debit,Restaurants,Credit Card
08-07-2024,Boston Shawarma,78.69,debit,Restaurants,Credit Card
08-08-2024,MBTA,16.66,debit,Travel expenses,Credit Card
08-08-2024,Credit Transaction,11.65,credit,Cashback Rewards,Savings
08-08-2024,Uber,30.43,debit,Travel expenses,Credit Card
08-08-2024,Lyft,13.27,debit,Travel expenses,Credit Card
08-09-2024,Credit Transaction,19.68,credit,Cashback Rewards,Savings
08-09-2024,Boston Shawarma,46.81,debit,Restaurants,Credit Card
08-10-2024,Temu,44.13,debit,Shopping,Credit Card
08-11-2024,Mall,35.35,debit,Shopping,Credit Card
08-11-2024,Boston Halal,27.11,debit,Restaurants,Credit Card
08-11-2024,Credit Transaction,3.76,credit,Cashback Rewards,Savings
08-12-2024,Lyft,27.7,debit,Travel expenses,Credit Card
08-12-2024,Dominos,48.73,debit,Restaurants,Credit Card
08-12-2024,AMC Boston,65.08,debit,Entertainment,Credit Card
08-13-2024,Monthly direct deposit - Salary,7867,credit,Salary,Savings
08-13-2024,Mama-cita,54,debit,Restaurants,Credit Card
08-13-2024,Uber,24.41,debit,Travel expenses,Credit Card
08-14-2024,Ice skating,41.51,debit,Entertainment,Credit Card
08-14-2024,Temu,23.2,debit,Shopping,Credit Card
08-14-2024,Ace Hardware,243.03,debit,Grocery shopping,Credit Card
08-15-2024,Temu,61.85,debit,Shopping,Credit Card
08-16-2024,Mall,62.23,debit,Shopping,Credit Card
08-16-2024,Amazon,33.06,debit,Shopping,Credit Card
08-16-2024,Boston Shawarma,39.39,debit,Restaurants,Credit Card
08-17-2024,Boston Halal,37.07,debit,Restaurants,Credit Card
08-17-2024,Mama-cita,60.6,debit,Restaurants,Credit Card
08-17-2024,Amazon,57.55,debit,Shopping,Credit Card
08-17-2024,Lyft,21.52,debit,Travel expenses,Credit Card
08-18-2024,MBTA,24.38,debit,Travel expenses,Credit Card
08-18-2024,Trader Joes,209.99,debit,Grocery shopping,Credit Card
08-19-2024,Dominos,59.47,debit,Restaurants,Credit Card
08-19-2024,Stop and Shop,227.11,debit,Grocery shopping,Credit Card
08-19-2024,Temu,58.37,debit,Shopping,Credit Card
08-19-2024,Boston Halal,75.49,debit,Restaurants,Credit Card
08-19-2024,Ice skating,72.52,debit,Entertainment,Credit Card
08-20-2024,Mall,54.04,debit,Shopping,Credit Card
08-20-2024,Boston Halal,81.3,debit,Restaurants,Credit Card
08-21-2024,Trader Joes,185.52,debit,Grocery shopping,Credit Card
08-22-2024,Dominos,82.99,debit,Restaurants,Credit Card
08-22-2024,Mama-cita,68.53,debit,Restaurants,Credit Card
08-22-2024,Boston Shawarma,64.42,debit,Restaurants,Credit Card
08-22-2024,AMC Boston,62.2,debit,Entertainment,Credit Card
08-22-2024,Credit Transaction,11.54,credit,Cashback Rewards,Savings
08-23-2024,Boston Shawarma,56.97,debit,Restaurants,Credit Card
08-24-2024,Boston Halal,50.99,debit,Restaurants,Credit Card
08-25-2024,Amazon,34.93,debit,Shopping,Credit Card
08-25-2024,Boston Shawarma,56.47,debit,Restaurants,Credit Card
08-26-2024,Ace Hardware,252.86,debit,Grocery shopping,Credit Card
08-26-2024,Market Basket,219.29,debit,Grocery shopping,Credit Card
08-27-2024,Mama-cita,81.16,debit,Restaurants,Credit Card
08-27-2024,Market Basket,192.17,debit,Grocery shopping,Credit Card
08-28-2024,Boston Halal,80.12,debit,Restaurants,Credit Card
08-28-2024,Amazon,76.77,debit,Shopping,Credit Card
08-28-2024,Boston Shawarma,61.7,debit,Restaurants,Credit Card
08-28-2024,Stop and Shop,251.54,debit,Grocery shopping,Credit Card
08-28-2024,Dominos,31.36,debit,Restaurants,Credit Card
08-28-2024,Market Basket,215.59,debit,Grocery shopping,Credit Card
08-29-2024,Uber,11.97,debit,Travel expenses,Credit Card
08-29-2024,Credit Transaction,19,credit,Cashback Rewards,Savings
08-30-2024,Stop and Shop,163.81,debit,Grocery shopping,Credit Card
08-30-2024,Trader Joes,173.86,debit,Grocery shopping,Credit Card
08-30-2024,StandUp show,22.64,debit,Entertainment,Credit Card
08-31-2024,Mall,58.79,debit,Shopping,Credit Card
08-31-2024,Mama-cita,46.72,debit,Restaurants,Credit Card
09-01-2024,Rent/ Mortgage,2000,debit,Mortgage & Rent,Savings
09-01-2024,Eversource Electricity,76.76,debit,Utilities,Checking
09-01-2024,National Grid Gas,70.45,debit,Utilities,Checking
09-01-2024,Boston Shawarma,63.42,debit,Restaurants,Credit Card
09-01-2024,Mama-cita,52.34,debit,Restaurants,Credit Card
09-02-2024,Ace Hardware,263.24,debit,Grocery shopping,Credit Card
09-02-2024,Boston Halal,76.06,debit,Restaurants,Credit Card
09-02-2024,Amazon,68.39,debit,Shopping,Credit Card
09-02-2024,Karaoke,27.07,debit,Entertainment,Credit Card
09-03-2024,Uber,18.21,debit,Travel expenses,Credit Card
09-04-2024,Mama-cita,49.02,debit,Restaurants,Credit Card
09-04-2024,Mall,25.57,debit,Shopping,Credit Card
09-04-2024,Boston Halal,55.98,debit,Restaurants,Credit Card
09-05-2024,Stop and Shop,239.56,debit,Grocery shopping,Credit Card
09-06-2024,Boston Shawarma,63.82,debit,Restaurants,Credit Card
09-06-2024,Trader Joes,201.38,debit,Grocery shopping,Credit Card
09-07-2024,Mall,27.44,debit,Shopping,Credit Card
09-07-2024,Boston Halal,76.86,debit,Restaurants,Credit Card
09-07-2024,Amazon,48.5,debit,Shopping,Credit Card
09-08-2024,Trader Joes,238.45,debit,Grocery shopping,Credit Card
09-08-2024,MBTA,26.51,debit,Travel expenses,Credit Card
09-08-2024,Lyft,27.98,debit,Travel expenses,Credit Card
09-08-2024,Boston Shawarma,48.5,debit,Restaurants,Credit Card
09-09-2024,Dominos,47.62,debit,Restaurants,Credit Card
09-09-2024,Trader Joes,218.17,debit,Grocery shopping,Credit Card
09-09-2024,Ace Hardware,234.88,debit,Grocery shopping,Credit Card
09-09-2024,Mama-cita,64.57,debit,Restaurants,Credit Card
09-09-2024,Boston Halal,47.61,debit,Restaurants,Credit Card
09-10-2024,Trader Joes,195.9,debit,Grocery shopping,Credit Card
09-11-2024,Temu,46.98,debit,Shopping,Credit Card
09-12-2024,Market Basket,162.14,debit,Grocery shopping,Credit Card
09-12-2024,Boston Halal,45.15,debit,Restaurants,Credit Card
09-12-2024,Trader Joes,179.72,debit,Grocery shopping,Credit Card
09-13-2024,Market Basket,162.78,debit,Grocery shopping,Credit Card
09-13-2024,Mall,42.44,debit,Shopping,Credit Card
09-13-2024,Trader Joes,176.26,debit,Grocery shopping,Credit Card
09-13-2024,Monthly direct deposit - Salary,7867,credit,Salary,Savings
09-14-2024,StandUp show,22.26,debit,Entertainment,Credit Card
09-15-2024,Amazon,24.08,debit,Shopping,Credit Card
09-15-2024,Mall,37.36,debit,Shopping,Credit Card
09-15-2024,Ace Hardware,252.84,debit,Grocery shopping,Credit Card
09-16-2024,Trader Joes,253.52,debit,Grocery shopping,Credit Card
09-16-2024,Boston Halal,33.35,debit,Restaurants,Credit Card
09-16-2024,MBTA,23.89,debit,Travel expenses,Credit Card
09-17-2024,Amazon,26.76,debit,Shopping,Credit Card
09-17-2024,Temu,63.83,debit,Shopping,Credit Card
09-17-2024,MBTA,16.12,debit,Travel expenses,Credit Card
09-18-2024,Temu,59.32,debit,Shopping,Credit Card
09-18-2024,Amazon,43.23,debit,Shopping,Credit Card
09-18-2024,Mall,62.13,debit,Shopping,Credit Card
09-19-2024,Boston Halal,64.33,debit,Restaurants,Credit Card
09-19-2024,Lyft,12.18,debit,Travel expenses,Credit Card
09-20-2024,Karaoke,72.89,debit,Entertainment,Credit Card
09-21-2024,Dominos,78.26,debit,Restaurants,Credit Card
09-21-2024,Boston Halal,64.74,debit,Restaurants,Credit Card
09-21-2024,Boston Shawarma,38.13,debit,Restaurants,Credit Card
09-22-2024,Amazon,32.21,debit,Shopping,Credit Card
09-22-2024,Temu,41.57,debit,Shopping,Credit Card
09-22-2024,Dominos,42,debit,Restaurants,Credit Card
09-23-2024,Uber,26.29,debit,Travel expenses,Credit Card
09-23-2024,Stop and Shop,184.76,debit,Grocery shopping,Credit Card
09-24-2024,MBTA,14.13,debit,Travel expenses,Credit Card
09-24-2024,Amazon,54.96,debit,Shopping,Credit Card
09-24-2024,Mall,40.28,debit,Shopping,Credit Card
09-24-2024,Lyft,19.83,debit,Travel expenses,Credit Card
09-24-2024,Temu,62.28,debit,Shopping,Credit Card
09-24-2024,Dominos,39.65,debit,Restaurants,Credit Card
09-25-2024,Amazon,38.64,debit,Shopping,Credit Card
09-26-2024,Ice skating,61.53,debit,Entertainment,Credit Card
09-26-2024,Mall,75.12,debit,Shopping,Credit Card
09-26-2024,Boston Shawarma,62.75,debit,Restaurants,Credit Card
09-27-2024,Mall,46.5,debit,Shopping,Credit Card
09-27-2024,Lyft,24.2,debit,Travel expenses,Credit Card
09-27-2024,Boston Shawarma,84.4,debit,Restaurants,Credit Card
09-28-2024,Boston Shawarma,36.25,debit,Restaurants,Credit Card
09-28-2024,Stop and Shop,251.06,debit,Grocery shopping,Credit Card
09-28-2024,Trader Joes,217.66,debit,Grocery shopping,Credit Card
09-29-2024,Mama-cita,29.02,debit,Restaurants,Credit Card
09-29-2024,Ace Hardware,175.5,debit,Grocery shopping,Credit Card
09-30-2024,Karaoke,63.07,debit,Entertainment,Credit Card
09-30-2024,Amazon,35.63,debit,Shopping,Credit Card
09-30-2024,Credit Transaction,10.62,credit,Cashback Rewards,Savings
09-30-2024,Mall,46.48,debit,Shopping,Credit Card
10-01-2024,Temu,29.5,debit,Shopping,Credit Card
10-01-2024,Rent/ Mortgage,2000,debit,Mortgage & Rent,Savings
10-01-2024,Eversource Electricity,72.06,debit,Utilities,Checking
10-01-2024,National Grid Gas,50.47,debit,Utilities,Checking
10-01-2024,Heating fuel,218.15,debit,Utilities,Checking
10-01-2024,Boston Shawarma,65.81,debit,Restaurants,Credit Card
10-01-2024,Ace Hardware,171.08,debit,Grocery shopping,Credit Card
10-02-2024,Lyft,16.38,debit,Travel expenses,Credit Card
10-02-2024,Boston Halal,27.92,debit,Restaurants,Credit Card
10-02-2024,Ace Hardware,196.35,debit,Grocery shopping,Credit Card
10-03-2024,Temu,75.46,debit,Shopping,Credit Card
10-03-2024,Mall,53.72,debit,Shopping,Credit Card
10-03-2024,Boston Halal,55.72,debit,Restaurants,Credit Card
10-03-2024,Amazon,23.24,debit,Shopping,Credit Card
10-04-2024,Credit Transaction,19.45,credit,Cashback Rewards,Savings
10-04-2024,Boston Shawarma,49.47,debit,Restaurants,Credit Card
10-04-2024,Mama-cita,64.96,debit,Restaurants,Credit Card
10-04-2024,Boston Halal,44.13,debit,Restaurants,Credit Card
10-05-2024,Dominos,40.02,debit,Restaurants,Credit Card
10-05-2024,Boston Halal,64.66,debit,Restaurants,Credit Card
10-05-2024,AMC Boston,53.32,debit,Entertainment,Credit Card
10-05-2024,Boston Shawarma,78.39,debit,Restaurants,Credit Card
10-05-2024,Mama-cita,55.47,debit,Restaurants,Credit Card
10-06-2024,Market Basket,190.87,debit,Grocery shopping,Credit Card
10-06-2024,Mall,33.5,debit,Shopping,Credit Card
10-06-2024,Boston Halal,73.56,debit,Restaurants,Credit Card
10-06-2024,Amazon,60.48,debit,Shopping,Credit Card
10-06-2024,Uber,20.22,debit,Travel expenses,Credit Card
10-06-2024,Stop and Shop,180.44,debit,Grocery shopping,Credit Card
10-07-2024,Mama-cita,61.45,debit,Restaurants,Credit Card
10-07-2024,Boston Halal,64.69,debit,Restaurants,Credit Card
10-08-2024,Amazon,27.01,debit,Shopping,Credit Card
10-09-2024,MBTA,29.83,debit,Travel expenses,Credit Card
10-09-2024,Market Basket,228.73,debit,Grocery shopping,Credit Card
10-10-2024,Ace Hardware,171.81,debit,Grocery shopping,Credit Card
10-10-2024,Trader Joes,235.01,debit,Grocery shopping,Credit Card
10-10-2024,Market Basket,192.68,debit,Grocery shopping,Credit Card
10-10-2024,Mama-cita,57.78,debit,Restaurants,Credit Card
10-10-2024,Dominos,32.36,debit,Restaurants,Credit Card
10-10-2024,Stop and Shop,187.22,debit,Grocery shopping,Credit Card
10-10-2024,Boston Shawarma,79.65,debit,Restaurants,Credit Card
10-11-2024,Amazon,74.53,debit,Shopping,Credit Card
10-11-2024,Dominos,81.83,debit,Restaurants,Credit Card
10-11-2024,Lyft,23.56,debit,Travel expenses,Credit Card
10-11-2024,Mama-cita,82.58,debit,Restaurants,Credit Card
10-11-2024,AMC Boston,55.64,debit,Entertainment,Credit Card
10-11-2024,Ace Hardware,246.21,debit,Grocery shopping,Credit Card
10-11-2024,Temu,33.87,debit,Shopping,Credit Card
10-13-2024,Boston Halal,68.86,debit,Restaurants,Credit Card
10-13-2024,Boston Shawarma,54.05,debit,Restaurants,Credit Card
10-13-2024,Monthly direct deposit - Salary,7867,credit,Salary,Savings
10-14-2024,Mama-cita,31.83,debit,Restaurants,Credit Card
10-14-2024,Dominos,31.74,debit,Restaurants,Credit Card
10-15-2024,Mama-cita,43.17,debit,Restaurants,Credit Card
10-16-2024,Amazon,30.82,debit,Shopping,Credit Card
10-16-2024,Temu,30.99,debit,Shopping,Credit Card
10-16-2024,Dominos,71.02,debit,Restaurants,Credit Card
10-16-2024,Mama-cita,28.65,debit,Restaurants,Credit Card
10-16-2024,Credit Transaction,10.97,credit,Cashback Rewards,Savings
10-16-2024,Lyft,28.65,debit,Travel expenses,Credit Card
10-16-2024,Boston Halal,83.17,debit,Restaurants,Credit Card
10-17-2024,MBTA,27.36,debit,Travel expenses,Credit Card
10-17-2024,Ace Hardware,175.58,debit,Grocery shopping,Credit Card
10-17-2024,AMC Boston,27.57,debit,Entertainment,Credit Card
10-17-2024,Temu,72.5,debit,Shopping,Credit Card
10-17-2024,Boston Halal,33.83,debit,Restaurants,Credit Card
10-17-2024,Amazon,59.81,debit,Shopping,Credit Card
10-17-2024,Stop and Shop,245.97,debit,Grocery shopping,Credit Card
10-18-2024,Karaoke,35.07,debit,Entertainment,Credit Card
10-18-2024,Amazon,45.31,debit,Shopping,Credit Card
10-19-2024,Dominos,75.94,debit,Restaurants,Credit Card
10-19-2024,Boston Shawarma,46.42,debit,Restaurants,Credit Card
10-19-2024,Boston Halal,80.47,debit,Restaurants,Credit Card
10-19-2024,Mama-cita,81.33,debit,Restaurants,Credit Card
10-20-2024,Ice skating,49.96,debit,Entertainment,Credit Card
10-20-2024,Dominos,67.39,debit,Restaurants,Credit Card
10-20-2024,StandUp show,39.33,debit,Entertainment,Credit Card
10-22-2024,Market Basket,211.8,debit,Grocery shopping,Credit Card
10-22-2024,Lyft,22.06,debit,Travel expenses,Credit Card
10-22-2024,Dominos,75.28,debit,Restaurants,Credit Card
10-22-2024,Mama-cita,69.12,debit,Restaurants,Credit Card
10-23-2024,Dominos,55.82,debit,Restaurants,Credit Card
10-23-2024,Market Basket,243.91,debit,Grocery shopping,Credit Card
10-23-2024,Lyft,24.31,debit,Travel expenses,Credit Card
10-23-2024,Stop and Shop,223.78,debit,Grocery shopping,Credit Card
10-23-2024,Boston Shawarma,57.47,debit,Restaurants,Credit Card
10-24-2024,Uber,18.02,debit,Travel expenses,Credit Card
10-24-2024,Ace Hardware,223.87,debit,Grocery shopping,Credit Card
10-24-2024,Market Basket,236.6,debit,Grocery shopping,Credit Card
10-24-2024,Stop and Shop,166.32,debit,Grocery shopping,Credit Card
10-25-2024,Dominos,29.54,debit,Restaurants,Credit Card
10-25-2024,Uber,19.93,debit,Travel expenses,Credit Card
10-25-2024,Mall,59.23,debit,Shopping,Credit Card
10-25-2024,Mama-cita,68.79,debit,Restaurants,Credit Card
10-26-2024,Boston Shawarma,59.74,debit,Restaurants,Credit Card
10-26-2024,Ace Hardware,222.01,debit,Grocery shopping,Credit Card
10-27-2024,Amazon,38.98,debit,Shopping,Credit Card
10-27-2024,Mama-cita,39.65,debit,Restaurants,Credit Card
10-27-2024,Boston Shawarma,64.92,debit,Restaurants,Credit Card
10-28-2024,Dominos,50,debit,Restaurants,Credit Card
10-28-2024,Mama-cita,59.31,debit,Restaurants,Credit Card
10-29-2024,MBTA,11.87,debit,Travel expenses,Credit Card
10-29-2024,Ace Hardware,213.17,debit,Grocery shopping,Credit Card
10-29-2024,Amazon,75.56,debit,Shopping,Credit Card
10-29-2024,Uber,22.17,debit,Travel expenses,Credit Card
10-29-2024,Mall,72.22,debit,Shopping,Credit Card
10-30-2024,Boston Shawarma,38.86,debit,Restaurants,Credit Card
10-30-2024,Dominos,65.73,debit,Restaurants,Credit Card
10-31-2024,Mama-cita,37.94,debit,Restaurants,Credit Card
10-31-2024,Amazon,30.9,debit,Shopping,Credit Card
10-31-2024,Boston Halal,62.14,debit,Restaurants,Credit Card
11-01-2024,Temu,53.78,debit,Shopping,Credit Card
11-01-2024,Rent/ Mortgage,2000,debit,Mortgage & Rent,Savings
11-01-2024,Eversource Electricity,67.09,debit,Utilities,Checking
11-01-2024,National Grid Gas,56.21,debit,Utilities,Checking
11-01-2024,Heating fuel,218.58,debit,Utilities,Checking
11-01-2024,Credit Transaction,9.97,credit,Cashback Rewards,Savings
11-01-2024,Mall,73.37,debit,Shopping,Credit Card
11-02-2024,MBTA,17.41,debit,Travel expenses,Credit Card
11-02-2024,Lyft,12.06,debit,Travel expenses,Credit Card
11-02-2024,Dominos,26.62,debit,Restaurants,Credit Card
11-03-2024,Temu,27.96,debit,Shopping,Credit Card
11-03-2024,Trader Joes,166.58,debit,Grocery shopping,Credit Card
11-04-2024,Ace Hardware,214.04,debit,Grocery shopping,Credit Card
11-05-2024,Mama-cita,45.57,debit,Restaurants,Credit Card
11-05-2024,Boston Halal,32.56,debit,Restaurants,Credit Card
11-06-2024,Dominos,61.97,debit,Restaurants,Credit Card
11-06-2024,Stop and Shop,175.18,debit,Grocery shopping,Credit Card
11-07-2024,Uber,25.95,debit,Travel expenses,Credit Card
11-08-2024,Amazon,61.25,debit,Shopping,Credit Card
11-08-2024,Market Basket,169.91,debit,Grocery shopping,Credit Card
11-08-2024,StandUp show,58.9,debit,Entertainment,Credit Card
11-08-2024,Temu,21.03,debit,Shopping,Credit Card
11-10-2024,Ace Hardware,214.97,debit,Grocery shopping,Credit Card
11-10-2024,Stop and Shop,212.61,debit,Grocery shopping,Credit Card
11-10-2024,Mama-cita,49.07,debit,Restaurants,Credit Card
11-11-2024,MBTA,20.96,debit,Travel expenses,Credit Card
11-11-2024,Lyft,24.73,debit,Travel expenses,Credit Card
11-11-2024,Boston Shawarma,31.09,debit,Restaurants,Credit Card
11-12-2024,Credit Transaction,162.99,credit,Dividends,Savings
11-13-2024,Temu,43.55,debit,Shopping,Credit Card
11-13-2024,Monthly direct deposit - Salary,8103,credit,Salary,Savings
11-13-2024,Boston Shawarma,76.64,debit,Restaurants,Credit Card
11-13-2024,Dominos,73.25,debit,Restaurants,Credit Card
11-14-2024,Market Basket,177.41,debit,Grocery shopping,Credit Card
11-14-2024,Temu,56.18,debit,Shopping,Credit Card
11-14-2024,Boston Shawarma,82.62,debit,Restaurants,Credit Card
11-15-2024,Temu,50.76,debit,Shopping,Credit Card
11-15-2024,Lyft,16.64,debit,Travel expenses,Credit Card
11-16-2024,Stop and Shop,245.96,debit,Grocery shopping,Credit Card
11-16-2024,Boston Shawarma,30.91,debit,Restaurants,Credit Card
11-16-2024,Mall,46.24,debit,Shopping,Credit Card
11-16-2024,Boston Halal,31.4,debit,Restaurants,Credit Card
11-16-2024,Uber,31.29,debit,Travel expenses,Credit Card
11-17-2024,Mall,38.21,debit,Shopping,Credit Card
11-17-2024,Boston Halal,44.19,debit,Restaurants,Credit Card
11-18-2024,Dominos,62.22,debit,Restaurants,Credit Card
11-19-2024,Mall,77.09,debit,Shopping,Credit Card
11-19-2024,Amazon,59.37,debit,Shopping,Credit Card
11-20-2024,Dominos,65.91,debit,Restaurants,Credit Card
11-20-2024,Temu,35.74,debit,Shopping,Credit Card
11-20-2024,Mama-cita,54.69,debit,Restaurants,Credit Card
11-20-2024,Boston Halal,37.02,debit,Restaurants,Credit Card
11-21-2024,Boston Shawarma,37.47,debit,Restaurants,Credit Card
11-21-2024,Mall,38.46,debit,Shopping,Credit Card
11-21-2024,Lyft,29.63,debit,Travel expenses,Credit Card
11-21-2024,Ice skating,71.9,debit,Entertainment,Credit Card
11-21-2024,Stop and Shop,229.87,debit,Grocery shopping,Credit Card
11-22-2024,Stop and Shop,250.88,debit,Grocery shopping,Credit Card
11-22-2024,Market Basket,228.07,debit,Grocery shopping,Credit Card
11-23-2024,Ace Hardware,203.09,debit,Grocery shopping,Credit Card
11-23-2024,Boston Shawarma,58,debit,Restaurants,Credit Card
11-23-2024,Boston Halal,40.92,debit,Restaurants,Credit Card
11-24-2024,Amazon,23.24,debit,Shopping,Credit Card
11-24-2024,Boston Shawarma,26.6,debit,Restaurants,Credit Card
11-24-2024,Dominos,79.06,debit,Restaurants,Credit Card
11-24-2024,Mama-cita,62.92,debit,Restaurants,Credit Card
11-25-2024,Market Basket,217.98,debit,Grocery shopping,Credit Card
11-25-2024,MBTA,16.64,debit,Travel expenses,Credit Card
11-25-2024,Lyft,31.34,debit,Travel expenses,Credit Card
11-25-2024,Uber,18.34,debit,Travel expenses,Credit Card
11-25-2024,Mama-cita,56.34,debit,Restaurants,Credit Card
11-25-2024,Boston Shawarma,31.78,debit,Restaurants,Credit Card
11-25-2024,Dominos,49.75,debit,Restaurants,Credit Card
11-26-2024,Uber,26.3,debit,Travel expenses,Credit Card
11-27-2024,AMC Boston,21.89,debit,Entertainment,Credit Card
11-27-2024,Temu,28.44,debit,Shopping,Credit Card
11-27-2024,MBTA,16.64,debit,Travel expenses,Credit Card
11-28-2024,Boston Halal,37.94,debit,Restaurants,Credit Card
11-29-2024,Boston Shawarma,73.51,debit,Restaurants,Credit Card
11-29-2024,Mall,76.28,debit,Shopping,Credit Card
11-29-2024,Uber,15.4,debit,Travel expenses,Credit Card
11-29-2024,MBTA,25.78,debit,Travel expenses,Credit Card
11-30-2024,Boston Shawarma,72.58,debit,Restaurants,Credit Card
11-30-2024,Stop and Shop,203.79,debit,Grocery shopping,Credit Card
12-01-2024,Dominos,41.38,debit,Restaurants,Credit Card
12-01-2024,Rent/ Mortgage,2000,debit,Mortgage & Rent,Savings
12-01-2024,Eversource Electricity,78,debit,Utilities,Checking
12-01-2024,National Grid Gas,64.07,debit,Utilities,Checking
12-01-2024,Heating fuel,238.67,debit,Utilities,Checking
12-01-2024,Boston Shawarma,55.81,debit,Restaurants,Credit Card
12-01-2024,Mama-cita,50.07,debit,Restaurants,Credit Card
12-01-2024,Karaoke,36.83,debit,Entertainment,Credit Card
12-01-2024,Temu,27.82,debit,Shopping,Credit Card
12-02-2024,Mall,63.22,debit,Shopping,Credit Card
12-02-2024,Market Basket,208.91,debit,Grocery shopping,Credit Card
12-02-2024,MBTA,14.58,debit,Travel expenses,Credit Card
12-02-2024,Boston Halal,51.93,debit,Restaurants,Credit Card
12-02-2024,Dominos,56.58,debit,Restaurants,Credit Card
12-02-2024,Stop and Shop,249.34,debit,Grocery shopping,Credit Card
12-02-2024,Uber,14.13,debit,Travel expenses,Credit Card
12-03-2024,Market Basket,153.23,debit,Grocery shopping,Credit Card
12-03-2024,Mama-cita,28.75,debit,Restaurants,Credit Card
12-04-2024,Boston Halal,42.58,debit,Restaurants,Credit Card
12-04-2024,Ace Hardware,177.8,debit,Grocery shopping,Credit Card
12-05-2024,AMC Boston,21.34,debit,Entertainment,Credit Card
12-05-2024,Credit Transaction,174.13,credit,Dividends,Savings
12-05-2024,Dominos,39.36,debit,Restaurants,Credit Card
12-05-2024,Credit Transaction,14.41,credit,Cashback Rewards,Savings
12-06-2024,Market Basket,232.09,debit,Grocery shopping,Credit Card
12-06-2024,Dominos,79.47,debit,Restaurants,Credit Card
12-06-2024,AMC Boston,23.55,debit,Entertainment,Credit Card
12-07-2024,Boston Halal,31.75,debit,Restaurants,Credit Card
12-07-2024,Trader Joes,200.52,debit,Grocery shopping,Credit Card
12-07-2024,Temu,56.43,debit,Shopping,Credit Card
12-07-2024,Mall,48.6,debit,Shopping,Credit Card
12-08-2024,Boston Shawarma,67.44,debit,Restaurants,Credit Card
12-08-2024,Dominos,33.01,debit,Restaurants,Credit Card
12-08-2024,Temu,29.12,debit,Shopping,Credit Card
12-08-2024,Amazon,52.67,debit,Shopping,Credit Card
12-08-2024,Trader Joes,167.87,debit,Grocery shopping,Credit Card
12-08-2024,Boston Halal,69.17,debit,Restaurants,Credit Card
12-09-2024,Mama-cita,35.19,debit,Restaurants,Credit Card
12-10-2024,Stop and Shop,246.6,debit,Grocery shopping,Credit Card
12-10-2024,Dominos,48.48,debit,Restaurants,Credit Card
12-10-2024,Amazon,46.38,debit,Shopping,Credit Card
12-11-2024,Uber,18.65,debit,Travel expenses,Credit Card
12-11-2024,Boston Shawarma,72.85,debit,Restaurants,Credit Card
12-11-2024,Mall,73.72,debit,Shopping,Credit Card
12-11-2024,Mama-cita,38.29,debit,Restaurants,Credit Card
12-12-2024,Amazon,52.17,debit,Shopping,Credit Card
12-12-2024,Temu,39.1,debit,Shopping,Credit Card
12-12-2024,Mall,23.35,debit,Shopping,Credit Card
12-13-2024,Monthly direct deposit - Salary,8103,credit,Salary,Savings
12-13-2024,Temu,30.02,debit,Shopping,Credit Card
12-13-2024,MBTA,25.79,debit,Travel expenses,Credit Card
12-14-2024,MBTA,16.8,debit,Travel expenses,Credit Card
12-14-2024,Ice skating,64.31,debit,Entertainment,Credit Card
12-14-2024,Dominos,76.16,debit,Restaurants,Credit Card
12-14-2024,Stop and Shop,161.58,debit,Grocery shopping,Credit Card
12-15-2024,MBTA,12.04,debit,Travel expenses,Credit Card
12-15-2024,Uber,23.83,debit,Travel expenses,Credit Card
12-16-2024,Boston Halal,25.86,debit,Restaurants,Credit Card
12-16-2024,StandUp show,53.79,debit,Entertainment,Credit Card
12-17-2024,Mall,78.76,debit,Shopping,Credit Card
12-17-2024,Mama-cita,72.11,debit,Restaurants,Credit Card
12-18-2024,Mall,78.1,debit,Shopping,Credit Card
12-18-2024,Mama-cita,79.15,debit,Restaurants,Credit Card
12-18-2024,Ace Hardware,173.46,debit,Grocery shopping,Credit Card
12-18-2024,Boston Shawarma,27.87,debit,Restaurants,Credit Card
12-19-2024,MBTA,10.8,debit,Travel expenses,Credit Card
12-19-2024,Ace Hardware,181.04,debit,Grocery shopping,Credit Card
12-19-2024,Amazon,22.91,debit,Shopping,Credit Card
12-19-2024,Trader Joes,228.33,debit,Grocery shopping,Credit Card
12-20-2024,Mama-cita,33.7,debit,Restaurants,Credit Card
12-20-2024,Karaoke,53.53,debit,Entertainment,Credit Card
12-20-2024,Boston Shawarma,25.71,debit,Restaurants,Credit Card
12-20-2024,Dominos,75.82,debit,Restaurants,Credit Card
12-21-2024,Dominos,51.45,debit,Restaurants,Credit Card
12-21-2024,Amazon,28.96,debit,Shopping,Credit Card
12-21-2024,Mama-cita,28.41,debit,Restaurants,Credit Card
12-21-2024,Karaoke,34.67,debit,Entertainment,Credit Card
12-22-2024,Temu,54.99,debit,Shopping,Credit Card
12-22-2024,Dominos,64.08,debit,Restaurants,Credit Card
12-22-2024,Mall,36.49,debit,Shopping,Credit Card
12-23-2024,MBTA,26.12,debit,Travel expenses,Credit Card
12-23-2024,Amazon,31.92,debit,Shopping,Credit Card
12-23-2024,Trader Joes,245.84,debit,Grocery shopping,Credit Card
12-24-2024,Boston Halal,27.62,debit,Restaurants,Credit Card
12-24-2024,Temu,75.44,debit,Shopping,Credit Card
12-24-2024,Boston Shawarma,71.55,debit,Restaurants,Credit Card
12-24-2024,Dominos,54.37,debit,Restaurants,Credit Card
12-25-2024,Market Basket,235.26,debit,Grocery shopping,Credit Card
12-25-2024,Temu,78.74,debit,Shopping,Credit Card
12-26-2024,Dominos,44.07,debit,Restaurants,Credit Card
12-26-2024,Amazon,46.51,debit,Shopping,Credit Card
12-26-2024,Mall,55.6,debit,Shopping,Credit Card
12-27-2024,Karaoke,71.19,debit,Entertainment,Credit Card
12-27-2024,Mall,33.61,debit,Shopping,Credit Card
12-27-2024,Market Basket,156.24,debit,Grocery shopping,Credit Card
12-27-2024,MBTA,29.79,debit,Travel expenses,Credit Card
12-27-2024,Boston Shawarma,51.97,debit,Restaurants,Credit Card
12-28-2024,Market Basket,234.05,debit,Grocery shopping,Credit Card
12-28-2024,Ace Hardware,177.24,debit,Grocery shopping,Credit Card
12-28-2024,Dominos,78.79,debit,Restaurants,Credit Card
12-28-2024,Mall,45.26,debit,Shopping,Credit Card
12-28-2024,Lyft,21.36,debit,Travel expenses,Credit Card
12-28-2024,Uber,11.85,debit,Travel expenses,Credit Card
12-28-2024,Amazon,46.69,debit,Shopping,Credit Card
12-29-2024,Stop and Shop,230.66,debit,Grocery shopping,Credit Card
12-29-2024,Ace Hardware,199.24,debit,Grocery shopping,Credit Card
12-29-2024,Boston Halal,26.35,debit,Restaurants,Credit Card
12-29-2024,Dominos,77.7,debit,Restaurants,Credit Card
12-30-2024,Market Basket,209.27,debit,Grocery shopping,Credit Card
12-30-2024,Ace Hardware,242.14,debit,Grocery shopping,Credit Card
12-30-2024,Dominos,80.57,debit,Restaurants,Credit Card
12-30-2024,Uber,375.36,debit,Travel expenses,Credit Card
12-31-2024,Boston Shawarma,69.56,debit,Restaurants,Credit Card
12-31-2024,MBTA,27.82,debit,Travel expenses,Credit Card
12-31-2024,Stop and Shop,222.53,debit,Grocery shopping,Credit Card
12-31-2024,Amazon,53.16,debit,Shopping,Credit Card
12-31-2024,Ace Hardware,221.28,debit,Grocery shopping,Credit Card
12-31-2024,Dominos,25.66,debit,Restaurants,Credit Card
